Brand,Model Name,Year,Price (USD),Mileage (km),Condition,City,Color,Battery (kWh),Range (km),Power (kW),0-100 km/h (s),Seller Type,Charging Type,Date Listed,Source
BYD,BYD Sealion 6,2024,45896.13150805678,18972.0,Fair,Battambang,Blue,18.3,80-100 PHEV,145,8.5,Dealer,GB-T/CCS2,24-01-2025,Synthetic (New Formula)
Zeekr,Zeekr 007,2024,64107.96342007049,30996.0,New,Phnom Penh,Blue,75/100,530-688,310,3.5,Dealer,GB-T/CCS2,16-12-2024,Synthetic (New Formula)
Hyundai,Hyundai Ioniq 5,2023,44440.538198354196,10197.0,Excellent,Siem Reap,Black,58/72.6,354-488,125,7.4,Private,GB-T/CCS2,5/2/2022,Synthetic (New Formula)
BYD,BYD Atto 2,2024,25041.44420570415,23736.0,New,Phnom Penh,Cosmos Black,45.1,312-401,130,7.9,Authorized Dealer,GB-T/CCS2,14-06-2024,Synthetic (New Formula)
BYD,BYD Tang,2025,58912.9499607801,11154.0,New,Phnom Penh,Grey,86.4/108.8,400-530,180,4.6,Authorized Dealer,GB-T/CCS2,13-02-2023,Synthetic (New Formula)
BYD,BYD Dolphin,2025,24321.366162356062,20853.0,Fair,Sihanoukville,Black,44.9/60.5,310-420,70,7.5,Authorized Dealer,GB-T/CCS2,3/4/2023,Synthetic (New Formula)
BYD,BYD Sealion 7,2022,45402.6592670107,24403.0,Like New,Kampot,White,71.8/91.3,460-567,230,4.5,Private,GB-T/CCS2,15-02-2025,Synthetic (New Formula)
Xiaomi,Xiaomi SU7,2025,79541.07296775002,37296.0,Like New,Phnom Penh,Silver,73.6/94.3,495-830,220,5.3,Dealer,GB-T/CCS2,3/12/2024,Synthetic (New Formula)
Tesla,Tesla Model Y,2024,58748.48777109274,12780.0,New,Sihanoukville,White,60/75/82,430-600,220,6.9,Dealer,GB-T/CCS2,28-12-2021,Synthetic (New Formula)
VinFast,VinFast VF 6,2022,27047.499888925046,28560.0,New,Sihanoukville,Black,59.6,399,110,,Private,GB-T/CCS2,21-11-2024,Synthetic (New Formula)
Avatr,Avatr 07,2023,51116.08407026843,27347.0,Like New,Phnom Penh,Grey,62.2/100.5,420-621,190,4.9,Dealer,GB-T/CCS2,26-05-2025,Synthetic (New Formula)
BYD,BYD Seal,2025,37031.688820484094,17388.0,Good,Phnom Penh,Green,61.4/82.5,400-550,150,3.8,Dealer,GB-T/CCS2,19-01-2024,Synthetic (New Formula)
Denza,Denza D9,2024,81677.77836302925,7924.0,Like New,Phnom Penh,Silver,103,600,230,6.9,Private,GB-T/CCS2,18-07-2024,Synthetic (New Formula)
BYD,BYD Sealion 6,2025,45687.36534909386,10329.0,New,Kampot,Blue,18.3,80-100 PHEV,145,8.5,Authorized Dealer,GB-T/CCS2,13-05-2024,Synthetic (New Formula)
MG,MG ZS EV,2024,29676.485997900978,20856.0,New,Phnom Penh,Silver,50.3/72.6,320-440,115,8.6,Private,GB-T/CCS2,25-04-2020,Synthetic (New Formula)
Nissan,Nissan Leaf,2022,31711.45806289135,47300.0,Fair,Siem Reap,Black,40/62,240-385,110,7.0,Authorized Dealer,GB-T/CCS2,23-11-2022,Synthetic (New Formula)
VinFast,VinFast VF 8,2023,47588.14738495722,39100.0,New,Phnom Penh,White,82/87.5,420-500,150,5.5,Authorized Dealer,GB-T/CCS2,17-04-2024,Synthetic (New Formula)
BMW,BMW iX1,2025,52156.3215048257,0.0,Like New,Battambang,White,64.7,417,150,8.6,Dealer,GB-T/CCS2,24-02-2023,Synthetic (New Formula)
Zeekr,Zeekr 001,2024,84276.68875162692,56784.0,New,Sihanoukville,Blue,86/100,560-620,200,3.3,Private,GB-T/CCS2,11/8/2023,Synthetic (New Formula)
AITO,AITO M5,2022,47816.03123026424,14310.0,New,Phnom Penh,Red,40,200 PHEV,200,4.8,Authorized Dealer,GB-T/CCS2,13-01-2024,Synthetic (New Formula)
Tesla,Tesla Model 3,2021,51346.81393380579,27027.0,New,Phnom Penh,White,60/82,430-576,208,6.1,Private,GB-T/CCS2,9/12/2020,Synthetic (New Formula)
Hyundai,Hyundai Ioniq 5,2024,44181.75853521648,31745.0,New,Phnom Penh,Black,58/72.6,354-488,125,7.4,Dealer,GB-T/CCS2,24-07-2023,Synthetic (New Formula)
MG,MG 4 EV,2023,29056.754284825933,38480.0,New,Phnom Penh,Pearl White,51/64/77,350-520,125,7.7,Private,GB-T/CCS2,15-10-2023,Synthetic (New Formula)
Avatr,Avatr 07,2023,49894.09263942742,29146.0,Like New,Phnom Penh,White,62.2/100.5,420-621,190,4.9,Private,GB-T/CCS2,23-08-2025,Synthetic (New Formula)
Nissan,Nissan Leaf,2022,29418.972149460715,6880.0,Excellent,Phnom Penh,Grey,40/62,240-385,110,7.0,Authorized Dealer,GB-T/CCS2,12/2/2024,Synthetic (New Formula)
BYD,BYD Dolphin,2023,24717.18216278932,2268.0,Like New,Phnom Penh,Cosmos Black,44.9/60.5,310-420,70,7.5,Dealer,GB-T/CCS2,28-07-2023,Synthetic (New Formula)
Kia,Kia EV6,2025,50110.57535634611,20658.0,Fair,Phnom Penh,White,77.4,484,168,7.1,Authorized Dealer,GB-T/CCS2,25-10-2024,Synthetic (New Formula)
AION,AION Y Plus,2024,33472.8730038943,0.0,New,Phnom Penh,Blue,51.9/63.9,410-510,150,7.8,Private,GB-T/CCS2,9/7/2024,Synthetic (New Formula)
Toyota,Toyota bZ4X,2024,45741.02987088174,7956.0,Good,Phnom Penh,Pearl White,71.4,500,150,7.1,Private,GB-T/CCS2,7/1/2023,Synthetic (New Formula)
BYD,BYD Han,2024,59500.97155258358,8998.0,Fair,Phnom Penh,White,76.9/85.4,500-610,180,3.9,Dealer,GB-T/CCS2,18-05-2025,Synthetic (New Formula)
Mercedes,Mercedes EQB,2024,73895.00149278066,43953.0,New,Siem Reap,Black,66.5,419,168,8.0,Authorized Dealer,GB-T/CCS2,18-04-2023,Synthetic (New Formula)
Toyota,Toyota bZ4X,2025,46266.820337879886,30711.0,Like New,Battambang,Silver,71.4,500,150,7.1,Authorized Dealer,GB-T/CCS2,24-05-2023,Synthetic (New Formula)
Tesla,Tesla Model 3,2025,44827.69432344506,11495.0,New,Phnom Penh,Silver,60/82,430-576,208,6.1,Private,GB-T/CCS2,22-06-2020,Synthetic (New Formula)
AION,AION Y Plus,2025,32267.403966583555,7344.0,New,Phnom Penh,Silver,51.9/63.9,410-510,150,7.8,Authorized Dealer,GB-T/CCS2,2/1/2025,Synthetic (New Formula)
Arcfox,Arcfox Koala S,2024,27175.704410101127,4164.0,New,Phnom Penh,White,42.8,301,120,8.5,Authorized Dealer,GB-T/CCS2,24-07-2024,Synthetic (New Formula)
Kia,Kia EV6,2025,50304.68839480261,14310.0,Excellent,Phnom Penh,White,77.4,484,168,7.1,Authorized Dealer,GB-T/CCS2,5/9/2022,Synthetic (New Formula)
Mercedes,Mercedes EQB,2023,65226.12964183017,10940.0,Fair,Phnom Penh,White,66.5,419,168,8.0,Authorized Dealer,GB-T/CCS2,11/12/2021,Synthetic (New Formula)
MG,MG ZS EV,2024,30171.23118026954,42372.0,New,Phnom Penh,Silver,50.3/72.6,320-440,115,8.6,Private,GB-T/CCS2,25-04-2020,Synthetic (New Formula)
Toyota,Toyota bZ4X,2024,43386.97044057143,0.0,Like New,Phnom Penh,Blue,71.4,500,150,7.1,Private,GB-T/CCS2,18-09-2025,Synthetic (New Formula)
BYD,BYD Dolphin,2024,26709.345791745873,24771.0,New,Sihanoukville,Black,44.9/60.5,310-420,70,7.5,Authorized Dealer,GB-T/CCS2,3/4/2023,Synthetic (New Formula)
MG,MG 4 EV,2024,27447.369666528768,30711.0,Like New,Kampot,Black,51/64/77,350-520,125,7.7,Authorized Dealer,GB-T/CCS2,26-05-2025,Synthetic (New Formula)
Hyundai,Hyundai Ioniq 5,2024,43401.878637206086,10080.0,Excellent,Kratie,White,58/72.6,354-488,125,7.4,Dealer,GB-T/CCS2,10/11/2022,Synthetic (New Formula)
AITO,AITO M5,2024,45626.30618072067,16928.0,Good,Kep,White,40,200 PHEV,200,4.8,Dealer,GB-T/CCS2,13-07-2024,Synthetic (New Formula)
Nissan,Nissan Leaf,2021,32140.777519579893,29551.0,Excellent,Siem Reap,Silver,40/62,240-385,110,7.0,Authorized Dealer,GB-T/CCS2,13-08-2024,Synthetic (New Formula)
BYD,BYD Atto 3,2024,28899.546364534952,0.0,Excellent,Phnom Penh,Orange,50/60.5,340-420,150,7.3,Private,GB-T/CCS2,21-04-2025,Synthetic (New Formula)
Kia,Kia EV6,2022,53350.826041209766,21014.0,Excellent,Phnom Penh,Grey,77.4,484,168,7.1,Authorized Dealer,GB-T/CCS2,19-03-2022,Synthetic (New Formula)
VinFast,VinFast VF 8,2025,42785.7393845433,9735.0,New,Phnom Penh,Black,82/87.5,420-500,150,5.5,Authorized Dealer,GB-T/CCS2,2/10/2024,Synthetic (New Formula)
AION,AION Y Plus,2024,34864.82402934245,20482.0,Good,Phnom Penh,Silver,51.9/63.9,410-510,150,7.8,Dealer,GB-T/CCS2,2/7/2025,Synthetic (New Formula)
VinFast,VinFast VF 8,2022,47998.848618094155,29636.0,New,Kratie,White,82/87.5,420-500,150,5.5,Private,GB-T/CCS2,12/5/2023,Synthetic (New Formula)
BYD,BYD Seal,2021,38868.761279942,9900.0,Excellent,Sihanoukville,Grey,61.4/82.5,400-550,150,3.8,Private,GB-T/CCS2,18-02-2025,Synthetic (New Formula)
Denza,Denza D9,2022,89232.78520242976,26102.0,Excellent,Siem Reap,White,103,600,230,6.9,Authorized Dealer,GB-T/CCS2,8/1/2023,Synthetic (New Formula)
Avatr,Avatr 07,2024,49607.92084207493,33528.0,New,Phnom Penh,Cosmos Black,62.2/100.5,420-621,190,4.9,Dealer,GB-T/CCS2,2/6/2024,Synthetic (New Formula)
Zeekr,Zeekr X,2023,55241.17959270708,30008.0,Excellent,Siem Reap,Blue,66,440,200,5.6,Authorized Dealer,GB-T/CCS2,13-08-2024,Synthetic (New Formula)
Mercedes,Mercedes EQB,2022,66118.91255210228,10630.0,Excellent,Sihanoukville,White,66.5,419,168,8.0,Authorized Dealer,GB-T/CCS2,2/11/2022,Synthetic (New Formula)
BYD,BYD Seagull,2025,20458.72493751574,38480.0,New,Siem Reap,White,30/38.88,190-305,55,,Private,GB-T/CCS2,23-02-2024,Synthetic (New Formula)
Tesla,Tesla Model 3,2023,47421.46128450232,17136.0,Like New,Kampot,Grey,60/82,430-576,208,6.1,Authorized Dealer,GB-T/CCS2,27-04-2024,Synthetic (New Formula)
BYD,BYD Seal,2025,35646.39848371239,11648.0,Like New,Phnom Penh,Grey,61.4/82.5,400-550,150,3.8,Private,GB-T/CCS2,13-06-2022,Synthetic (New Formula)
AION,AION Y Plus,2024,34300.77490744898,0.0,Excellent,Phnom Penh,Black,51.9/63.9,410-510,150,7.8,Dealer,GB-T/CCS2,17-10-2024,Synthetic (New Formula)
AITO,AITO M5,2023,45701.349589322715,9900.0,New,Kep,White,40,200 PHEV,200,4.8,Dealer,GB-T/CCS2,13-07-2024,Synthetic (New Formula)
BYD,BYD Atto 3,2024,31448.454257926776,20540.0,Like New,Battambang,Green,50/60.5,340-420,150,7.3,Private,GB-T/CCS2,3/6/2022,Synthetic (New Formula)
AITO,AITO M5,2022,44718.61157422155,4170.0,Like New,Battambang,Grey,40,200 PHEV,200,4.8,Private,GB-T/CCS2,2/1/2025,Synthetic (New Formula)
Arcfox,Arcfox Koala S,2024,28285.961893316817,33694.0,New,Phnom Penh,Black,42.8,301,120,8.5,Dealer,GB-T/CCS2,5/4/2024,Synthetic (New Formula)
BYD,BYD Atto 2,2025,23815.34468255229,18080.0,Excellent,Phnom Penh,Black,45.1,312-401,130,7.9,Authorized Dealer,GB-T/CCS2,15-03-2024,Synthetic (New Formula)
Toyota,Toyota bZ4X,2023,47611.991860679744,14235.0,Like New,Phnom Penh,Black,71.4,500,150,7.1,Dealer,GB-T/CCS2,23-08-2023,Synthetic (New Formula)
AITO,AITO M7,2024,60639.5590074252,19152.0,Like New,Phnom Penh,Grey,40,200 PHEV,330,4.8,Dealer,GB-T/CCS2,18-04-2024,Synthetic (New Formula)
AION,AION V,2024,41101.29325525519,17323.0,New,Phnom Penh,Black,68.8/80,480-610,165,7.1,Dealer,GB-T/CCS2,28-12-2024,Synthetic (New Formula)
MG,MG 4 EV,2024,27595.17097225494,44820.0,Excellent,Phnom Penh,Grey,51/64/77,350-520,125,7.7,Dealer,GB-T/CCS2,26-01-2024,Synthetic (New Formula)
Tesla,Tesla Model 3,2022,48902.01450971474,20328.0,Excellent,Koh Kong,White,60/82,430-576,208,6.1,Private,GB-T/CCS2,3/5/2023,Synthetic (New Formula)
Hyundai,Hyundai Ioniq 5,2025,44744.2075839216,25146.0,Fair,Phnom Penh,Grey,58/72.6,354-488,125,7.4,Authorized Dealer,GB-T/CCS2,3/12/2021,Synthetic (New Formula)
Hyundai,Hyundai Ioniq 5,2020,50558.705724685075,45360.0,New,Siem Reap,Black,58/72.6,354-488,125,7.4,Private,GB-T/CCS2,5/2/2022,Synthetic (New Formula)
Avatr,Avatr 07,2021,51749.20664850626,41750.0,New,Sihanoukville,Black,62.2/100.5,420-621,190,4.9,Private,GB-T/CCS2,25-09-2024,Synthetic (New Formula)
Avatr,Avatr 12,2021,67650.33886107105,26680.0,New,Kampong Cham,White,94.5,650,230,3.9,Dealer,GB-T/CCS2,3/4/2025,Synthetic (New Formula)
Kia,Kia EV6,2022,49677.49568775643,8073.0,Excellent,Phnom Penh,Blue,77.4,484,168,7.1,Private,GB-T/CCS2,3/7/2024,Synthetic (New Formula)
Hyundai,Hyundai Ioniq 6,2023,60836.89769866302,48256.0,Fair,Phnom Penh,Silver,53/77.4,429-614,151,8.1,Authorized Dealer,GB-T/CCS2,21-01-2025,Synthetic (New Formula)
VinFast,VinFast VF 8,2025,47197.34709737718,56880.0,Good,Phnom Penh,White,82/87.5,420-500,150,5.5,Authorized Dealer,GB-T/CCS2,15-12-2022,Synthetic (New Formula)
BYD,BYD Han,2025,62730.4684908851,28730.0,New,Kep,White,76.9/85.4,500-610,180,3.9,Authorized Dealer,GB-T/CCS2,23-05-2023,Synthetic (New Formula)
Tesla,Tesla Model Y,2025,56378.62688131418,6228.0,New,Phnom Penh,White,60/75/82,430-600,220,6.9,Private,GB-T/CCS2,14-05-2022,Synthetic (New Formula)
MG,MG 5,2025,22607.738118155787,32310.0,Good,Phnom Penh,Black,61.1,403,130,7.7,Dealer,GB-T/CCS2,16-09-2025,Synthetic (New Formula)
AITO,AITO M5,2024,46181.15827416943,10790.0,Excellent,Phnom Penh,Red,40,200 PHEV,200,4.8,Authorized Dealer,GB-T/CCS2,2/9/2022,Synthetic (New Formula)
BMW,BMW iX1,2024,62026.36333927514,52118.0,Like New,Siem Reap,Black,64.7,417,150,8.6,Authorized Dealer,GB-T/CCS2,14-05-2023,Synthetic (New Formula)
BYD,BYD Seagull,2025,20763.780798629825,38484.0,Excellent,Kampong Cham,Red,30/38.88,190-305,55,,Dealer,GB-T/CCS2,4/7/2025,Synthetic (New Formula)
MG,MG 4 EV,2024,25992.869789832203,26675.0,New,Battambang,Black,51/64/77,350-520,125,7.7,Private,GB-T/CCS2,13-11-2022,Synthetic (New Formula)
BYD,BYD Atto 3,2025,29091.85975385611,20016.0,New,Battambang,Red,50/60.5,340-420,150,7.3,Dealer,GB-T/CCS2,25-07-2025,Synthetic (New Formula)
BYD,BYD Tang,2024,66154.20468698542,33528.0,New,Sihanoukville,Silver,86.4/108.8,400-530,180,4.6,Authorized Dealer,GB-T/CCS2,5/5/2021,Synthetic (New Formula)
XPeng,XPeng G6,2025,41813.77914038247,1185.0,New,Battambang,Red,66/87.5,435-570,190,6.2,Private,GB-T/CCS2,25-03-2023,Synthetic (New Formula)
VinFast,VinFast VF 8,2021,45266.9419479422,1183.0,New,Phnom Penh,White,82/87.5,420-500,150,5.5,Authorized Dealer,GB-T/CCS2,17-04-2024,Synthetic (New Formula)
BYD,BYD M9,2024,69871.57567195414,63056.0,New,Phnom Penh,Blue,52,180 PHEV,180,,Authorized Dealer,GB-T/CCS2,11/4/2025,Synthetic (New Formula)
Toyota,Toyota bZ4X,2025,46251.19708209478,22960.0,New,Phnom Penh,Grey,71.4,500,150,7.1,Dealer,GB-T/CCS2,23-06-2022,Synthetic (New Formula)
BYD,BYD Tang,2024,66378.96484126289,25564.0,Excellent,Phnom Penh,Black,86.4/108.8,400-530,180,4.6,Authorized Dealer,GB-T/CCS2,23-10-2020,Synthetic (New Formula)
MG,MG ZS EV,2025,29071.390377904234,25048.0,Good,Phnom Penh,Silver,50.3/72.6,320-440,115,8.6,Dealer,GB-T/CCS2,10/4/2022,Synthetic (New Formula)
BMW,BMW iX1,2022,59875.26236481439,8832.0,Like New,Siem Reap,Grey,64.7,417,150,8.6,Dealer,GB-T/CCS2,19-10-2024,Synthetic (New Formula)
AITO,AITO M5,2025,43389.05655837384,0.0,Like New,Battambang,Grey,40,200 PHEV,200,4.8,Authorized Dealer,GB-T/CCS2,10/7/2025,Synthetic (New Formula)
Zeekr,Zeekr 001,2023,73101.00788571709,8992.0,Excellent,Phnom Penh,Blue,86/100,560-620,200,3.3,Dealer,GB-T/CCS2,16-10-2024,Synthetic (New Formula)
Hyundai,Hyundai Ioniq 6,2021,59113.62502712341,27412.0,Good,Phnom Penh,White,53/77.4,429-614,151,8.1,Dealer,GB-T/CCS2,3/5/2023,Synthetic (New Formula)
AITO,AITO M5,2024,46685.280599010475,39558.0,Like New,Battambang,White,40,200 PHEV,200,4.8,Private,GB-T/CCS2,24-06-2022,Synthetic (New Formula)
BMW,BMW iX1,2024,56377.43057896632,25029.0,New,Phnom Penh,Black,64.7,417,150,8.6,Authorized Dealer,GB-T/CCS2,23-08-2022,Synthetic (New Formula)
Kia,Kia EV5,2021,37510.08071296735,14310.0,Excellent,Preah Vihear,Grey,64.2/88,400-600,160,7.5,Dealer,GB-T/CCS2,12/3/2023,Synthetic (New Formula)
BYD,BYD Seagull,2023,19250.92327740211,8030.0,Like New,Kampong Cham,Red,30/38.88,190-305,55,,Dealer,GB-T/CCS2,4/7/2025,Synthetic (New Formula)
BYD,BYD Dolphin,2024,25549.942542420125,7928.0,Like New,Phnom Penh,White,44.9/60.5,310-420,70,7.5,Authorized Dealer,GB-T/CCS2,12/2/2025,Synthetic (New Formula)
MG,MG ZS EV,2022,33828.57790694121,72513.0,Excellent,Siem Reap,Grey,50.3/72.6,320-440,115,8.6,Private,GB-T/CCS2,5/5/2021,Synthetic (New Formula)
Tesla,Tesla Model 3,2021,54290.93977834189,51168.0,New,Phnom Penh,White,60/82,430-576,208,6.1,Private,GB-T/CCS2,1/2/2023,Synthetic (New Formula)
BYD,BYD Seagull,2022,23352.30917712346,41750.0,New,Phnom Penh,Grey,30/38.88,190-305,55,,Authorized Dealer,GB-T/CCS2,12/9/2023,Synthetic (New Formula)
BYD,BYD Han,2022,66790.80579603737,44820.0,Excellent,Phnom Penh,Black,76.9/85.4,500-610,180,3.9,Private,GB-T/CCS2,2/2/2022,Synthetic (New Formula)
Mercedes,Mercedes EQB,2021,74558.00618786093,35598.0,New,Phnom Penh,Black,66.5,419,168,8.0,Private,GB-T/CCS2,5/6/2021,Synthetic (New Formula)
AITO,AITO M7,2023,59968.64605844625,28560.0,Good,Kampong Cham,White,40,200 PHEV,330,4.8,Dealer,GB-T/CCS2,1/7/2025,Synthetic (New Formula)
Leapmotor,Leapmotor T03,2020,14125.604316170318,14235.0,Fair,Siem Reap,Grey,41.3,403,80,,Authorized Dealer,GB-T/CCS2,1/8/2022,Synthetic (New Formula)
BYD,BYD Sealion 6,2023,43606.292168732914,0.0,Like New,Phnom Penh,Black,18.3,80-100 PHEV,145,8.5,Authorized Dealer,GB-T/CCS2,7/2/2024,Synthetic (New Formula)
AION,AION ES,2025,30601.66815894983,29551.0,Like New,Sihanoukville,Blue,55.6,410,150,7.5,Authorized Dealer,GB-T/CCS2,8/6/2024,Synthetic (New Formula)
Avatr,Avatr 12,2022,70395.39630095272,28106.0,New,Kampong Cham,White,94.5,650,230,3.9,Dealer,GB-T/CCS2,3/4/2025,Synthetic (New Formula)
BYD,BYD Atto 3,2022,33049.107566443236,56880.0,New,Sihanoukville,White,50/60.5,340-420,150,7.3,Dealer,GB-T/CCS2,26-01-2023,Synthetic (New Formula)
Tesla,Tesla Model Y,2022,61064.674705040845,3444.0,New,Phnom Penh,Blue,60/75/82,430-600,220,6.9,Private,GB-T/CCS2,17-08-2022,Synthetic (New Formula)
Mercedes,Mercedes EQB,2024,64707.002696157666,11984.0,Excellent,Phnom Penh,Black,66.5,419,168,8.0,Private,GB-T/CCS2,5/6/2021,Synthetic (New Formula)
AITO,AITO M7,2022,62318.85703260204,31528.0,Fair,Battambang,Grey,40,200 PHEV,330,4.8,Dealer,GB-T/CCS2,16-04-2023,Synthetic (New Formula)
AITO,AITO M7,2024,57879.95706497753,26102.0,Excellent,Phnom Penh,White,40,200 PHEV,330,4.8,Authorized Dealer,GB-T/CCS2,5/2/2022,Synthetic (New Formula)
Tesla,Tesla Model 3,2022,48364.668707387114,7928.0,New,Kep,Black,60/82,430-576,208,6.1,Authorized Dealer,GB-T/CCS2,23-07-2024,Synthetic (New Formula)
BYD,BYD Atto 3,2024,30534.218727897325,33012.0,Like New,Battambang,Red,50/60.5,340-420,150,7.3,Dealer,GB-T/CCS2,25-07-2025,Synthetic (New Formula)
AION,AION V,2020,42293.11704927622,1183.0,Excellent,Phnom Penh,Silver,68.8/80,480-610,165,7.1,Dealer,GB-T/CCS2,7/6/2024,Synthetic (New Formula)
Avatr,Avatr 12,2023,73869.21756336301,63056.0,Like New,Phnom Penh,White,94.5,650,230,3.9,Authorized Dealer,GB-T/CCS2,1/1/2025,Synthetic (New Formula)
Leapmotor,Leapmotor T03,2024,15193.450797164434,57869.0,Like New,Sihanoukville,Blue,41.3,403,80,,Dealer,GB-T/CCS2,4/11/2022,Synthetic (New Formula)
Kia,Kia EV5,2025,34837.18569780587,11495.0,Like New,Phnom Penh,White,64.2/88,400-600,160,7.5,Dealer,GB-T/CCS2,17-07-2025,Synthetic (New Formula)
AION,AION Y Plus,2024,34094.04384943103,24465.0,Excellent,Phnom Penh,Black,51.9/63.9,410-510,150,7.8,Private,GB-T/CCS2,4/4/2025,Synthetic (New Formula)
BYD,BYD Sealion 6,2023,44929.29860106767,0.0,Good,Phnom Penh,White,18.3,80-100 PHEV,145,8.5,Dealer,GB-T/CCS2,10/6/2023,Synthetic (New Formula)
Toyota,Toyota bZ4X,2024,47418.25033099706,24465.0,Fair,Phnom Penh,Blue,71.4,500,150,7.1,Private,GB-T/CCS2,18-09-2025,Synthetic (New Formula)
AITO,AITO M7,2025,63364.53284508884,40788.0,Good,Kampong Cham,White,40,200 PHEV,330,4.8,Dealer,GB-T/CCS2,1/7/2025,Synthetic (New Formula)
Kia,Kia EV5,2024,37295.28103528052,11605.0,New,Preah Vihear,Grey,64.2/88,400-600,160,7.5,Dealer,GB-T/CCS2,12/3/2023,Synthetic (New Formula)
MG,MG 5,2025,22858.657740947034,31590.0,New,Kep,Red,61.1,403,130,7.7,Dealer,GB-T/CCS2,23-09-2020,Synthetic (New Formula)
Deepal,Deepal S07,2023,56463.02325840513,17594.0,Like New,Phnom Penh,White,31.6/80,200 PHEV,190,6.7,Dealer,GB-T/CCS2,24-09-2024,Synthetic (New Formula)
BYD,BYD Seagull,2023,20819.825988898992,36686.0,New,Phnom Penh,White,30/38.88,190-305,55,,Dealer,GB-T/CCS2,11/5/2024,Synthetic (New Formula)
XPeng,XPeng G6,2022,46325.79014772336,7455.0,New,Kampot,Red,66/87.5,435-570,190,6.2,Private,GB-T/CCS2,3/1/2024,Synthetic (New Formula)
MG,MG 4 EV,2024,24481.951349723982,7288.0,New,Siem Reap,Silver,51/64/77,350-520,125,7.7,Dealer,GB-T/CCS2,15-07-2023,Synthetic (New Formula)
Kia,Kia EV6,2024,47126.45441901319,0.0,Like New,Phnom Penh,Black,77.4,484,168,7.1,Dealer,GB-T/CCS2,20-06-2022,Synthetic (New Formula)
BYD,BYD Seal,2023,37556.628639238086,35598.0,Excellent,Phnom Penh,Cosmos Black,61.4/82.5,400-550,150,3.8,Private,GB-T/CCS2,8/8/2023,Synthetic (New Formula)
Leapmotor,Leapmotor T03,2021,14661.345111892293,29682.0,Fair,Phnom Penh,Blue,41.3,403,80,,Dealer,GB-T/CCS2,19-08-2023,Synthetic (New Formula)
AION,AION V,2025,38028.66166168897,5316.0,Like New,Phnom Penh,Black,68.8/80,480-610,165,7.1,Private,GB-T/CCS2,15-02-2025,Synthetic (New Formula)
Leapmotor,Leapmotor T03,2022,12682.417452932945,1766.0,Like New,Siem Reap,Grey,41.3,403,80,,Authorized Dealer,GB-T/CCS2,1/8/2022,Synthetic (New Formula)
BYD,BYD Dolphin,2025,27186.042650990705,56524.0,New,Phnom Penh,White,44.9/60.5,310-420,70,7.5,Authorized Dealer,GB-T/CCS2,12/2/2025,Synthetic (New Formula)
AION,AION V,2022,40380.98535937794,0.0,Excellent,Phnom Penh,Black,68.8/80,480-610,165,7.1,Dealer,GB-T/CCS2,28-12-2024,Synthetic (New Formula)
VinFast,VinFast VF 8,2023,43910.80117837669,1766.0,Like New,Kratie,White,82/87.5,420-500,150,5.5,Private,GB-T/CCS2,12/5/2023,Synthetic (New Formula)
VinFast,VinFast VF 6,2025,30700.081922991405,72513.0,Good,Sihanoukville,Black,59.6,399,110,,Private,GB-T/CCS2,21-11-2024,Synthetic (New Formula)
Mercedes,Mercedes EQB,2023,68446.04250117004,0.0,New,Kampot,Cosmos Black,66.5,419,168,8.0,Dealer,GB-T/CCS2,16-02-2022,Synthetic (New Formula)
VinFast,VinFast VF 8,2025,42349.117691382104,13024.0,New,Kampong Cham,Blue,82/87.5,420-500,150,5.5,Dealer,GB-T/CCS2,12/5/2025,Synthetic (New Formula)
Toyota,Toyota bZ4X,2025,46105.7028273143,34545.0,New,Phnom Penh,Black,71.4,500,150,7.1,Authorized Dealer,GB-T/CCS2,11/9/2022,Synthetic (New Formula)
Kia,Kia EV5,2023,35275.02115113755,15330.0,New,Preah Vihear,Grey,64.2/88,400-600,160,7.5,Dealer,GB-T/CCS2,12/3/2023,Synthetic (New Formula)
Tesla,Tesla Model 3,2023,49490.41896284502,25564.0,Excellent,Phnom Penh,Silver,60/82,430-576,208,6.1,Private,GB-T/CCS2,22-06-2020,Synthetic (New Formula)
Tesla,Tesla Model Y,2021,60865.969346307334,5745.0,New,Phnom Penh,Green,60/75/82,430-600,220,6.9,Authorized Dealer,GB-T/CCS2,14-05-2024,Synthetic (New Formula)
AITO,AITO M5,2025,46068.88015777042,28210.0,New,Battambang,White,40,200 PHEV,200,4.8,Authorized Dealer,GB-T/CCS2,11/11/2023,Synthetic (New Formula)
Denza,Denza D9,2023,87998.81097393249,38760.0,Excellent,Phnom Penh,Pearl White,103,600,230,6.9,Authorized Dealer,GB-T/CCS2,16-08-2025,Synthetic (New Formula)
Hyundai,Hyundai Ioniq 5,2025,41787.39498810861,10790.0,Like New,Phnom Penh,Blue,58/72.6,354-488,125,7.4,Authorized Dealer,GB-T/CCS2,9/2/2025,Synthetic (New Formula)
Kia,Kia EV9,2025,86800.40963882911,55016.0,Excellent,Phnom Penh,Black,99.8,541,283,5.3,Dealer,GB-T/CCS2,15-09-2023,Synthetic (New Formula)
VinFast,VinFast VF 9,2024,68995.2118142759,26130.0,Excellent,Siem Reap,Black,123,438,300,6.5,Private,GB-T/CCS2,21-07-2024,Synthetic (New Formula)
Avatr,Avatr 07,2025,46721.28669125824,23550.0,Excellent,Sihanoukville,Black,62.2/100.5,420-621,190,4.9,Private,GB-T/CCS2,25-09-2024,Synthetic (New Formula)
Zeekr,Zeekr 001,2025,73027.19878266592,29172.0,Like New,Phnom Penh,Silver,86/100,560-620,200,3.3,Private,GB-T/CCS2,15-12-2022,Synthetic (New Formula)
Nissan,Nissan Leaf,2022,29128.23742286487,17616.0,New,Koh Kong,White,40/62,240-385,110,7.0,Authorized Dealer,GB-T/CCS2,25-01-2025,Synthetic (New Formula)
Tesla,Tesla Model Y,2021,67612.73333656802,45360.0,Fair,Phnom Penh,Green,60/75/82,430-600,220,6.9,Authorized Dealer,GB-T/CCS2,14-05-2024,Synthetic (New Formula)
Kia,Kia EV5,2023,39189.74934848927,37296.0,New,Siem Reap,Grey,64.2/88,400-600,160,7.5,Authorized Dealer,GB-T/CCS2,23-12-2023,Synthetic (New Formula)
Denza,Denza D9,2023,93346.36471156726,35280.0,Like New,Phnom Penh,Blue,103,600,230,6.9,Dealer,GB-T/CCS2,8/10/2024,Synthetic (New Formula)
Toyota,Toyota bZ4X,2021,50048.41524400788,19343.0,Like New,Phnom Penh,Grey,71.4,500,150,7.1,Dealer,GB-T/CCS2,23-06-2022,Synthetic (New Formula)
Kia,Kia EV5,2024,38112.81927045831,25164.0,Good,Phnom Penh,Black,64.2/88,400-600,160,7.5,Authorized Dealer,GB-T/CCS2,8/9/2023,Synthetic (New Formula)
BYD,BYD Seal 5,2023,21783.64921514865,7980.0,Like New,Preah Vihear,White,15.8,80 PHEV,110,7.9,Authorized Dealer,GB-T/CCS2,1/5/2024,Synthetic (New Formula)
BMW,BMW iX1,2024,53113.74639817562,0.0,Excellent,Sihanoukville,Silver,64.7,417,150,8.6,Authorized Dealer,GB-T/CCS2,12/4/2024,Synthetic (New Formula)
Avatr,Avatr 11,2025,64639.57775480551,16282.0,Good,Sihanoukville,Green,90/116,555-700,230,3.9,Dealer,GB-T/CCS2,4/11/2022,Synthetic (New Formula)
AION,AION Y Plus,2022,34260.765384545215,6060.0,Excellent,Phnom Penh,Black,51.9/63.9,410-510,150,7.8,Private,GB-T/CCS2,4/4/2025,Synthetic (New Formula)
Hyundai,Hyundai Ioniq 5,2023,47252.83962105087,15418.0,New,Kampong Cham,Grey,58/72.6,354-488,125,7.4,Dealer,GB-T/CCS2,20-06-2021,Synthetic (New Formula)
Mercedes,Mercedes EQB,2025,59728.17549560853,1128.0,Good,Phnom Penh,Silver,66.5,419,168,8.0,Authorized Dealer,GB-T/CCS2,24-01-2023,Synthetic (New Formula)
AITO,AITO M5,2024,52192.4501237341,55440.0,New,Phnom Penh,Red,40,200 PHEV,200,4.8,Authorized Dealer,GB-T/CCS2,13-01-2024,Synthetic (New Formula)
AITO,AITO M5,2023,44240.231627610796,0.0,Excellent,Phnom Penh,Grey,40,200 PHEV,200,4.8,Dealer,GB-T/CCS2,6/4/2024,Synthetic (New Formula)
BYD,BYD Seal 5,2025,22647.577634340134,24248.0,Excellent,Preah Vihear,White,15.8,80 PHEV,110,7.9,Authorized Dealer,GB-T/CCS2,1/5/2024,Synthetic (New Formula)
BYD,BYD Seal,2023,39323.654273659726,26280.0,Excellent,Phnom Penh,Grey,61.4/82.5,400-550,150,3.8,Private,GB-T/CCS2,13-06-2022,Synthetic (New Formula)
BYD,BYD Seal 5,2024,22262.782250623324,20540.0,New,Preah Vihear,White,15.8,80 PHEV,110,7.9,Authorized Dealer,GB-T/CCS2,1/5/2024,Synthetic (New Formula)
BYD,BYD Atto 3,2021,32953.89922191599,25164.0,Like New,Battambang,Green,50/60.5,340-420,150,7.3,Private,GB-T/CCS2,3/6/2022,Synthetic (New Formula)
Tesla,Tesla Model Y,2025,55774.21674099666,11304.0,Like New,Phnom Penh,Cosmos Black,60/75/82,430-600,220,6.9,Authorized Dealer,GB-T/CCS2,2/1/2023,Synthetic (New Formula)
Arcfox,Arcfox Koala S,2023,28272.517310133684,17616.0,Good,Phnom Penh,Black,42.8,301,120,8.5,Dealer,GB-T/CCS2,5/4/2024,Synthetic (New Formula)
Tesla,Tesla Model Y,2023,60191.06057992491,15674.0,Good,Phnom Penh,Green,60/75/82,430-600,220,6.9,Authorized Dealer,GB-T/CCS2,14-05-2024,Synthetic (New Formula)
AITO,AITO M5,2025,43172.58454880818,11984.0,New,Battambang,White,40,200 PHEV,200,4.8,Authorized Dealer,GB-T/CCS2,11/11/2023,Synthetic (New Formula)
AITO,AITO M7,2020,59035.643446925984,0.0,New,Phnom Penh,Black,40,200 PHEV,330,4.8,Dealer,GB-T/CCS2,25-07-2024,Synthetic (New Formula)
BYD,BYD M9,2021,64883.583499593995,944.0,New,Phnom Penh,Black,52,180 PHEV,180,,Private,GB-T/CCS2,4/7/2025,Synthetic (New Formula)
BYD,BYD Han,2024,62482.323216141864,9536.0,Excellent,Kep,White,76.9/85.4,500-610,180,3.9,Authorized Dealer,GB-T/CCS2,23-05-2023,Synthetic (New Formula)
Zeekr,Zeekr 001,2024,75060.20573675932,17493.0,Like New,Phnom Penh,White,86/100,560-620,200,3.3,Private,GB-T/CCS2,19-01-2024,Synthetic (New Formula)
Kia,Kia EV6,2021,50568.14320994213,0.0,Good,Phnom Penh,Blue,77.4,484,168,7.1,Dealer,GB-T/CCS2,14-05-2023,Synthetic (New Formula)
Zeekr,Zeekr 007,2022,65729.48740316839,7928.0,New,Phnom Penh,Silver,75/100,530-688,310,3.5,Dealer,GB-T/CCS2,12/8/2025,Synthetic (New Formula)
Tesla,Tesla Model 3,2023,47978.802608010024,4308.0,New,Siem Reap,White,60/82,430-576,208,6.1,Dealer,GB-T/CCS2,2/8/2023,Synthetic (New Formula)
MG,MG 5,2025,23992.743096920934,54229.0,New,Siem Reap,White,61.1,403,130,7.7,Dealer,GB-T/CCS2,19-06-2024,Synthetic (New Formula)
BYD,BYD Sealion 7,2024,41071.42702773018,10710.0,Like New,Phnom Penh,Silver,71.8/91.3,460-567,230,4.5,Dealer,GB-T/CCS2,11/5/2025,Synthetic (New Formula)
AITO,AITO M7,2024,65012.10163597762,41940.0,Excellent,Phnom Penh,White,40,200 PHEV,330,4.8,Private,GB-T/CCS2,7/1/2024,Synthetic (New Formula)
Hyundai,Hyundai Ioniq 6,2023,55086.819116445986,9207.0,New,Phnom Penh,White,53/77.4,429-614,151,8.1,Dealer,GB-T/CCS2,12/7/2024,Synthetic (New Formula)
Hyundai,Hyundai Ioniq 5,2025,45803.57477352349,27347.0,Like New,Phnom Penh,Black,58/72.6,354-488,125,7.4,Private,GB-T/CCS2,13-05-2024,Synthetic (New Formula)
Tesla,Tesla Model 3,2023,48501.452024297534,18080.0,New,Kampot,Blue,60/82,430-576,208,6.1,Private,GB-T/CCS2,13-04-2022,Synthetic (New Formula)
Mercedes,Mercedes EQB,2025,59053.083938468335,3408.0,Like New,Siem Reap,Black,66.5,419,168,8.0,Authorized Dealer,GB-T/CCS2,18-04-2023,Synthetic (New Formula)
MG,MG ZS EV,2023,28030.55028778853,14922.0,Good,Siem Reap,White,50.3/72.6,320-440,115,8.6,Authorized Dealer,GB-T/CCS2,14-09-2023,Synthetic (New Formula)
Tesla,Tesla Model 3,2023,51046.6149103773,20540.0,New,Phnom Penh,White,60/82,430-576,208,6.1,Private,GB-T/CCS2,1/2/2023,Synthetic (New Formula)
BYD,BYD Sealion 7,2024,42621.60151450111,0.0,Like New,Phnom Penh,Blue,71.8/91.3,460-567,230,4.5,Authorized Dealer,GB-T/CCS2,11/8/2025,Synthetic (New Formula)
MG,MG 5,2025,21675.152627532323,20196.0,Good,Siem Reap,Black,61.1,403,130,7.7,Authorized Dealer,GB-T/CCS2,9/5/2025,Synthetic (New Formula)
VinFast,VinFast VF 6,2025,25406.006103111,19596.0,New,Phnom Penh,Grey,59.6,399,110,,Private,GB-T/CCS2,16-09-2023,Synthetic (New Formula)
Xiaomi,Xiaomi SU7,2025,78212.93070934831,7924.0,New,Phnom Penh,White,73.6/94.3,495-830,220,5.3,Authorized Dealer,GB-T/CCS2,20-03-2024,Synthetic (New Formula)
VinFast,VinFast VF 8,2023,42588.977161277035,14196.0,Fair,Phnom Penh,Silver,82/87.5,420-500,150,5.5,Private,GB-T/CCS2,12/8/2025,Synthetic (New Formula)
AITO,AITO M7,2025,53930.412172800534,3300.0,Excellent,Phnom Penh,Black,40,200 PHEV,330,4.8,Dealer,GB-T/CCS2,25-07-2024,Synthetic (New Formula)
VinFast,VinFast VF 8,2023,43059.76061621324,0.0,Fair,Phnom Penh,Black,82/87.5,420-500,150,5.5,Authorized Dealer,GB-T/CCS2,2/10/2024,Synthetic (New Formula)
Mercedes,Mercedes EQB,2024,64901.27761976343,23575.0,Good,Siem Reap,Black,66.5,419,168,8.0,Authorized Dealer,GB-T/CCS2,18-04-2023,Synthetic (New Formula)
MG,MG ZS EV,2024,30839.627485815894,43475.0,New,Phnom Penh,Silver,50.3/72.6,320-440,115,8.6,Dealer,GB-T/CCS2,21-10-2024,Synthetic (New Formula)
MG,MG ZS EV,2023,28885.11692828917,8728.0,New,Phnom Penh,White,50.3/72.6,320-440,115,8.6,Private,GB-T/CCS2,10/1/2025,Synthetic (New Formula)
BMW,BMW iX1,2020,70119.93365008666,55944.0,Excellent,Phnom Penh,Silver,64.7,417,150,8.6,Private,GB-T/CCS2,7/4/2022,Synthetic (New Formula)
AION,AION ES,2025,30168.204891858622,866.0,New,Phnom Penh,White,55.6,410,150,7.5,Authorized Dealer,GB-T/CCS2,2/5/2025,Synthetic (New Formula)
VinFast,VinFast VF 8,2024,42023.10233942433,1846.0,New,Phnom Penh,White,82/87.5,420-500,150,5.5,Authorized Dealer,GB-T/CCS2,15-12-2022,Synthetic (New Formula)
Toyota,Toyota bZ4X,2024,45514.81630479242,2268.0,New,Phnom Penh,Black,71.4,500,150,7.1,Authorized Dealer,GB-T/CCS2,11/9/2022,Synthetic (New Formula)
MG,MG 4 EV,2025,24794.218140505804,30996.0,Like New,Kampot,Blue,51/64/77,350-520,125,7.7,Authorized Dealer,GB-T/CCS2,20-05-2021,Synthetic (New Formula)
Zeekr,Zeekr 001,2024,73239.39875445675,8973.0,Excellent,Phnom Penh,Green,86/100,560-620,200,3.3,Private,GB-T/CCS2,22-11-2023,Synthetic (New Formula)
Hyundai,Hyundai Ioniq 6,2024,51861.16922903757,5755.0,New,Kampong Cham,Grey,53/77.4,429-614,151,8.1,Private,GB-T/CCS2,25-08-2025,Synthetic (New Formula)
Kia,Kia EV9,2025,74104.97372239167,22885.0,Like New,Phnom Penh,Cosmos Black,99.8,541,283,5.3,Dealer,GB-T/CCS2,15-08-2024,Synthetic (New Formula)
MG,MG ZS EV,2023,28438.71580818947,13454.0,New,Siem Reap,White,50.3/72.6,320-440,115,8.6,Authorized Dealer,GB-T/CCS2,14-09-2023,Synthetic (New Formula)
VinFast,VinFast VF 8,2023,46566.19032671421,39970.0,New,Phnom Penh,Black,82/87.5,420-500,150,5.5,Authorized Dealer,GB-T/CCS2,2/10/2024,Synthetic (New Formula)
Arcfox,Arcfox Koala S,2025,26550.314280403705,1846.0,New,Phnom Penh,Silver,42.8,301,120,8.5,Dealer,GB-T/CCS2,16-08-2025,Synthetic (New Formula)
BYD,BYD Atto 3,2022,30793.822789241363,21720.0,Like New,Battambang,Green,50/60.5,340-420,150,7.3,Private,GB-T/CCS2,3/6/2022,Synthetic (New Formula)
Nissan,Nissan Leaf,2020,31480.883884430652,12912.0,New,Kampot,Black,40/62,240-385,110,7.0,Authorized Dealer,GB-T/CCS2,4/8/2021,Synthetic (New Formula)
Kia,Kia EV6,2024,51281.81992672212,32973.0,Like New,Phnom Penh,White,77.4,484,168,7.1,Dealer,GB-T/CCS2,7/1/2025,Synthetic (New Formula)
Avatr,Avatr 11,2023,70283.87812918001,22242.0,New,Phnom Penh,White,90/116,555-700,230,3.9,Authorized Dealer,GB-T/CCS2,27-08-2025,Synthetic (New Formula)
BYD,BYD Seagull,2024,20617.038381083177,16928.0,Like New,Phnom Penh,Silver,30/38.88,190-305,55,,Dealer,GB-T/CCS2,18-08-2024,Synthetic (New Formula)
MG,MG 4 EV,2021,27351.42591745828,9207.0,Like New,Siem Reap,Silver,51/64/77,350-520,125,7.7,Dealer,GB-T/CCS2,15-07-2023,Synthetic (New Formula)
BYD,BYD Atto 3,2023,31613.631500689047,11154.0,Good,Sihanoukville,Grey,50/60.5,340-420,150,7.3,Authorized Dealer,GB-T/CCS2,28-02-2024,Synthetic (New Formula)
Kia,Kia EV5,2023,35914.97435913067,4895.0,New,Phnom Penh,Black,64.2/88,400-600,160,7.5,Authorized Dealer,GB-T/CCS2,8/9/2023,Synthetic (New Formula)
BYD,BYD Sealion 6,2022,45409.466647493304,6090.0,Fair,Phnom Penh,Black,18.3,80-100 PHEV,145,8.5,Authorized Dealer,GB-T/CCS2,7/2/2024,Synthetic (New Formula)
Tesla,Tesla Model 3,2025,45150.044086966926,12780.0,New,Phnom Penh,White,60/82,430-576,208,6.1,Dealer,GB-T/CCS2,12/10/2024,Synthetic (New Formula)
MG,MG ZS EV,2023,28529.373524029554,0.0,Like New,Phnom Penh,Silver,50.3/72.6,320-440,115,8.6,Private,GB-T/CCS2,25-04-2020,Synthetic (New Formula)
AITO,AITO M7,2022,60430.9119803264,5760.0,Excellent,Phnom Penh,Green,40,200 PHEV,330,4.8,Authorized Dealer,GB-T/CCS2,15-10-2024,Synthetic (New Formula)
MG,MG 4 EV,2022,25738.139010131963,6902.0,Excellent,Phnom Penh,Grey,51/64/77,350-520,125,7.7,Private,GB-T/CCS2,28-08-2021,Synthetic (New Formula)
BYD,BYD Han,2024,63233.74047210501,31745.0,New,Phnom Penh,Grey,76.9/85.4,500-610,180,3.9,Authorized Dealer,GB-T/CCS2,10/9/2023,Synthetic (New Formula)
BYD,BYD Sealion 7,2021,46371.91412213486,24248.0,Like New,Siem Reap,Green,71.8/91.3,460-567,230,4.5,Authorized Dealer,GB-T/CCS2,25-09-2024,Synthetic (New Formula)
Zeekr,Zeekr 001,2022,81322.60275211555,6840.0,Like New,Kampot,White,86/100,560-620,200,3.3,Dealer,GB-T/CCS2,15-02-2025,Synthetic (New Formula)
Zeekr,Zeekr 001,2020,93589.8362666408,52100.0,New,Phnom Penh,Black,86/100,560-620,200,3.3,Authorized Dealer,GB-T/CCS2,3/10/2025,Synthetic (New Formula)
BYD,BYD Sealion 6,2022,46669.739631882454,14756.0,New,Kratie,Silver,18.3,80-100 PHEV,145,8.5,Private,GB-T/CCS2,13-05-2025,Synthetic (New Formula)
Kia,Kia EV6,2025,49040.14744694707,22097.0,Excellent,Phnom Penh,White,77.4,484,168,7.1,Dealer,GB-T/CCS2,7/1/2025,Synthetic (New Formula)
Tesla,Tesla Model Y,2024,56409.91905910466,12480.0,Like New,Phnom Penh,White,60/75/82,430-600,220,6.9,Dealer,GB-T/CCS2,16-11-2024,Synthetic (New Formula)
BYD,BYD Atto 2,2025,22738.67937321496,4640.0,Like New,Phnom Penh,Grey,45.1,312-401,130,7.9,Private,GB-T/CCS2,24-08-2025,Synthetic (New Formula)
Mercedes,Mercedes EQB,2022,73551.81239727976,43563.0,Like New,Phnom Penh,Silver,66.5,419,168,8.0,Authorized Dealer,GB-T/CCS2,24-01-2023,Synthetic (New Formula)
Toyota,Toyota bZ4X,2024,47389.62921499797,12195.0,Like New,Phnom Penh,Black,71.4,500,150,7.1,Authorized Dealer,GB-T/CCS2,11/9/2022,Synthetic (New Formula)
BYD,BYD Sealion 6,2023,43962.14129964647,1167.0,Excellent,Phnom Penh,Black,18.3,80-100 PHEV,145,8.5,Authorized Dealer,GB-T/CCS2,7/2/2024,Synthetic (New Formula)
MG,MG 4 EV,2022,26040.450481578515,5755.0,Like New,Kratie,Grey,51/64/77,350-520,125,7.7,Private,GB-T/CCS2,9/11/2021,Synthetic (New Formula)
VinFast,VinFast VF 8,2022,43070.937330034256,20328.0,New,Phnom Penh,White,82/87.5,420-500,150,5.5,Authorized Dealer,GB-T/CCS2,15-12-2022,Synthetic (New Formula)
MG,MG 4 EV,2025,24507.251297965562,7008.0,Fair,Phnom Penh,White,51/64/77,350-520,125,7.7,Dealer,GB-T/CCS2,14-04-2024,Synthetic (New Formula)
MG,MG 4 EV,2024,24384.37003205111,4240.0,New,Phnom Penh,Pearl White,51/64/77,350-520,125,7.7,Private,GB-T/CCS2,15-10-2023,Synthetic (New Formula)
Leapmotor,Leapmotor T03,2021,14110.165581278568,25885.0,Like New,Battambang,White,41.3,403,80,,Authorized Dealer,GB-T/CCS2,10/1/2024,Synthetic (New Formula)
AITO,AITO M7,2023,56120.64800040075,0.0,New,Battambang,Grey,40,200 PHEV,330,4.8,Dealer,GB-T/CCS2,16-04-2023,Synthetic (New Formula)
Hyundai,Hyundai Ioniq 5,2025,43817.497444819186,30711.0,Like New,Phnom Penh,Black,58/72.6,354-488,125,7.4,Dealer,GB-T/CCS2,24-07-2023,Synthetic (New Formula)
Mercedes,Mercedes EQB,2025,68163.71585727525,59940.0,New,Phnom Penh,Grey,66.5,419,168,8.0,Private,GB-T/CCS2,23-09-2021,Synthetic (New Formula)
AITO,AITO M5,2024,47174.65171645272,40663.0,Excellent,Battambang,Grey,40,200 PHEV,200,4.8,Authorized Dealer,GB-T/CCS2,10/7/2025,Synthetic (New Formula)
MG,MG ZS EV,2025,30720.079363793866,24099.0,New,Siem Reap,Grey,50.3/72.6,320-440,115,8.6,Private,GB-T/CCS2,5/5/2021,Synthetic (New Formula)
Tesla,Tesla Model 3,2024,46615.65977326383,27838.0,New,Kampong Cham,White,60/82,430-576,208,6.1,Private,GB-T/CCS2,5/8/2021,Synthetic (New Formula)
AITO,AITO M7,2023,57566.87563127116,11984.0,Fair,Phnom Penh,White,40,200 PHEV,330,4.8,Private,GB-T/CCS2,7/1/2024,Synthetic (New Formula)
BYD,BYD Seagull,2021,21682.969738196734,0.0,Fair,Phnom Penh,Grey,30/38.88,190-305,55,,Authorized Dealer,GB-T/CCS2,12/9/2023,Synthetic (New Formula)
Avatr,Avatr 07,2025,50885.636117120746,18649.0,Like New,Phnom Penh,White,62.2/100.5,420-621,190,4.9,Private,GB-T/CCS2,23-08-2025,Synthetic (New Formula)
Xiaomi,Xiaomi SU7,2025,74563.19679568843,21720.0,Excellent,Phnom Penh,Black,73.6/94.3,495-830,220,5.3,Authorized Dealer,GB-T/CCS2,13-08-2025,Synthetic (New Formula)
Denza,Denza D9,2024,79561.2067070781,4425.0,New,Siem Reap,White,103,600,230,6.9,Authorized Dealer,GB-T/CCS2,14-02-2025,Synthetic (New Formula)
BYD,BYD Dolphin,2021,27345.40609840643,16626.0,New,Phnom Penh,Cosmos Black,44.9/60.5,310-420,70,7.5,Dealer,GB-T/CCS2,28-07-2023,Synthetic (New Formula)
BYD,BYD Seagull,2022,22425.745755343865,24248.0,New,Phnom Penh,Silver,30/38.88,190-305,55,,Dealer,GB-T/CCS2,14-11-2024,Synthetic (New Formula)
Tesla,Tesla Model Y,2025,58863.20962537758,29400.0,Excellent,Phnom Penh,Green,60/75/82,430-600,220,6.9,Authorized Dealer,GB-T/CCS2,25-08-2025,Synthetic (New Formula)
Denza,Denza D9,2022,82586.98922239697,1042.0,Excellent,Phnom Penh,Black,103,600,230,6.9,Authorized Dealer,GB-T/CCS2,6/7/2022,Synthetic (New Formula)
AION,AION Y Plus,2024,35533.08805565125,19038.0,Like New,Phnom Penh,Silver,51.9/63.9,410-510,150,7.8,Authorized Dealer,GB-T/CCS2,2/1/2025,Synthetic (New Formula)
Zeekr,Zeekr 007,2021,65577.17447029786,1112.0,Good,Phnom Penh,Red,75/100,530-688,310,3.5,Dealer,GB-T/CCS2,8/5/2025,Synthetic (New Formula)
Hyundai,Hyundai Ioniq 5,2022,46456.14715484398,29280.0,New,Phnom Penh,Blue,58/72.6,354-488,125,7.4,Authorized Dealer,GB-T/CCS2,9/2/2025,Synthetic (New Formula)
BYD,BYD Dolphin,2023,27631.02374481957,38991.0,Like New,Phnom Penh,Blue,44.9/60.5,310-420,70,7.5,Dealer,GB-T/CCS2,17-10-2024,Synthetic (New Formula)
Tesla,Tesla Model Y,2025,59041.87113430736,35800.0,New,Phnom Penh,White,60/75/82,430-600,220,6.9,Authorized Dealer,GB-T/CCS2,14-08-2024,Synthetic (New Formula)
Hyundai,Hyundai Ioniq 5,2022,45096.93379822675,17824.0,New,Phnom Penh,Black,58/72.6,354-488,125,7.4,Dealer,GB-T/CCS2,24-07-2023,Synthetic (New Formula)
Hyundai,Hyundai Ioniq 5,2025,40363.289118820896,0.0,Good,Sihanoukville,White,58/72.6,354-488,125,7.4,Authorized Dealer,GB-T/CCS2,8/5/2025,Synthetic (New Formula)
Toyota,Toyota bZ4X,2021,49343.37340839687,14310.0,New,Sihanoukville,Black,71.4,500,150,7.1,Private,GB-T/CCS2,26-07-2024,Synthetic (New Formula)
Avatr,Avatr 11,2021,71572.34982791821,16626.0,Good,Phnom Penh,White,90/116,555-700,230,3.9,Authorized Dealer,GB-T/CCS2,27-08-2025,Synthetic (New Formula)
Mercedes,Mercedes EQB,2022,65465.72553164332,2202.0,Excellent,Sihanoukville,Red,66.5,419,168,8.0,Dealer,GB-T/CCS2,26-07-2024,Synthetic (New Formula)
AION,AION ES,2025,30912.385116732847,17493.0,New,Sihanoukville,Blue,55.6,410,150,7.5,Authorized Dealer,GB-T/CCS2,8/6/2024,Synthetic (New Formula)
Tesla,Tesla Model 3,2023,47459.36029507247,10080.0,Excellent,Phnom Penh,White,60/82,430-576,208,6.1,Private,GB-T/CCS2,9/12/2020,Synthetic (New Formula)
BYD,BYD Han,2023,61169.59085149701,11100.0,Good,Kampong Cham,White,76.9/85.4,500-610,180,3.9,Authorized Dealer,GB-T/CCS2,19-05-2022,Synthetic (New Formula)
Mercedes,Mercedes EQB,2022,70717.2949535759,32973.0,Like New,Kampong Cham,Black,66.5,419,168,8.0,Authorized Dealer,GB-T/CCS2,7/7/2023,Synthetic (New Formula)
BYD,BYD Dolphin,2025,24437.429833889197,3760.0,Like New,Phnom Penh,Silver,44.9/60.5,310-420,70,7.5,Authorized Dealer,GB-T/CCS2,21-05-2022,Synthetic (New Formula)
MG,MG 5,2024,21492.03326919885,12265.0,Good,Phnom Penh,Blue,61.1,403,130,7.7,Authorized Dealer,GB-T/CCS2,2/2/2021,Synthetic (New Formula)
Tesla,Tesla Model Y,2024,57912.575720623754,8020.0,Fair,Phnom Penh,Cosmos Black,60/75/82,430-600,220,6.9,Authorized Dealer,GB-T/CCS2,2/1/2023,Synthetic (New Formula)
MG,MG 4 EV,2024,26629.02027489362,28730.0,Like New,Phnom Penh,Black,51/64/77,350-520,125,7.7,Authorized Dealer,GB-T/CCS2,4/1/2023,Synthetic (New Formula)
Toyota,Toyota bZ4X,2025,47409.83058024272,11648.0,New,Phnom Penh,Black,71.4,500,150,7.1,Dealer,GB-T/CCS2,23-08-2023,Synthetic (New Formula)
BYD,BYD Han,2025,58833.930561632966,0.0,Excellent,Phnom Penh,Orange,76.9/85.4,500-610,180,3.9,Authorized Dealer,GB-T/CCS2,9/9/2021,Synthetic (New Formula)
Denza,Denza D9,2023,86011.12107717691,16128.0,Like New,Phnom Penh,Silver,103,600,230,6.9,Private,GB-T/CCS2,18-07-2024,Synthetic (New Formula)
Mercedes,Mercedes EQB,2024,62619.38751424705,11090.0,Good,Phnom Penh,Black,66.5,419,168,8.0,Private,GB-T/CCS2,28-02-2025,Synthetic (New Formula)
BYD,BYD Sealion 6,2022,47151.39064081041,25164.0,Good,Phnom Penh,Black,18.3,80-100 PHEV,145,8.5,Authorized Dealer,GB-T/CCS2,7/2/2024,Synthetic (New Formula)
BYD,BYD Seagull,2022,20851.883640998647,2320.0,Like New,Phnom Penh,Silver,30/38.88,190-305,55,,Dealer,GB-T/CCS2,18-08-2024,Synthetic (New Formula)
Hyundai,Hyundai Ioniq 5,2024,42060.941411617736,0.0,Like New,Phnom Penh,Black,58/72.6,354-488,125,7.4,Private,GB-T/CCS2,13-05-2024,Synthetic (New Formula)
VinFast,VinFast VF 8,2022,47334.749200132195,27027.0,New,Phnom Penh,Silver,82/87.5,420-500,150,5.5,Private,GB-T/CCS2,12/8/2025,Synthetic (New Formula)
BMW,BMW iX1,2022,58520.28720198112,26625.0,New,Sihanoukville,Silver,64.7,417,150,8.6,Authorized Dealer,GB-T/CCS2,12/4/2024,Synthetic (New Formula)
Nissan,Nissan Leaf,2025,29132.859863927082,10630.0,Like New,Kep,Silver,40/62,240-385,110,7.0,Private,GB-T/CCS2,27-01-2021,Synthetic (New Formula)
MG,MG 5,2024,22961.42906055217,25550.0,Like New,Phnom Penh,Black,61.1,403,130,7.7,Dealer,GB-T/CCS2,1/5/2023,Synthetic (New Formula)
BYD,BYD Sealion 6,2024,46136.40809996892,31958.0,New,Phnom Penh,Black,18.3,80-100 PHEV,145,8.5,Authorized Dealer,GB-T/CCS2,7/2/2024,Synthetic (New Formula)
BYD,BYD Seal 5,2024,20831.226749947746,4164.0,Like New,Sihanoukville,Silver,15.8,80 PHEV,110,7.9,Authorized Dealer,GB-T/CCS2,2/1/2025,Synthetic (New Formula)
Tesla,Tesla Model 3,2024,46177.129086976856,8272.0,Excellent,Sihanoukville,Green,60/82,430-576,208,6.1,Dealer,GB-T/CCS2,25-09-2020,Synthetic (New Formula)
Kia,Kia EV6,2023,51246.54816323051,16558.0,Like New,Phnom Penh,White,77.4,484,168,7.1,Authorized Dealer,GB-T/CCS2,25-10-2024,Synthetic (New Formula)
MG,MG 4 EV,2025,26246.536616828875,34304.0,Good,Phnom Penh,Pearl White,51/64/77,350-520,125,7.7,Private,GB-T/CCS2,15-10-2023,Synthetic (New Formula)
Kia,Kia EV6,2021,54008.73597560454,23914.0,Fair,Phnom Penh,Silver,77.4,484,168,7.1,Authorized Dealer,GB-T/CCS2,19-08-2025,Synthetic (New Formula)
VinFast,VinFast VF 6,2024,25002.000995440034,9185.0,Like New,Sihanoukville,Silver,59.6,399,110,,Dealer,GB-T/CCS2,4/12/2022,Synthetic (New Formula)
BYD,BYD M9,2022,67274.63835759995,22814.0,New,Phnom Penh,Silver,52,180 PHEV,180,,Private,GB-T/CCS2,16-01-2025,Synthetic (New Formula)
BYD,BYD Dolphin,2021,27957.64408475653,8272.0,Fair,Phnom Penh,Blue,44.9/60.5,310-420,70,7.5,Authorized Dealer,GB-T/CCS2,18-08-2022,Synthetic (New Formula)
Arcfox,Arcfox Koala S,2025,26916.367944149188,48256.0,New,Phnom Penh,Black,42.8,301,120,8.5,Dealer,GB-T/CCS2,5/4/2024,Synthetic (New Formula)
Arcfox,Arcfox Koala S,2024,28360.338309510676,32973.0,New,Sihanoukville,Black,42.8,301,120,8.5,Private,GB-T/CCS2,3/2/2025,Synthetic (New Formula)
VinFast,VinFast VF 6,2021,26675.42208357224,4390.0,Like New,Sihanoukville,Silver,59.6,399,110,,Dealer,GB-T/CCS2,4/12/2022,Synthetic (New Formula)
Hyundai,Hyundai Ioniq 6,2024,53428.75763667434,10700.0,Like New,Phnom Penh,Red,53/77.4,429-614,151,8.1,Dealer,GB-T/CCS2,23-02-2023,Synthetic (New Formula)
MG,MG 4 EV,2024,24957.31712871159,7455.0,Like New,Siem Reap,Silver,51/64/77,350-520,125,7.7,Authorized Dealer,GB-T/CCS2,3/5/2022,Synthetic (New Formula)
BMW,BMW iX1,2023,55619.39637687779,16338.0,Good,Phnom Penh,Black,64.7,417,150,8.6,Authorized Dealer,GB-T/CCS2,23-08-2022,Synthetic (New Formula)
AITO,AITO M5,2024,44427.172281972504,0.0,Fair,Phnom Penh,Red,40,200 PHEV,200,4.8,Authorized Dealer,GB-T/CCS2,13-01-2024,Synthetic (New Formula)
BYD,BYD Sealion 6,2024,47065.94309198921,5346.0,New,Kratie,Silver,18.3,80-100 PHEV,145,8.5,Private,GB-T/CCS2,13-05-2025,Synthetic (New Formula)
AITO,AITO M7,2020,62019.19966241192,21489.0,Fair,Phnom Penh,White,40,200 PHEV,330,4.8,Authorized Dealer,GB-T/CCS2,5/2/2022,Synthetic (New Formula)
Kia,Kia EV6,2022,54067.087339138925,20332.0,Good,Phnom Penh,White,77.4,484,168,7.1,Private,GB-T/CCS2,18-02-2023,Synthetic (New Formula)
MG,MG 5,2024,22975.77740715593,31426.0,New,Phnom Penh,Grey,61.1,403,130,7.7,Dealer,GB-T/CCS2,5/1/2022,Synthetic (New Formula)
BYD,BYD Seagull,2025,18671.15020849403,1158.0,Good,Battambang,Black,30/38.88,190-305,55,,Authorized Dealer,GB-T/CCS2,14-01-2025,Synthetic (New Formula)
Toyota,Toyota bZ4X,2025,42985.32887538144,10270.0,Excellent,Phnom Penh,Black,71.4,500,150,7.1,Dealer,GB-T/CCS2,23-08-2023,Synthetic (New Formula)
Deepal,Deepal L07,2025,45594.88541072823,14235.0,New,Phnom Penh,White,31.6,200 PHEV,160,7.3,Dealer,GB-T/CCS2,26-08-2025,Synthetic (New Formula)
Zeekr,Zeekr 001,2025,77719.63646155442,29400.0,Like New,Battambang,Silver,86/100,560-620,200,3.3,Authorized Dealer,GB-T/CCS2,18-03-2022,Synthetic (New Formula)
XPeng,XPeng G6,2022,47234.93426345304,1060.0,New,Kampot,Red,66/87.5,435-570,190,6.2,Private,GB-T/CCS2,3/1/2024,Synthetic (New Formula)
Mercedes,Mercedes EQB,2024,69248.66744027675,26600.0,New,Kampot,Cosmos Black,66.5,419,168,8.0,Dealer,GB-T/CCS2,16-02-2022,Synthetic (New Formula)
BYD,BYD Seagull,2023,21739.920495737733,27027.0,Like New,Phnom Penh,White,30/38.88,190-305,55,,Dealer,GB-T/CCS2,11/5/2024,Synthetic (New Formula)
BYD,BYD Dolphin,2024,25330.485592934525,5110.0,New,Phnom Penh,White,44.9/60.5,310-420,70,7.5,Dealer,GB-T/CCS2,4/1/2023,Synthetic (New Formula)
VinFast,VinFast VF 6,2024,27295.155168396326,19719.0,New,Kratie,Red,59.6,399,110,,Authorized Dealer,GB-T/CCS2,28-06-2022,Synthetic (New Formula)
Mercedes,Mercedes EQB,2024,65081.09157417576,14310.0,Fair,Kampong Cham,Black,66.5,419,168,8.0,Authorized Dealer,GB-T/CCS2,7/7/2023,Synthetic (New Formula)
AITO,AITO M7,2023,62085.824339598745,18145.0,New,Siem Reap,Grey,40,200 PHEV,330,4.8,Private,GB-T/CCS2,10/10/2023,Synthetic (New Formula)
Toyota,Toyota bZ4X,2023,46789.6349263102,16928.0,New,Sihanoukville,Black,71.4,500,150,7.1,Authorized Dealer,GB-T/CCS2,11/3/2022,Synthetic (New Formula)
MG,MG ZS EV,2025,26896.518176078782,960.0,Like New,Siem Reap,Black,50.3/72.6,320-440,115,8.6,Dealer,GB-T/CCS2,3/5/2023,Synthetic (New Formula)
BYD,BYD Seal,2024,38382.44358649201,38064.0,New,Sihanoukville,Grey,61.4/82.5,400-550,150,3.8,Private,GB-T/CCS2,18-02-2025,Synthetic (New Formula)
VinFast,VinFast VF 9,2025,66708.70306736126,6090.0,New,Phnom Penh,Green,123,438,300,6.5,Authorized Dealer,GB-T/CCS2,5/5/2023,Synthetic (New Formula)
BYD,BYD Han,2024,55949.25801867398,1185.0,New,Battambang,White,76.9/85.4,500-610,180,3.9,Private,GB-T/CCS2,4/11/2022,Synthetic (New Formula)
Leapmotor,Leapmotor T03,2022,14954.909952762817,43650.0,New,Sihanoukville,Blue,41.3,403,80,,Dealer,GB-T/CCS2,4/11/2022,Synthetic (New Formula)
Tesla,Tesla Model 3,2024,44901.489418017634,0.0,New,Phnom Penh,Silver,60/82,430-576,208,6.1,Private,GB-T/CCS2,22-06-2020,Synthetic (New Formula)
BYD,BYD Sealion 5,2025,26752.516827364652,0.0,Like New,Siem Reap,Silver,60/72.8,410-520,150,7.5,Dealer,GB-T/CCS2,7/1/2025,Synthetic (New Formula)
MG,MG ZS EV,2023,32319.668206992923,39865.0,Like New,Preah Vihear,Silver,50.3/72.6,320-440,115,8.6,Authorized Dealer,GB-T/CCS2,16-09-2025,Synthetic (New Formula)
Nissan,Nissan Leaf,2024,30109.56642130791,6060.0,New,Phnom Penh,Grey,40/62,240-385,110,7.0,Authorized Dealer,GB-T/CCS2,12/2/2024,Synthetic (New Formula)
Arcfox,Arcfox Koala S,2024,27558.662438326537,11605.0,Excellent,Sihanoukville,Black,42.8,301,120,8.5,Private,GB-T/CCS2,3/2/2025,Synthetic (New Formula)
VinFast,VinFast VF 8,2023,43668.565913726154,28890.0,Like New,Phnom Penh,Black,82/87.5,420-500,150,5.5,Private,GB-T/CCS2,13-11-2023,Synthetic (New Formula)
Nissan,Nissan Leaf,2022,29620.833322009126,4960.0,New,Kampong Cham,Green,40/62,240-385,110,7.0,Authorized Dealer,GB-T/CCS2,13-11-2021,Synthetic (New Formula)
BYD,BYD Han,2025,55188.41179153617,1185.0,New,Phnom Penh,Grey,76.9/85.4,500-610,180,3.9,Authorized Dealer,GB-T/CCS2,10/9/2023,Synthetic (New Formula)
Avatr,Avatr 11,2025,62467.749974577666,1100.0,Excellent,Phnom Penh,Cosmos Black,90/116,555-700,230,3.9,Private,GB-T/CCS2,15-05-2023,Synthetic (New Formula)
Kia,Kia EV9,2023,88805.24478892745,38064.0,Like New,Phnom Penh,White,99.8,541,283,5.3,Private,GB-T/CCS2,8/11/2024,Synthetic (New Formula)
BYD,BYD Han,2024,60011.678171107924,3468.0,New,Kep,White,76.9/85.4,500-610,180,3.9,Authorized Dealer,GB-T/CCS2,23-05-2023,Synthetic (New Formula)
Arcfox,Arcfox Koala S,2025,25236.538898387666,944.0,Like New,Phnom Penh,Silver,42.8,301,120,8.5,Dealer,GB-T/CCS2,16-08-2025,Synthetic (New Formula)
BYD,BYD Atto 3,2025,29976.208323368035,36680.0,Excellent,Sihanoukville,White,50/60.5,340-420,150,7.3,Dealer,GB-T/CCS2,26-01-2023,Synthetic (New Formula)
BYD,BYD Sealion 6,2024,46956.66041501195,29551.0,Like New,Battambang,Blue,18.3,80-100 PHEV,145,8.5,Dealer,GB-T/CCS2,24-01-2025,Synthetic (New Formula)
Tesla,Tesla Model 3,2022,48720.8041547297,30008.0,New,Sihanoukville,Black,60/82,430-576,208,6.1,Authorized Dealer,GB-T/CCS2,27-11-2021,Synthetic (New Formula)
VinFast,VinFast VF 9,2025,66864.20820297154,28650.0,Like New,Phnom Penh,Silver,123,438,300,6.5,Authorized Dealer,GB-T/CCS2,18-05-2022,Synthetic (New Formula)
BYD,BYD Han,2025,60896.467323766854,26900.0,New,Battambang,Blue,76.9/85.4,500-610,180,3.9,Private,GB-T/CCS2,26-12-2021,Synthetic (New Formula)
Hyundai,Hyundai Ioniq 5,2022,46268.55889979452,11648.0,Like New,Siem Reap,White,58/72.6,354-488,125,7.4,Authorized Dealer,GB-T/CCS2,12/9/2021,Synthetic (New Formula)
Denza,Denza D9,2023,88710.15286093239,26768.0,Excellent,Phnom Penh,Silver,103,600,230,6.9,Authorized Dealer,GB-T/CCS2,18-10-2023,Synthetic (New Formula)
BYD,BYD Atto 2,2025,21713.03234342236,10940.0,Fair,Phnom Penh,Black,45.1,312-401,130,7.9,Authorized Dealer,GB-T/CCS2,15-03-2024,Synthetic (New Formula)
BYD,BYD Sealion 7,2025,41780.23909205226,17190.0,Good,Siem Reap,Green,71.8/91.3,460-567,230,4.5,Authorized Dealer,GB-T/CCS2,25-09-2024,Synthetic (New Formula)
BYD,BYD Han,2021,68033.72713210894,42269.0,Good,Battambang,Silver,76.9/85.4,500-610,180,3.9,Dealer,GB-T/CCS2,22-01-2025,Synthetic (New Formula)
VinFast,VinFast VF 8,2020,49346.64043359216,29853.0,Excellent,Phnom Penh,Black,82/87.5,420-500,150,5.5,Authorized Dealer,GB-T/CCS2,2/10/2024,Synthetic (New Formula)
Toyota,Toyota bZ4X,2023,51650.532668016116,28730.0,Like New,Preah Vihear,Blue,71.4,500,150,7.1,Authorized Dealer,GB-T/CCS2,11/12/2022,Synthetic (New Formula)
BYD,BYD Seal 5,2022,22090.147461323595,29904.0,Good,Battambang,White,15.8,80 PHEV,110,7.9,Authorized Dealer,GB-T/CCS2,21-04-2025,Synthetic (New Formula)
BYD,BYD Sealion 5,2025,29461.831430144026,56784.0,Good,Phnom Penh,White,60/72.8,410-520,150,7.5,Dealer,GB-T/CCS2,10/7/2025,Synthetic (New Formula)
AITO,AITO M7,2022,64765.42713465106,30008.0,Excellent,Phnom Penh,White,40,200 PHEV,330,4.8,Authorized Dealer,GB-T/CCS2,5/2/2022,Synthetic (New Formula)
BYD,BYD Han,2024,60077.1813367551,36686.0,Like New,Battambang,Silver,76.9/85.4,500-610,180,3.9,Dealer,GB-T/CCS2,22-01-2025,Synthetic (New Formula)
Mercedes,Mercedes EQB,2023,70881.24130725028,26505.0,Like New,Phnom Penh,Orange,66.5,419,168,8.0,Authorized Dealer,GB-T/CCS2,15-10-2023,Synthetic (New Formula)
BYD,BYD Sealion 6,2025,45658.85832691838,21060.0,Good,Phnom Penh,White,18.3,80-100 PHEV,145,8.5,Dealer,GB-T/CCS2,10/6/2023,Synthetic (New Formula)
BYD,BYD Seal 5,2020,23523.741473021513,5755.0,Like New,Sihanoukville,Red,15.8,80 PHEV,110,7.9,Authorized Dealer,GB-T/CCS2,4/7/2025,Synthetic (New Formula)
AION,AION Y Plus,2023,35186.86259695219,22480.0,New,Phnom Penh,Blue,51.9/63.9,410-510,150,7.8,Authorized Dealer,GB-T/CCS2,24-04-2024,Synthetic (New Formula)
Toyota,Toyota bZ5,2024,40715.21455362006,15674.0,Excellent,Kep,White,71.2,630,180,6.8,Private,GB-T/CCS2,27-07-2025,Synthetic (New Formula)
Kia,Kia EV5,2025,36710.00809460405,16338.0,Excellent,Phnom Penh,Silver,64.2/88,400-600,160,7.5,Authorized Dealer,GB-T/CCS2,13-08-2024,Synthetic (New Formula)
Hyundai,Hyundai Ioniq 5,2023,42880.738992204286,3660.0,Like New,Siem Reap,Black,58/72.6,354-488,125,7.4,Dealer,GB-T/CCS2,12/5/2022,Synthetic (New Formula)
Tesla,Tesla Model 3,2022,48394.602991252104,10320.0,New,Siem Reap,Silver,60/82,430-576,208,6.1,Authorized Dealer,GB-T/CCS2,23-03-2020,Synthetic (New Formula)
Avatr,Avatr 11,2025,64345.19710591167,1108.0,Good,Battambang,White,90/116,555-700,230,3.9,Authorized Dealer,GB-T/CCS2,28-01-2024,Synthetic (New Formula)
Leapmotor,Leapmotor T03,2024,13645.533435312997,43475.0,Excellent,Battambang,Blue,41.3,403,80,,Authorized Dealer,GB-T/CCS2,11/4/2024,Synthetic (New Formula)
Kia,Kia EV6,2024,52200.12609103608,36642.0,New,Phnom Penh,Blue,77.4,484,168,7.1,Dealer,GB-T/CCS2,14-05-2023,Synthetic (New Formula)
BYD,BYD Tang,2020,71812.95069003306,29988.0,Like New,Siem Reap,Silver,86.4/108.8,400-530,180,4.6,Private,GB-T/CCS2,13-05-2024,Synthetic (New Formula)
MG,MG 4 EV,2023,25918.304684548297,3316.0,Excellent,Phnom Penh,Grey,51/64/77,350-520,125,7.7,Dealer,GB-T/CCS2,9/2/2022,Synthetic (New Formula)
Zeekr,Zeekr 007,2025,75770.47235884708,75264.0,Good,Preah Vihear,Grey,75/100,530-688,310,3.5,Authorized Dealer,GB-T/CCS2,16-09-2024,Synthetic (New Formula)
BYD,BYD Seal,2023,36189.80541084286,16352.0,New,Phnom Penh,Cosmos Black,61.4/82.5,400-550,150,3.8,Private,GB-T/CCS2,8/8/2023,Synthetic (New Formula)
Hyundai,Hyundai Ioniq 5,2024,43900.39694609754,17824.0,New,Kep,Black,58/72.6,354-488,125,7.4,Private,GB-T/CCS2,13-09-2025,Synthetic (New Formula)
Tesla,Tesla Model Y,2022,61431.01296312523,935.0,Fair,Phnom Penh,Cosmos Black,60/75/82,430-600,220,6.9,Authorized Dealer,GB-T/CCS2,2/1/2023,Synthetic (New Formula)
BYD,BYD Tang,2023,63665.98769171091,15376.0,Good,Phnom Penh,Pearl White,86.4/108.8,400-530,180,4.6,Authorized Dealer,GB-T/CCS2,26-04-2022,Synthetic (New Formula)
BYD,BYD Han,2024,60079.77958537023,26675.0,Like New,Battambang,Blue,76.9/85.4,500-610,180,3.9,Private,GB-T/CCS2,26-12-2021,Synthetic (New Formula)
BYD,BYD Seal,2024,38780.24378633922,33292.0,New,Koh Kong,Blue,61.4/82.5,400-550,150,3.8,Authorized Dealer,GB-T/CCS2,16-09-2025,Synthetic (New Formula)
Avatr,Avatr 11,2023,68750.54745546273,1128.0,Excellent,Phnom Penh,White,90/116,555-700,230,3.9,Authorized Dealer,GB-T/CCS2,27-08-2025,Synthetic (New Formula)
Tesla,Tesla Model 3,2020,56552.98108221754,56880.0,Like New,Phnom Penh,White,60/82,430-576,208,6.1,Dealer,GB-T/CCS2,18-11-2023,Synthetic (New Formula)
Tesla,Tesla Model Y,2024,60266.14046708961,4895.0,New,Phnom Penh,Blue,60/75/82,430-600,220,6.9,Private,GB-T/CCS2,17-08-2022,Synthetic (New Formula)
Toyota,Toyota bZ4X,2024,47708.768740716056,15195.0,Excellent,Preah Vihear,Blue,71.4,500,150,7.1,Authorized Dealer,GB-T/CCS2,11/12/2022,Synthetic (New Formula)
Zeekr,Zeekr X,2023,55196.03564472583,0.0,New,Phnom Penh,Pearl White,66,440,200,5.6,Private,GB-T/CCS2,19-09-2025,Synthetic (New Formula)
VinFast,VinFast VF 8,2025,41303.09607369952,0.0,Good,Phnom Penh,Silver,82/87.5,420-500,150,5.5,Authorized Dealer,GB-T/CCS2,9/8/2023,Synthetic (New Formula)
AION,AION ES,2025,33087.90739939101,27638.0,Excellent,Phnom Penh,White,55.6,410,150,7.5,Authorized Dealer,GB-T/CCS2,2/5/2025,Synthetic (New Formula)
Hyundai,Hyundai Ioniq 6,2022,57971.61567271791,28106.0,New,Phnom Penh,White,53/77.4,429-614,151,8.1,Dealer,GB-T/CCS2,3/5/2023,Synthetic (New Formula)
Kia,Kia EV6,2024,48368.502585322916,28440.0,Good,Phnom Penh,White,77.4,484,168,7.1,Dealer,GB-T/CCS2,7/1/2025,Synthetic (New Formula)
VinFast,VinFast VF 9,2024,71270.2259637849,17816.0,New,Phnom Penh,White,123,438,300,6.5,Private,GB-T/CCS2,11/1/2024,Synthetic (New Formula)
BYD,BYD Dolphin,2020,27913.681317213726,20540.0,Like New,Battambang,Silver,44.9/60.5,310-420,70,7.5,Private,GB-T/CCS2,9/10/2023,Synthetic (New Formula)
XPeng,XPeng G6,2025,45939.24171283323,17190.0,New,Phnom Penh,Grey,66/87.5,435-570,190,6.2,Authorized Dealer,GB-T/CCS2,21-06-2023,Synthetic (New Formula)
BYD,BYD Sealion 6,2022,47719.62520452033,0.0,New,Kampot,Blue,18.3,80-100 PHEV,145,8.5,Authorized Dealer,GB-T/CCS2,13-05-2024,Synthetic (New Formula)
MG,MG 5,2025,21772.96629764834,32800.0,New,Phnom Penh,White,61.1,403,130,7.7,Private,GB-T/CCS2,21-01-2023,Synthetic (New Formula)
Tesla,Tesla Model Y,2023,56357.919335484556,0.0,Like New,Phnom Penh,Silver,60/75/82,430-600,220,6.9,Authorized Dealer,GB-T/CCS2,10/10/2023,Synthetic (New Formula)
Avatr,Avatr 11,2022,65097.7681519733,0.0,Like New,Sihanoukville,Green,90/116,555-700,230,3.9,Dealer,GB-T/CCS2,4/11/2022,Synthetic (New Formula)
VinFast,VinFast VF 6,2023,27203.553452175907,41667.0,Fair,Sihanoukville,Silver,59.6,399,110,,Dealer,GB-T/CCS2,20-06-2023,Synthetic (New Formula)
Mercedes,Mercedes EQB,2023,64524.74124786759,4308.0,New,Sihanoukville,Red,66.5,419,168,8.0,Dealer,GB-T/CCS2,26-07-2024,Synthetic (New Formula)
BYD,BYD Dolphin,2025,27349.701224369957,45520.0,New,Sihanoukville,Black,44.9/60.5,310-420,70,7.5,Dealer,GB-T/CCS2,3/2/2022,Synthetic (New Formula)
VinFast,VinFast VF 8,2022,45002.26833140747,12320.0,Excellent,Siem Reap,White,82/87.5,420-500,150,5.5,Private,GB-T/CCS2,21-07-2022,Synthetic (New Formula)
Kia,Kia EV9,2025,75353.86214959213,25800.0,Excellent,Phnom Penh,Black,99.8,541,283,5.3,Private,GB-T/CCS2,9/6/2023,Synthetic (New Formula)
BMW,BMW iX1,2022,53935.59570969125,1042.0,New,Sihanoukville,Silver,64.7,417,150,8.6,Authorized Dealer,GB-T/CCS2,12/4/2024,Synthetic (New Formula)
MG,MG 4 EV,2025,25413.235270680852,19152.0,New,Siem Reap,Silver,51/64/77,350-520,125,7.7,Dealer,GB-T/CCS2,15-07-2023,Synthetic (New Formula)
Toyota,Toyota bZ4X,2023,45762.61282458763,8832.0,Like New,Phnom Penh,Pearl White,71.4,500,150,7.1,Private,GB-T/CCS2,7/1/2023,Synthetic (New Formula)
AITO,AITO M5,2025,43876.19923858493,0.0,New,Phnom Penh,Red,40,200 PHEV,200,4.8,Authorized Dealer,GB-T/CCS2,2/9/2022,Synthetic (New Formula)
Deepal,Deepal S07,2022,55220.74041927972,7504.0,Excellent,Sihanoukville,Grey,31.6/80,200 PHEV,190,6.7,Private,GB-T/CCS2,28-08-2025,Synthetic (New Formula)
Zeekr,Zeekr X,2024,53127.958522726825,975.0,Like New,Koh Kong,Grey,66,440,200,5.6,Dealer,GB-T/CCS2,23-05-2024,Synthetic (New Formula)
Hyundai,Hyundai Ioniq 5,2024,49081.78260542111,54510.0,New,Kampong Cham,Grey,58/72.6,354-488,125,7.4,Dealer,GB-T/CCS2,20-06-2021,Synthetic (New Formula)
Leapmotor,Leapmotor T03,2025,12506.034214901712,960.0,Like New,Phnom Penh,White,41.3,403,80,,Private,GB-T/CCS2,28-05-2023,Synthetic (New Formula)
Zeekr,Zeekr 001,2023,74634.87136959459,4152.0,New,Siem Reap,White,86/100,560-620,200,3.3,Private,GB-T/CCS2,12/4/2024,Synthetic (New Formula)
MG,MG 4 EV,2021,27998.475600903206,29146.0,Fair,Kep,Silver,51/64/77,350-520,125,7.7,Dealer,GB-T/CCS2,27-08-2025,Synthetic (New Formula)
BYD,BYD Han,2024,59396.654150996306,11956.0,Excellent,Kampot,White,76.9/85.4,500-610,180,3.9,Private,GB-T/CCS2,26-12-2020,Synthetic (New Formula)
AION,AION V,2023,43157.87812386239,35938.0,Excellent,Phnom Penh,Black,68.8/80,480-610,165,7.1,Dealer,GB-T/CCS2,28-12-2024,Synthetic (New Formula)
Hyundai,Hyundai Ioniq 5,2025,44454.52134473283,20856.0,Like New,Kep,Black,58/72.6,354-488,125,7.4,Private,GB-T/CCS2,13-09-2025,Synthetic (New Formula)
AITO,AITO M7,2025,57036.72436769158,17238.0,New,Siem Reap,White,40,200 PHEV,330,4.8,Private,GB-T/CCS2,11/1/2023,Synthetic (New Formula)
BYD,BYD Atto 3,2024,32319.945496469936,36680.0,Excellent,Phnom Penh,White,50/60.5,340-420,150,7.3,Private,GB-T/CCS2,9/11/2024,Synthetic (New Formula)
Nissan,Nissan Leaf,2025,27384.592487805905,0.0,Like New,Kep,Silver,40/62,240-385,110,7.0,Private,GB-T/CCS2,27-01-2021,Synthetic (New Formula)
Kia,Kia EV6,2024,51290.99298708195,27300.0,Like New,Phnom Penh,White,77.4,484,168,7.1,Authorized Dealer,GB-T/CCS2,25-10-2024,Synthetic (New Formula)
BMW,BMW iX1,2022,60441.10551993075,11154.0,Excellent,Siem Reap,Grey,64.7,417,150,8.6,Dealer,GB-T/CCS2,19-10-2024,Synthetic (New Formula)
BYD,BYD Seagull,2024,19347.080167053573,25550.0,New,Siem Reap,White,30/38.88,190-305,55,,Private,GB-T/CCS2,23-02-2024,Synthetic (New Formula)
BYD,BYD Seal,2024,35547.478086376614,17816.0,Good,Sihanoukville,White,61.4/82.5,400-550,150,3.8,Private,GB-T/CCS2,26-08-2024,Synthetic (New Formula)
Zeekr,Zeekr 001,2023,71350.85808050996,11808.0,Excellent,Sihanoukville,Black,86/100,560-620,200,3.3,Authorized Dealer,GB-T/CCS2,14-07-2024,Synthetic (New Formula)
BYD,BYD Seal 5,2022,22504.71588509027,37296.0,New,Phnom Penh,Blue,15.8,80 PHEV,110,7.9,Private,GB-T/CCS2,28-11-2024,Synthetic (New Formula)
Tesla,Tesla Model 3,2021,46852.01652148892,0.0,New,Sihanoukville,Black,60/82,430-576,208,6.1,Authorized Dealer,GB-T/CCS2,27-11-2021,Synthetic (New Formula)
BMW,BMW iX1,2023,60430.5306903331,21014.0,Fair,Koh Kong,Silver,64.7,417,150,8.6,Dealer,GB-T/CCS2,22-06-2025,Synthetic (New Formula)
BMW,BMW iX1,2021,62136.003449411844,26676.0,New,Siem Reap,Black,64.7,417,150,8.6,Authorized Dealer,GB-T/CCS2,14-05-2023,Synthetic (New Formula)
BYD,BYD Tang,2025,61763.851941659574,6840.0,Like New,Phnom Penh,Silver,86.4/108.8,400-530,180,4.6,Private,GB-T/CCS2,12/1/2024,Synthetic (New Formula)
Zeekr,Zeekr 001,2024,78756.26889882509,28106.0,Excellent,Kampong Cham,Blue,86/100,560-620,200,3.3,Private,GB-T/CCS2,5/5/2023,Synthetic (New Formula)
Denza,Denza D9,2025,85464.50654257087,21489.0,Good,Phnom Penh,Blue,103,600,230,6.9,Private,GB-T/CCS2,1/5/2025,Synthetic (New Formula)
Zeekr,Zeekr 001,2024,74087.50117950914,17312.0,Excellent,Kampot,White,86/100,560-620,200,3.3,Dealer,GB-T/CCS2,15-02-2025,Synthetic (New Formula)
Hyundai,Hyundai Ioniq 5,2024,47095.02644772116,33490.0,New,Phnom Penh,Black,58/72.6,354-488,125,7.4,Dealer,GB-T/CCS2,24-07-2023,Synthetic (New Formula)
AITO,AITO M7,2025,58055.17344934846,17323.0,Like New,Phnom Penh,Silver,40,200 PHEV,330,4.8,Private,GB-T/CCS2,16-05-2022,Synthetic (New Formula)
Avatr,Avatr 07,2023,46184.33624409099,5110.0,Excellent,Preah Vihear,Black,62.2/100.5,420-621,190,4.9,Authorized Dealer,GB-T/CCS2,21-12-2024,Synthetic (New Formula)
Tesla,Tesla Model 3,2024,45148.3976893005,7512.0,Excellent,Phnom Penh,White,60/82,430-576,208,6.1,Private,GB-T/CCS2,9/12/2020,Synthetic (New Formula)
BYD,BYD Sealion 6,2023,46828.75331679884,34632.0,Excellent,Phnom Penh,Black,18.3,80-100 PHEV,145,8.5,Authorized Dealer,GB-T/CCS2,7/2/2024,Synthetic (New Formula)
AION,AION ES,2022,30182.097123623065,0.0,New,Phnom Penh,Grey,55.6,410,150,7.5,Private,GB-T/CCS2,3/9/2024,Synthetic (New Formula)
BYD,BYD Sealion 6,2025,46693.578532133426,36686.0,New,Phnom Penh,White,18.3,80-100 PHEV,145,8.5,Dealer,GB-T/CCS2,10/6/2023,Synthetic (New Formula)
Tesla,Tesla Model 3,2024,46104.97637730726,0.0,Excellent,Phnom Penh,Silver,60/82,430-576,208,6.1,Private,GB-T/CCS2,22-06-2020,Synthetic (New Formula)
BYD,BYD Seagull,2025,22988.560478624877,59940.0,Like New,Phnom Penh,Silver,30/38.88,190-305,55,,Dealer,GB-T/CCS2,18-08-2024,Synthetic (New Formula)
Denza,Denza D9,2022,83348.78646111948,18180.0,Like New,Battambang,Silver,103,600,230,6.9,Authorized Dealer,GB-T/CCS2,16-07-2023,Synthetic (New Formula)
XPeng,XPeng G6,2025,47661.57507776313,33139.0,Excellent,Kampot,Red,66/87.5,435-570,190,6.2,Private,GB-T/CCS2,3/1/2024,Synthetic (New Formula)
Hyundai,Hyundai Ioniq 5,2023,41535.208330093374,0.0,Excellent,Preah Vihear,Blue,58/72.6,354-488,125,7.4,Dealer,GB-T/CCS2,27-01-2024,Synthetic (New Formula)
Tesla,Tesla Model Y,2025,56973.76782007046,0.0,New,Phnom Penh,White,60/75/82,430-600,220,6.9,Private,GB-T/CCS2,14-05-2022,Synthetic (New Formula)
Hyundai,Hyundai Ioniq 5,2021,48529.97806614332,34632.0,Like New,Phnom Penh,White,58/72.6,354-488,125,7.4,Authorized Dealer,GB-T/CCS2,25-08-2022,Synthetic (New Formula)
BYD,BYD Tang,2024,60046.17870107148,13824.0,Like New,Sihanoukville,White,86.4/108.8,400-530,180,4.6,Dealer,GB-T/CCS2,11/6/2020,Synthetic (New Formula)
VinFast,VinFast VF 8,2023,44788.6176698982,11154.0,Good,Phnom Penh,Black,82/87.5,420-500,150,5.5,Private,GB-T/CCS2,13-11-2023,Synthetic (New Formula)
AITO,AITO M7,2023,63163.61544276594,42883.0,New,Siem Reap,White,40,200 PHEV,330,4.8,Private,GB-T/CCS2,11/1/2023,Synthetic (New Formula)
BYD,BYD Dolphin,2025,25629.58802646837,31528.0,Excellent,Koh Kong,Black,44.9/60.5,310-420,70,7.5,Dealer,GB-T/CCS2,8/11/2022,Synthetic (New Formula)
MG,MG 5,2025,21827.111712305566,28730.0,Like New,Phnom Penh,Grey,61.1,403,130,7.7,Dealer,GB-T/CCS2,21-05-2022,Synthetic (New Formula)
AITO,AITO M7,2025,56809.8679726573,20482.0,Like New,Phnom Penh,Black,40,200 PHEV,330,4.8,Dealer,GB-T/CCS2,19-11-2022,Synthetic (New Formula)
Avatr,Avatr 11,2022,69918.38579675772,6060.0,Like New,Phnom Penh,Red,90/116,555-700,230,3.9,Private,GB-T/CCS2,3/8/2023,Synthetic (New Formula)
Kia,Kia EV5,2023,36076.12471202554,8071.0,Excellent,Phnom Penh,Black,64.2/88,400-600,160,7.5,Authorized Dealer,GB-T/CCS2,8/9/2023,Synthetic (New Formula)
BYD,BYD Tang,2024,61922.96629413594,0.0,Like New,Siem Reap,Silver,86.4/108.8,400-530,180,4.6,Private,GB-T/CCS2,13-05-2024,Synthetic (New Formula)
Kia,Kia EV9,2023,89816.1342578896,54229.0,New,Phnom Penh,Grey,99.8,541,283,5.3,Authorized Dealer,GB-T/CCS2,12/1/2025,Synthetic (New Formula)
Avatr,Avatr 07,2022,49967.79026007883,12573.0,Excellent,Phnom Penh,Cosmos Black,62.2/100.5,420-621,190,4.9,Dealer,GB-T/CCS2,2/6/2024,Synthetic (New Formula)
AITO,AITO M5,2022,45866.44365040917,1062.0,New,Sihanoukville,Black,40,200 PHEV,200,4.8,Authorized Dealer,GB-T/CCS2,24-08-2023,Synthetic (New Formula)
AION,AION Y Plus,2023,33390.53807247364,13024.0,Excellent,Phnom Penh,Black,51.9/63.9,410-510,150,7.8,Private,GB-T/CCS2,4/4/2025,Synthetic (New Formula)
Mercedes,Mercedes EQB,2025,63719.7367413147,11495.0,Good,Kampot,Cosmos Black,66.5,419,168,8.0,Dealer,GB-T/CCS2,16-02-2022,Synthetic (New Formula)
Denza,Denza D9,2025,77816.04184543523,4240.0,Like New,Siem Reap,White,103,600,230,6.9,Authorized Dealer,GB-T/CCS2,8/1/2023,Synthetic (New Formula)
MG,MG ZS EV,2022,33139.54122439204,42269.0,New,Siem Reap,White,50.3/72.6,320-440,115,8.6,Authorized Dealer,GB-T/CCS2,14-09-2023,Synthetic (New Formula)
BYD,BYD Tang,2025,60872.73268523947,2202.0,Fair,Phnom Penh,Pearl White,86.4/108.8,400-530,180,4.6,Authorized Dealer,GB-T/CCS2,26-04-2022,Synthetic (New Formula)
BYD,BYD Sealion 6,2022,50809.594237788384,41750.0,New,Phnom Penh,Black,18.3,80-100 PHEV,145,8.5,Authorized Dealer,GB-T/CCS2,7/2/2024,Synthetic (New Formula)
AITO,AITO M7,2021,62756.498282441076,14310.0,Like New,Phnom Penh,Black,40,200 PHEV,330,4.8,Dealer,GB-T/CCS2,19-11-2022,Synthetic (New Formula)
BYD,BYD Dolphin,2024,26977.578561127386,14310.0,Excellent,Kratie,Blue,44.9/60.5,310-420,70,7.5,Dealer,GB-T/CCS2,17-04-2024,Synthetic (New Formula)
Xiaomi,Xiaomi SU7,2022,88974.26984148115,29853.0,Excellent,Kampong Cham,Silver,73.6/94.3,495-830,220,5.3,Dealer,GB-T/CCS2,20-05-2025,Synthetic (New Formula)
Toyota,Toyota bZ4X,2023,47229.16180076489,14127.0,Good,Preah Vihear,Black,71.4,500,150,7.1,Dealer,GB-T/CCS2,1/5/2025,Synthetic (New Formula)
AION,AION Y Plus,2025,33147.322998755924,8272.0,New,Phnom Penh,Silver,51.9/63.9,410-510,150,7.8,Dealer,GB-T/CCS2,2/7/2025,Synthetic (New Formula)
MG,MG 4 EV,2024,26821.51008632731,17040.0,New,Kampot,Blue,51/64/77,350-520,125,7.7,Authorized Dealer,GB-T/CCS2,20-05-2021,Synthetic (New Formula)
MG,MG ZS EV,2021,29315.50318564734,8630.0,Like New,Siem Reap,White,50.3/72.6,320-440,115,8.6,Authorized Dealer,GB-T/CCS2,14-09-2023,Synthetic (New Formula)
Arcfox,Arcfox Koala S,2023,27499.18103982381,10270.0,Excellent,Sihanoukville,Orange,42.8,301,120,8.5,Dealer,GB-T/CCS2,13-12-2024,Synthetic (New Formula)
BYD,BYD Seagull,2025,19542.7285889209,18180.0,Excellent,Battambang,Black,30/38.88,190-305,55,,Authorized Dealer,GB-T/CCS2,14-01-2025,Synthetic (New Formula)
BYD,BYD Atto 2,2024,25633.725161028702,35938.0,New,Sihanoukville,Grey,45.1,312-401,130,7.9,Dealer,GB-T/CCS2,25-12-2024,Synthetic (New Formula)
BYD,BYD Han,2022,65774.03008709008,43475.0,Excellent,Phnom Penh,White,76.9/85.4,500-610,180,3.9,Authorized Dealer,GB-T/CCS2,6/7/2020,Synthetic (New Formula)
MG,MG 5,2025,21468.627636414443,29682.0,New,Battambang,White,61.1,403,130,7.7,Authorized Dealer,GB-T/CCS2,15-01-2025,Synthetic (New Formula)
AITO,AITO M7,2024,58626.16798026216,39865.0,Like New,Battambang,Grey,40,200 PHEV,330,4.8,Dealer,GB-T/CCS2,16-04-2023,Synthetic (New Formula)
Tesla,Tesla Model Y,2024,59651.96352875225,29750.0,Excellent,Phnom Penh,Silver,60/75/82,430-600,220,6.9,Authorized Dealer,GB-T/CCS2,10/10/2023,Synthetic (New Formula)
MG,MG ZS EV,2025,28092.97008811345,23914.0,Excellent,Kratie,Red,50.3/72.6,320-440,115,8.6,Dealer,GB-T/CCS2,10/12/2020,Synthetic (New Formula)
MG,MG 4 EV,2024,26908.276569207173,35280.0,Like New,Phnom Penh,White,51/64/77,350-520,125,7.7,Dealer,GB-T/CCS2,14-04-2024,Synthetic (New Formula)
Tesla,Tesla Model Y,2020,73072.50127656036,43350.0,Excellent,Sihanoukville,White,60/75/82,430-600,220,6.9,Dealer,GB-T/CCS2,28-12-2021,Synthetic (New Formula)
Kia,Kia EV5,2022,38125.88048529572,5190.0,New,Phnom Penh,Blue,64.2/88,400-600,160,7.5,Authorized Dealer,GB-T/CCS2,11/2/2024,Synthetic (New Formula)
BYD,BYD Atto 3,2023,29926.99189175068,14476.0,New,Sihanoukville,Grey,50/60.5,340-420,150,7.3,Authorized Dealer,GB-T/CCS2,28-02-2024,Synthetic (New Formula)
BYD,BYD Tang,2025,62358.48405615425,8224.0,Excellent,Kep,White,86.4/108.8,400-530,180,4.6,Dealer,GB-T/CCS2,9/8/2023,Synthetic (New Formula)
BMW,BMW iX1,2023,58296.38030596359,20016.0,New,Battambang,White,64.7,417,150,8.6,Dealer,GB-T/CCS2,24-02-2023,Synthetic (New Formula)
Kia,Kia EV6,2022,50061.31740618287,2268.0,New,Phnom Penh,White,77.4,484,168,7.1,Authorized Dealer,GB-T/CCS2,25-10-2024,Synthetic (New Formula)
Tesla,Tesla Model Y,2025,59989.66488999593,22885.0,Like New,Phnom Penh,Green,60/75/82,430-600,220,6.9,Authorized Dealer,GB-T/CCS2,25-08-2025,Synthetic (New Formula)
Mercedes,Mercedes EQB,2025,68295.47866782677,38064.0,New,Phnom Penh,Blue,66.5,419,168,8.0,Dealer,GB-T/CCS2,14-05-2025,Synthetic (New Formula)
MG,MG 5,2024,22141.013782770646,16439.0,New,Phnom Penh,White,61.1,403,130,7.7,Private,GB-T/CCS2,17-08-2021,Synthetic (New Formula)
MG,MG 4 EV,2024,27812.318700916436,31563.0,Fair,Kep,Silver,51/64/77,350-520,125,7.7,Dealer,GB-T/CCS2,27-08-2025,Synthetic (New Formula)
MG,MG 5,2025,20232.557698886405,0.0,New,Phnom Penh,Black,61.1,403,130,7.7,Private,GB-T/CCS2,18-06-2020,Synthetic (New Formula)
AITO,AITO M7,2023,57736.49514016034,0.0,Excellent,Phnom Penh,White,40,200 PHEV,330,4.8,Authorized Dealer,GB-T/CCS2,5/2/2022,Synthetic (New Formula)
Tesla,Tesla Model 3,2024,53149.0551590896,37398.0,New,Phnom Penh,Black,60/82,430-576,208,6.1,Dealer,GB-T/CCS2,5/5/2021,Synthetic (New Formula)
Mercedes,Mercedes EQB,2022,69926.9750621549,26280.0,Fair,Phnom Penh,Silver,66.5,419,168,8.0,Authorized Dealer,GB-T/CCS2,6/10/2024,Synthetic (New Formula)
BYD,BYD Dolphin,2024,25896.89500337418,4212.0,Good,Phnom Penh,Silver,44.9/60.5,310-420,70,7.5,Dealer,GB-T/CCS2,3/5/2025,Synthetic (New Formula)
MG,MG 4 EV,2024,25319.546457451022,6228.0,New,Phnom Penh,Black,51/64/77,350-520,125,7.7,Authorized Dealer,GB-T/CCS2,27-10-2024,Synthetic (New Formula)
Zeekr,Zeekr 001,2023,82082.19962010813,42269.0,Good,Phnom Penh,Black,86/100,560-620,200,3.3,Authorized Dealer,GB-T/CCS2,3/10/2025,Synthetic (New Formula)
VinFast,VinFast VF 8,2022,45732.19728090265,19362.0,Good,Phnom Penh,Grey,82/87.5,420-500,150,5.5,Private,GB-T/CCS2,11/2/2023,Synthetic (New Formula)
BMW,BMW iX1,2025,56712.28890636115,20286.0,Excellent,Phnom Penh,White,64.7,417,150,8.6,Private,GB-T/CCS2,9/1/2024,Synthetic (New Formula)
Denza,Denza D9,2024,79344.29659506961,8325.0,Excellent,Phnom Penh,Black,103,600,230,6.9,Authorized Dealer,GB-T/CCS2,6/7/2022,Synthetic (New Formula)
VinFast,VinFast VF 8,2021,48321.40455689944,29316.0,Excellent,Phnom Penh,Black,82/87.5,420-500,150,5.5,Private,GB-T/CCS2,13-11-2023,Synthetic (New Formula)
BMW,BMW iX1,2021,62855.45208258261,34680.0,Excellent,Sihanoukville,Grey,64.7,417,150,8.6,Private,GB-T/CCS2,27-02-2025,Synthetic (New Formula)
Mercedes,Mercedes EQB,2024,64344.289915237205,7504.0,Excellent,Siem Reap,Black,66.5,419,168,8.0,Authorized Dealer,GB-T/CCS2,18-04-2023,Synthetic (New Formula)
VinFast,VinFast VF 6,2024,27118.118780488778,23400.0,Like New,Sihanoukville,White,59.6,399,110,,Private,GB-T/CCS2,11/12/2023,Synthetic (New Formula)
Tesla,Tesla Model Y,2023,59548.11574753717,1720.0,New,Phnom Penh,White,60/75/82,430-600,220,6.9,Private,GB-T/CCS2,14-05-2022,Synthetic (New Formula)
Nissan,Nissan Leaf,2023,29499.00825874499,17816.0,Excellent,Phnom Penh,White,40/62,240-385,110,7.0,Dealer,GB-T/CCS2,26-08-2020,Synthetic (New Formula)
MG,MG ZS EV,2025,28208.99018456183,10538.0,Excellent,Phnom Penh,Silver,50.3/72.6,320-440,115,8.6,Private,GB-T/CCS2,24-08-2020,Synthetic (New Formula)
BYD,BYD Tang,2024,63919.366601316906,18496.0,New,Phnom Penh,Blue,86.4/108.8,400-530,180,4.6,Authorized Dealer,GB-T/CCS2,4/7/2022,Synthetic (New Formula)
Kia,Kia EV6,2024,53750.25822445269,33635.0,New,Phnom Penh,Blue,77.4,484,168,7.1,Private,GB-T/CCS2,3/7/2024,Synthetic (New Formula)
Zeekr,Zeekr 001,2020,79095.58434946182,26400.0,Good,Phnom Penh,Green,86/100,560-620,200,3.3,Private,GB-T/CCS2,22-11-2023,Synthetic (New Formula)
Avatr,Avatr 11,2025,64943.92196124835,11664.0,Excellent,Phnom Penh,Red,90/116,555-700,230,3.9,Private,GB-T/CCS2,3/8/2023,Synthetic (New Formula)
MG,MG 5,2024,20636.880990874324,11154.0,New,Phnom Penh,Black,61.1,403,130,7.7,Dealer,GB-T/CCS2,5/9/2023,Synthetic (New Formula)
MG,MG 4 EV,2022,25345.43452468274,8190.0,Like New,Kampot,Black,51/64/77,350-520,125,7.7,Authorized Dealer,GB-T/CCS2,26-05-2025,Synthetic (New Formula)
BYD,BYD Seal,2025,35928.16546202371,1042.0,Fair,Phnom Penh,White,61.4/82.5,400-550,150,3.8,Dealer,GB-T/CCS2,28-11-2024,Synthetic (New Formula)
XPeng,XPeng G6,2025,49163.230347533616,35800.0,Good,Phnom Penh,Grey,66/87.5,435-570,190,6.2,Private,GB-T/CCS2,5/7/2025,Synthetic (New Formula)
BYD,BYD Seagull,2023,19921.77030280523,17816.0,Fair,Battambang,Black,30/38.88,190-305,55,,Authorized Dealer,GB-T/CCS2,14-01-2025,Synthetic (New Formula)
BYD,BYD Sealion 5,2024,26874.05233486042,20660.0,New,Phnom Penh,Blue,60/72.8,410-520,150,7.5,Authorized Dealer,GB-T/CCS2,23-04-2025,Synthetic (New Formula)
Avatr,Avatr 11,2023,62871.042045412905,13258.0,New,Phnom Penh,Red,90/116,555-700,230,3.9,Dealer,GB-T/CCS2,1/1/2025,Synthetic (New Formula)
MG,MG 5,2025,20805.369408333674,8325.0,Like New,Battambang,Red,61.1,403,130,7.7,Private,GB-T/CCS2,13-05-2021,Synthetic (New Formula)
Tesla,Tesla Model Y,2024,62486.867068656444,11718.0,New,Phnom Penh,Cosmos Black,60/75/82,430-600,220,6.9,Authorized Dealer,GB-T/CCS2,2/1/2023,Synthetic (New Formula)
BYD,BYD Han,2022,65185.280848477676,28210.0,New,Battambang,Silver,76.9/85.4,500-610,180,3.9,Dealer,GB-T/CCS2,22-01-2025,Synthetic (New Formula)
Toyota,Toyota bZ4X,2023,46138.07519421605,14476.0,Like New,Battambang,Silver,71.4,500,150,7.1,Authorized Dealer,GB-T/CCS2,24-05-2023,Synthetic (New Formula)
Avatr,Avatr 07,2022,49590.079125223914,13454.0,New,Sihanoukville,Black,62.2/100.5,420-621,190,4.9,Private,GB-T/CCS2,25-09-2024,Synthetic (New Formula)
VinFast,VinFast VF 9,2021,67183.64998830586,6114.0,Fair,Phnom Penh,Grey,123,438,300,6.5,Private,GB-T/CCS2,2/1/2025,Synthetic (New Formula)
BYD,BYD Atto 3,2025,30117.49442107478,29172.0,New,Phnom Penh,Black,50/60.5,340-420,150,7.3,Dealer,GB-T/CCS2,8/3/2022,Synthetic (New Formula)
AITO,AITO M5,2025,43866.69136475737,2054.0,Excellent,Phnom Penh,Grey,40,200 PHEV,200,4.8,Dealer,GB-T/CCS2,6/4/2024,Synthetic (New Formula)
VinFast,VinFast VF 8,2021,46932.9929065718,26400.0,Excellent,Kampong Cham,Blue,82/87.5,420-500,150,5.5,Dealer,GB-T/CCS2,12/5/2025,Synthetic (New Formula)
Tesla,Tesla Model 3,2023,49699.05449984152,21720.0,Good,Phnom Penh,Silver,60/82,430-576,208,6.1,Private,GB-T/CCS2,22-06-2020,Synthetic (New Formula)
Mercedes,Mercedes EQB,2024,63251.08389063695,0.0,New,Phnom Penh,White,66.5,419,168,8.0,Authorized Dealer,GB-T/CCS2,11/12/2021,Synthetic (New Formula)
Tesla,Tesla Model 3,2024,50002.848458296605,35938.0,Fair,Sihanoukville,Green,60/82,430-576,208,6.1,Dealer,GB-T/CCS2,25-09-2020,Synthetic (New Formula)
Mercedes,Mercedes EQB,2023,66697.94199591005,29853.0,Excellent,Phnom Penh,Red,66.5,419,168,8.0,Dealer,GB-T/CCS2,16-08-2022,Synthetic (New Formula)
Denza,Denza D9,2024,91128.3899570789,43475.0,New,Battambang,Silver,103,600,230,6.9,Authorized Dealer,GB-T/CCS2,16-07-2023,Synthetic (New Formula)
Zeekr,Zeekr 001,2024,78237.81512214633,16928.0,Like New,Phnom Penh,White,86/100,560-620,200,3.3,Private,GB-T/CCS2,7/6/2022,Synthetic (New Formula)
BYD,BYD Seal 5,2025,20880.782541080644,19038.0,New,Battambang,White,15.8,80 PHEV,110,7.9,Authorized Dealer,GB-T/CCS2,21-04-2025,Synthetic (New Formula)
MG,MG ZS EV,2023,27656.65644023755,0.0,Excellent,Phnom Penh,Grey,50.3/72.6,320-440,115,8.6,Authorized Dealer,GB-T/CCS2,5/2/2021,Synthetic (New Formula)
BYD,BYD Han,2023,62647.29781381099,10700.0,New,Battambang,Silver,76.9/85.4,500-610,180,3.9,Dealer,GB-T/CCS2,22-01-2025,Synthetic (New Formula)
AION,AION V,2021,44986.39034833176,39303.0,Like New,Phnom Penh,Black,68.8/80,480-610,165,7.1,Dealer,GB-T/CCS2,28-12-2024,Synthetic (New Formula)
MG,MG 5,2022,25029.15604075505,34304.0,Good,Battambang,Red,61.1,403,130,7.7,Private,GB-T/CCS2,13-05-2021,Synthetic (New Formula)
MG,MG ZS EV,2023,29429.146678505233,19566.0,New,Phnom Penh,Silver,50.3/72.6,320-440,115,8.6,Private,GB-T/CCS2,10/5/2025,Synthetic (New Formula)
BYD,BYD Tang,2024,66147.90738660067,14008.0,New,Battambang,Black,86.4/108.8,400-530,180,4.6,Authorized Dealer,GB-T/CCS2,23-07-2025,Synthetic (New Formula)
Tesla,Tesla Model Y,2022,60016.04976533456,5226.0,Like New,Siem Reap,Red,60/75/82,430-600,220,6.9,Authorized Dealer,GB-T/CCS2,8/4/2021,Synthetic (New Formula)
Tesla,Tesla Model 3,2024,46057.557136928415,8720.0,New,Siem Reap,White,60/82,430-576,208,6.1,Dealer,GB-T/CCS2,2/8/2023,Synthetic (New Formula)
Tesla,Tesla Model Y,2023,61631.23648458162,4895.0,Excellent,Siem Reap,Silver,60/75/82,430-600,220,6.9,Private,GB-T/CCS2,11/5/2025,Synthetic (New Formula)
Tesla,Tesla Model Y,2024,58526.117571299685,14310.0,Like New,Phnom Penh,White,60/75/82,430-600,220,6.9,Dealer,GB-T/CCS2,16-11-2024,Synthetic (New Formula)
Deepal,Deepal L07,2025,43655.83176548662,0.0,New,Kampot,Green,31.6,200 PHEV,160,7.3,Private,GB-T/CCS2,3/3/2024,Synthetic (New Formula)
Avatr,Avatr 11,2021,70595.48148797792,9536.0,New,Phnom Penh,Blue,90/116,555-700,230,3.9,Authorized Dealer,GB-T/CCS2,18-08-2022,Synthetic (New Formula)
AITO,AITO M7,2023,62211.16387289678,23736.0,Like New,Phnom Penh,Grey,40,200 PHEV,330,4.8,Dealer,GB-T/CCS2,18-04-2024,Synthetic (New Formula)
BYD,BYD Han,2021,65622.24474610657,44560.0,Like New,Battambang,Blue,76.9/85.4,500-610,180,3.9,Private,GB-T/CCS2,26-12-2021,Synthetic (New Formula)
Kia,Kia EV5,2024,37361.72799153687,20286.0,Like New,Phnom Penh,Black,64.2/88,400-600,160,7.5,Authorized Dealer,GB-T/CCS2,8/9/2023,Synthetic (New Formula)
Nissan,Nissan Leaf,2025,26978.184579431938,0.0,Excellent,Kampong Cham,Green,40/62,240-385,110,7.0,Authorized Dealer,GB-T/CCS2,13-11-2021,Synthetic (New Formula)
XPeng,XPeng G6,2022,53198.48200512099,41940.0,Like New,Kampot,Blue,66/87.5,435-570,190,6.2,Dealer,GB-T/CCS2,13-04-2024,Synthetic (New Formula)
MG,MG ZS EV,2025,25479.85593664686,7434.0,New,Siem Reap,Black,50.3/72.6,320-440,115,8.6,Dealer,GB-T/CCS2,3/5/2023,Synthetic (New Formula)
Zeekr,Zeekr 001,2025,72083.7857338199,20658.0,Fair,Phnom Penh,Green,86/100,560-620,200,3.3,Private,GB-T/CCS2,22-11-2023,Synthetic (New Formula)
Mercedes,Mercedes EQB,2024,61173.16202758728,12844.0,New,Phnom Penh,Orange,66.5,419,168,8.0,Authorized Dealer,GB-T/CCS2,15-10-2023,Synthetic (New Formula)
Denza,Denza D9,2021,83075.02328832677,0.0,Excellent,Phnom Penh,Silver,103,600,230,6.9,Private,GB-T/CCS2,18-07-2024,Synthetic (New Formula)
Arcfox,Arcfox Koala S,2024,29366.91779690047,41750.0,New,Phnom Penh,Black,42.8,301,120,8.5,Dealer,GB-T/CCS2,5/4/2024,Synthetic (New Formula)
Kia,Kia EV9,2024,78454.27877951394,20608.0,Like New,Phnom Penh,Black,99.8,541,283,5.3,Dealer,GB-T/CCS2,15-09-2023,Synthetic (New Formula)
Toyota,Toyota bZ4X,2025,45262.80527306749,20286.0,New,Sihanoukville,Black,71.4,500,150,7.1,Authorized Dealer,GB-T/CCS2,11/3/2022,Synthetic (New Formula)
BYD,BYD Atto 3,2025,30981.201164854836,35800.0,Like New,Phnom Penh,White,50/60.5,340-420,150,7.3,Private,GB-T/CCS2,9/11/2024,Synthetic (New Formula)
VinFast,VinFast VF 6,2023,27659.80650279634,32973.0,New,Phnom Penh,White,59.6,399,110,,Dealer,GB-T/CCS2,23-08-2024,Synthetic (New Formula)
VinFast,VinFast VF 9,2021,70926.7897164199,23736.0,New,Siem Reap,Blue,123,438,300,6.5,Private,GB-T/CCS2,24-04-2024,Synthetic (New Formula)
Zeekr,Zeekr 001,2021,78979.13477067318,8736.0,Like New,Battambang,Silver,86/100,560-620,200,3.3,Authorized Dealer,GB-T/CCS2,18-03-2022,Synthetic (New Formula)
Denza,Denza D9,2022,87485.13829017844,10673.0,New,Phnom Penh,Silver,103,600,230,6.9,Private,GB-T/CCS2,18-07-2024,Synthetic (New Formula)
BYD,BYD Atto 3,2025,28963.224455446318,5745.0,New,Kampong Cham,Silver,50/60.5,340-420,150,7.3,Dealer,GB-T/CCS2,13-10-2023,Synthetic (New Formula)
BYD,BYD Sealion 7,2025,41992.34035355231,14127.0,Like New,Kampot,White,71.8/91.3,460-567,230,4.5,Private,GB-T/CCS2,15-02-2025,Synthetic (New Formula)
VinFast,VinFast VF 8,2024,41661.296147248744,0.0,Like New,Kampong Cham,Blue,82/87.5,420-500,150,5.5,Dealer,GB-T/CCS2,12/5/2025,Synthetic (New Formula)
BYD,BYD Seal,2023,39937.62070186501,15372.0,New,Sihanoukville,White,61.4/82.5,400-550,150,3.8,Private,GB-T/CCS2,26-08-2024,Synthetic (New Formula)
Nissan,Nissan Leaf,2025,28164.753140652963,14076.0,New,Siem Reap,Silver,40/62,240-385,110,7.0,Authorized Dealer,GB-T/CCS2,13-08-2024,Synthetic (New Formula)
MG,MG 5,2024,22878.864633001158,24099.0,New,Preah Vihear,Grey,61.1,403,130,7.7,Authorized Dealer,GB-T/CCS2,25-09-2022,Synthetic (New Formula)
Deepal,Deepal S07,2023,51879.19147495009,7980.0,Like New,Phnom Penh,Silver,31.6/80,200 PHEV,190,6.7,Private,GB-T/CCS2,20-06-2024,Synthetic (New Formula)
BYD,BYD Seagull,2023,18866.833845988178,0.0,New,Kampong Cham,Red,30/38.88,190-305,55,,Dealer,GB-T/CCS2,4/7/2025,Synthetic (New Formula)
BMW,BMW iX1,2020,60262.98504553029,16128.0,Excellent,Phnom Penh,Black,64.7,417,150,8.6,Authorized Dealer,GB-T/CCS2,6/10/2025,Synthetic (New Formula)
MG,MG ZS EV,2023,28098.68042388927,8272.0,Good,Phnom Penh,White,50.3/72.6,320-440,115,8.6,Authorized Dealer,GB-T/CCS2,23-02-2024,Synthetic (New Formula)
Tesla,Tesla Model 3,2025,44020.47093140668,0.0,Excellent,Phnom Penh,White,60/82,430-576,208,6.1,Private,GB-T/CCS2,1/2/2023,Synthetic (New Formula)
Avatr,Avatr 12,2022,65124.98223377452,975.0,New,Phnom Penh,White,94.5,650,230,3.9,Authorized Dealer,GB-T/CCS2,1/1/2025,Synthetic (New Formula)
AION,AION V,2025,37777.64500680436,871.0,New,Phnom Penh,Blue,68.8/80,480-610,165,7.1,Dealer,GB-T/CCS2,24-05-2025,Synthetic (New Formula)
AION,AION ES,2023,29706.01335211573,6888.0,Good,Sihanoukville,Blue,55.6,410,150,7.5,Authorized Dealer,GB-T/CCS2,8/6/2024,Synthetic (New Formula)
Kia,Kia EV6,2022,51940.2466678983,4170.0,Excellent,Phnom Penh,White,77.4,484,168,7.1,Authorized Dealer,GB-T/CCS2,25-10-2024,Synthetic (New Formula)
AITO,AITO M5,2023,49707.725533415716,26900.0,Excellent,Battambang,Grey,40,200 PHEV,200,4.8,Private,GB-T/CCS2,2/1/2025,Synthetic (New Formula)
Kia,Kia EV6,2023,52939.75382831656,31563.0,New,Phnom Penh,Silver,77.4,484,168,7.1,Authorized Dealer,GB-T/CCS2,19-08-2025,Synthetic (New Formula)
Avatr,Avatr 11,2021,69583.17558044915,1147.0,Excellent,Kep,Grey,90/116,555-700,230,3.9,Private,GB-T/CCS2,9/10/2024,Synthetic (New Formula)
BYD,BYD Atto 3,2025,30495.535434223024,25550.0,Fair,Battambang,White,50/60.5,340-420,150,7.3,Authorized Dealer,GB-T/CCS2,8/5/2024,Synthetic (New Formula)
Kia,Kia EV6,2023,50757.53271567114,9207.0,New,Phnom Penh,Grey,77.4,484,168,7.1,Authorized Dealer,GB-T/CCS2,19-03-2022,Synthetic (New Formula)
Kia,Kia EV6,2025,47478.92594594502,21489.0,New,Phnom Penh,Black,77.4,484,168,7.1,Authorized Dealer,GB-T/CCS2,3/4/2024,Synthetic (New Formula)
BYD,BYD Atto 3,2024,28905.491354023372,2054.0,New,Sihanoukville,White,50/60.5,340-420,150,7.3,Dealer,GB-T/CCS2,26-01-2023,Synthetic (New Formula)
BYD,BYD Sealion 7,2021,44046.68975169748,6114.0,Like New,Battambang,Black,71.8/91.3,460-567,230,4.5,Private,GB-T/CCS2,24-06-2024,Synthetic (New Formula)
Denza,Denza D9,2020,97175.72109167809,56880.0,Excellent,Phnom Penh,Blue,103,600,230,6.9,Dealer,GB-T/CCS2,8/10/2024,Synthetic (New Formula)
BYD,BYD Tang,2025,62023.730995371785,10065.0,New,Sihanoukville,Silver,86.4/108.8,400-530,180,4.6,Authorized Dealer,GB-T/CCS2,5/5/2021,Synthetic (New Formula)
MG,MG ZS EV,2025,26824.893574388327,13395.0,Fair,Phnom Penh,White,50.3/72.6,320-440,115,8.6,Private,GB-T/CCS2,9/6/2024,Synthetic (New Formula)
Tesla,Tesla Model Y,2023,64200.89631165,18649.0,New,Phnom Penh,Grey,60/75/82,430-600,220,6.9,Private,GB-T/CCS2,28-02-2024,Synthetic (New Formula)
Kia,Kia EV5,2022,38977.74390812471,10881.0,Like New,Kampot,White,64.2/88,400-600,160,7.5,Private,GB-T/CCS2,25-01-2025,Synthetic (New Formula)
MG,MG 5,2025,22378.71193368829,28650.0,New,Phnom Penh,Grey,61.1,403,130,7.7,Dealer,GB-T/CCS2,21-05-2022,Synthetic (New Formula)
Hyundai,Hyundai Ioniq 5,2022,44210.887099762804,0.0,New,Phnom Penh,Silver,58/72.6,354-488,125,7.4,Private,GB-T/CCS2,12/11/2024,Synthetic (New Formula)
BYD,BYD Tang,2024,60386.668401858406,20540.0,New,Phnom Penh,Black,86.4/108.8,400-530,180,4.6,Authorized Dealer,GB-T/CCS2,23-10-2020,Synthetic (New Formula)
Tesla,Tesla Model Y,2025,57902.35272256684,26102.0,Excellent,Phnom Penh,White,60/75/82,430-600,220,6.9,Private,GB-T/CCS2,14-05-2022,Synthetic (New Formula)
Avatr,Avatr 12,2023,63584.5326274886,7224.0,New,Phnom Penh,White,94.5,650,230,3.9,Authorized Dealer,GB-T/CCS2,1/1/2025,Synthetic (New Formula)
BYD,BYD Sealion 6,2024,42980.56710081761,3660.0,New,Phnom Penh,Black,18.3,80-100 PHEV,145,8.5,Authorized Dealer,GB-T/CCS2,28-09-2025,Synthetic (New Formula)
BYD,BYD Sealion 6,2025,48070.29970158797,35598.0,New,Phnom Penh,Black,18.3,80-100 PHEV,145,8.5,Authorized Dealer,GB-T/CCS2,7/2/2024,Synthetic (New Formula)
Mercedes,Mercedes EQB,2024,68317.83355680907,14756.0,New,Siem Reap,Black,66.5,419,168,8.0,Authorized Dealer,GB-T/CCS2,18-04-2023,Synthetic (New Formula)
AITO,AITO M5,2025,42367.26822215765,5035.0,Excellent,Battambang,White,40,200 PHEV,200,4.8,Authorized Dealer,GB-T/CCS2,11/11/2023,Synthetic (New Formula)
AITO,AITO M7,2024,57029.06573601018,14310.0,New,Battambang,Grey,40,200 PHEV,330,4.8,Dealer,GB-T/CCS2,18-01-2025,Synthetic (New Formula)
Mercedes,Mercedes EQB,2023,65932.81866676676,10940.0,Excellent,Phnom Penh,Black,66.5,419,168,8.0,Private,GB-T/CCS2,28-02-2025,Synthetic (New Formula)
Toyota,Toyota bZ4X,2024,47931.20844885129,14008.0,Good,Battambang,Silver,71.4,500,150,7.1,Authorized Dealer,GB-T/CCS2,24-05-2023,Synthetic (New Formula)
Zeekr,Zeekr 007,2022,68098.02821974808,40327.0,Like New,Phnom Penh,Red,75/100,530-688,310,3.5,Private,GB-T/CCS2,3/2/2025,Synthetic (New Formula)
BYD,BYD Dolphin,2022,25941.124540736037,0.0,New,Battambang,Silver,44.9/60.5,310-420,70,7.5,Private,GB-T/CCS2,9/10/2023,Synthetic (New Formula)
AION,AION Y Plus,2024,37971.523258288194,34680.0,Like New,Phnom Penh,Silver,51.9/63.9,410-510,150,7.8,Dealer,GB-T/CCS2,2/7/2025,Synthetic (New Formula)
Avatr,Avatr 07,2024,44370.96213151477,8992.0,New,Phnom Penh,Silver,62.2/100.5,420-621,190,4.9,Authorized Dealer,GB-T/CCS2,13-02-2025,Synthetic (New Formula)
BYD,BYD Seal,2025,35821.04653401798,28210.0,Excellent,Phnom Penh,Blue,61.4/82.5,400-550,150,3.8,Private,GB-T/CCS2,20-12-2022,Synthetic (New Formula)
MG,MG ZS EV,2023,31144.31900805741,42883.0,Excellent,Phnom Penh,White,50.3/72.6,320-440,115,8.6,Authorized Dealer,GB-T/CCS2,23-02-2024,Synthetic (New Formula)
BYD,BYD Seal,2024,34717.663263907554,0.0,New,Battambang,Black,61.4/82.5,400-550,150,3.8,Private,GB-T/CCS2,22-05-2023,Synthetic (New Formula)
BYD,BYD Tang,2025,62959.47927391105,8073.0,Excellent,Phnom Penh,White,86.4/108.8,400-530,180,4.6,Authorized Dealer,GB-T/CCS2,22-01-2025,Synthetic (New Formula)
Avatr,Avatr 07,2024,47464.715438615654,11412.0,Like New,Preah Vihear,Black,62.2/100.5,420-621,190,4.9,Authorized Dealer,GB-T/CCS2,21-12-2024,Synthetic (New Formula)
BYD,BYD Atto 3,2025,27404.741967550763,9536.0,Like New,Phnom Penh,Black,50/60.5,340-420,150,7.3,Dealer,GB-T/CCS2,8/3/2022,Synthetic (New Formula)
BYD,BYD Han,2023,65858.5456025856,38418.0,Excellent,Battambang,White,76.9/85.4,500-610,180,3.9,Private,GB-T/CCS2,4/11/2022,Synthetic (New Formula)
Avatr,Avatr 11,2025,64004.361764673595,8071.0,Good,Phnom Penh,Black,90/116,555-700,230,3.9,Authorized Dealer,GB-T/CCS2,18-11-2023,Synthetic (New Formula)
Avatr,Avatr 11,2022,71510.42616548417,5226.0,New,Phnom Penh,Red,90/116,555-700,230,3.9,Authorized Dealer,GB-T/CCS2,19-07-2024,Synthetic (New Formula)
Toyota,Toyota bZ5,2022,41241.80275451382,19362.0,New,Kep,White,71.2,630,180,6.8,Private,GB-T/CCS2,27-07-2025,Synthetic (New Formula)
BYD,BYD Seagull,2024,19110.338240987952,5110.0,New,Phnom Penh,White,30/38.88,190-305,55,,Dealer,GB-T/CCS2,11/12/2023,Synthetic (New Formula)
VinFast,VinFast VF 8,2025,41192.000852027275,1185.0,Like New,Kampong Cham,Blue,82/87.5,420-500,150,5.5,Dealer,GB-T/CCS2,12/5/2025,Synthetic (New Formula)
BYD,BYD Sealion 6,2022,49927.23362662925,27027.0,Good,Sihanoukville,Black,18.3,80-100 PHEV,145,8.5,Private,GB-T/CCS2,25-03-2023,Synthetic (New Formula)
BYD,BYD Tang,2025,69762.34783118112,52100.0,Fair,Phnom Penh,Grey,86.4/108.8,400-530,180,4.6,Authorized Dealer,GB-T/CCS2,13-02-2023,Synthetic (New Formula)
AION,AION ES,2022,30399.62996508963,14040.0,New,Phnom Penh,White,55.6,410,150,7.5,Authorized Dealer,GB-T/CCS2,2/5/2025,Synthetic (New Formula)
MG,MG 4 EV,2024,25657.42680395365,4995.0,New,Phnom Penh,Grey,51/64/77,350-520,125,7.7,Dealer,GB-T/CCS2,9/2/2022,Synthetic (New Formula)
Kia,Kia EV6,2025,49211.309852738894,29172.0,New,Sihanoukville,Green,77.4,484,168,7.1,Authorized Dealer,GB-T/CCS2,3/1/2024,Synthetic (New Formula)
Zeekr,Zeekr 007,2024,63629.85044387248,15372.0,New,Phnom Penh,Red,75/100,530-688,310,3.5,Dealer,GB-T/CCS2,8/5/2025,Synthetic (New Formula)
BYD,BYD Seal 5,2025,19573.439815666425,3316.0,Fair,Sihanoukville,Red,15.8,80 PHEV,110,7.9,Authorized Dealer,GB-T/CCS2,4/7/2025,Synthetic (New Formula)
Nissan,Nissan Leaf,2020,30540.99283464718,0.0,Fair,Battambang,Black,40/62,240-385,110,7.0,Private,GB-T/CCS2,26-02-2022,Synthetic (New Formula)
Hyundai,Hyundai Ioniq 5,2024,40711.30278200536,0.0,Excellent,Kampong Cham,Grey,58/72.6,354-488,125,7.4,Dealer,GB-T/CCS2,20-06-2021,Synthetic (New Formula)
BYD,BYD Han,2022,58496.99260177231,0.0,New,Phnom Penh,Grey,76.9/85.4,500-610,180,3.9,Authorized Dealer,GB-T/CCS2,10/9/2023,Synthetic (New Formula)
Kia,Kia EV5,2025,35061.55819270916,4120.0,Good,Kampot,Silver,64.2/88,400-600,160,7.5,Dealer,GB-T/CCS2,13-05-2024,Synthetic (New Formula)
AITO,AITO M5,2025,47817.74841178829,30711.0,Like New,Preah Vihear,Black,40,200 PHEV,200,4.8,Private,GB-T/CCS2,24-10-2024,Synthetic (New Formula)
AITO,AITO M7,2025,58787.048527964354,29551.0,New,Phnom Penh,White,40,200 PHEV,330,4.8,Private,GB-T/CCS2,7/1/2024,Synthetic (New Formula)
Nissan,Nissan Leaf,2024,31840.16502470749,33292.0,Excellent,Phnom Penh,Grey,40/62,240-385,110,7.0,Authorized Dealer,GB-T/CCS2,10/4/2021,Synthetic (New Formula)
Tesla,Tesla Model 3,2024,44730.33094365695,0.0,New,Kep,Black,60/82,430-576,208,6.1,Authorized Dealer,GB-T/CCS2,23-07-2024,Synthetic (New Formula)
Tesla,Tesla Model Y,2024,62314.938907939555,35280.0,Excellent,Siem Reap,Silver,60/75/82,430-600,220,6.9,Private,GB-T/CCS2,11/5/2025,Synthetic (New Formula)
Leapmotor,Leapmotor T03,2023,13198.270822214852,7928.0,Like New,Phnom Penh,Blue,41.3,403,80,,Dealer,GB-T/CCS2,19-08-2023,Synthetic (New Formula)
BYD,BYD Tang,2024,61819.499572158405,8640.0,Excellent,Phnom Penh,Silver,86.4/108.8,400-530,180,4.6,Private,GB-T/CCS2,12/1/2024,Synthetic (New Formula)
Zeekr,Zeekr 007,2024,67737.98348638347,27300.0,New,Preah Vihear,Grey,75/100,530-688,310,3.5,Authorized Dealer,GB-T/CCS2,16-09-2024,Synthetic (New Formula)
BYD,BYD Sealion 6,2024,42842.42153927712,0.0,Like New,Battambang,Blue,18.3,80-100 PHEV,145,8.5,Dealer,GB-T/CCS2,24-01-2025,Synthetic (New Formula)
Zeekr,Zeekr 001,2023,72292.7338487907,4240.0,Fair,Phnom Penh,Black,86/100,560-620,200,3.3,Authorized Dealer,GB-T/CCS2,3/10/2025,Synthetic (New Formula)
Nissan,Nissan Leaf,2025,30810.115079599167,33139.0,New,Battambang,Black,40/62,240-385,110,7.0,Private,GB-T/CCS2,26-02-2022,Synthetic (New Formula)
BYD,BYD Sealion 6,2024,43229.69784863141,5755.0,Excellent,Battambang,Grey,18.3,80-100 PHEV,145,8.5,Authorized Dealer,GB-T/CCS2,3/12/2023,Synthetic (New Formula)
VinFast,VinFast VF 8,2024,42072.56871065929,27690.0,New,Preah Vihear,Blue,82/87.5,420-500,150,5.5,Private,GB-T/CCS2,9/4/2022,Synthetic (New Formula)
Zeekr,Zeekr 007,2024,66977.66344672206,9774.0,New,Preah Vihear,Grey,75/100,530-688,310,3.5,Authorized Dealer,GB-T/CCS2,16-09-2024,Synthetic (New Formula)
Avatr,Avatr 11,2022,73146.73078444031,0.0,Good,Battambang,White,90/116,555-700,230,3.9,Authorized Dealer,GB-T/CCS2,28-01-2024,Synthetic (New Formula)
Nissan,Nissan Leaf,2022,28854.04023070811,0.0,Like New,Phnom Penh,White,40/62,240-385,110,7.0,Authorized Dealer,GB-T/CCS2,22-08-2022,Synthetic (New Formula)
Kia,Kia EV6,2023,46629.70482607288,4640.0,New,Phnom Penh,Black,77.4,484,168,7.1,Dealer,GB-T/CCS2,11/11/2023,Synthetic (New Formula)
MG,MG 4 EV,2022,25802.11879822124,0.0,Like New,Phnom Penh,White,51/64/77,350-520,125,7.7,Private,GB-T/CCS2,7/2/2025,Synthetic (New Formula)
Toyota,Toyota bZ4X,2025,44261.53061609324,12342.0,Excellent,Sihanoukville,Black,71.4,500,150,7.1,Private,GB-T/CCS2,26-07-2024,Synthetic (New Formula)
VinFast,VinFast VF 8,2024,47877.273817481626,52982.0,New,Preah Vihear,Blue,82/87.5,420-500,150,5.5,Private,GB-T/CCS2,9/4/2022,Synthetic (New Formula)
Deepal,Deepal S07,2024,49661.92354602089,4390.0,New,Kampot,White,31.6/80,200 PHEV,190,6.7,Dealer,GB-T/CCS2,4/12/2024,Synthetic (New Formula)
BYD,BYD Atto 2,2023,25871.066278578037,28440.0,Like New,Phnom Penh,Black,45.1,312-401,130,7.9,Authorized Dealer,GB-T/CCS2,15-03-2024,Synthetic (New Formula)
AION,AION Y Plus,2020,42121.14231960984,54510.0,New,Phnom Penh,Silver,51.9/63.9,410-510,150,7.8,Authorized Dealer,GB-T/CCS2,2/1/2025,Synthetic (New Formula)
BYD,BYD Seal,2023,35498.42128309675,8640.0,Fair,Phnom Penh,Grey,61.4/82.5,400-550,150,3.8,Private,GB-T/CCS2,13-06-2022,Synthetic (New Formula)
MG,MG ZS EV,2022,29840.384588715806,7980.0,New,Kratie,Red,50.3/72.6,320-440,115,8.6,Dealer,GB-T/CCS2,10/12/2020,Synthetic (New Formula)
MG,MG ZS EV,2024,32562.679756990652,39865.0,Excellent,Phnom Penh,White,50.3/72.6,320-440,115,8.6,Private,GB-T/CCS2,21-01-2022,Synthetic (New Formula)
MG,MG 5,2025,22309.02456077983,26675.0,Like New,Siem Reap,White,61.1,403,130,7.7,Dealer,GB-T/CCS2,19-06-2024,Synthetic (New Formula)
AITO,AITO M7,2022,68413.98418522862,61672.0,Excellent,Phnom Penh,White,40,200 PHEV,330,4.8,Private,GB-T/CCS2,7/1/2024,Synthetic (New Formula)
VinFast,VinFast VF 6,2022,28024.141423753503,33635.0,New,Phnom Penh,White,59.6,399,110,,Dealer,GB-T/CCS2,23-08-2024,Synthetic (New Formula)
Mercedes,Mercedes EQB,2023,68365.26186943294,23575.0,New,Phnom Penh,Red,66.5,419,168,8.0,Dealer,GB-T/CCS2,16-08-2022,Synthetic (New Formula)
BYD,BYD Tang,2023,66729.51500708447,44680.0,Excellent,Phnom Penh,Pearl White,86.4/108.8,400-530,180,4.6,Authorized Dealer,GB-T/CCS2,26-04-2022,Synthetic (New Formula)
AION,AION ES,2025,31906.838620087085,38484.0,Excellent,Phnom Penh,Silver,55.6,410,150,7.5,Authorized Dealer,GB-T/CCS2,24-03-2024,Synthetic (New Formula)
BYD,BYD Han,2025,58145.392806009004,11808.0,Like New,Kep,White,76.9/85.4,500-610,180,3.9,Authorized Dealer,GB-T/CCS2,23-05-2023,Synthetic (New Formula)
Avatr,Avatr 11,2025,70762.64466036741,11820.0,New,Kep,Grey,90/116,555-700,230,3.9,Private,GB-T/CCS2,9/10/2024,Synthetic (New Formula)
Tesla,Tesla Model 3,2022,50445.652999838676,30336.0,Like New,Phnom Penh,Pearl White,60/82,430-576,208,6.1,Private,GB-T/CCS2,23-01-2024,Synthetic (New Formula)
BYD,BYD Sealion 5,2024,31318.23941880497,44935.0,Like New,Phnom Penh,Blue,60/72.8,410-520,150,7.5,Authorized Dealer,GB-T/CCS2,23-04-2025,Synthetic (New Formula)
BYD,BYD Han,2025,59536.95194925727,31944.0,Excellent,Kampot,White,76.9/85.4,500-610,180,3.9,Private,GB-T/CCS2,26-12-2020,Synthetic (New Formula)
BYD,BYD Atto 2,2024,23877.198482291496,5525.0,New,Siem Reap,White,45.1,312-401,130,7.9,Authorized Dealer,GB-T/CCS2,23-05-2025,Synthetic (New Formula)
MG,MG 5,2023,21824.11617408606,0.0,New,Siem Reap,Blue,61.1,403,130,7.7,Dealer,GB-T/CCS2,6/2/2024,Synthetic (New Formula)
BYD,BYD Sealion 6,2025,42411.41564493354,5950.0,Like New,Sihanoukville,Black,18.3,80-100 PHEV,145,8.5,Private,GB-T/CCS2,25-03-2023,Synthetic (New Formula)
Denza,Denza D9,2025,78603.7064831388,2346.0,New,Phnom Penh,Blue,103,600,230,6.9,Dealer,GB-T/CCS2,8/10/2024,Synthetic (New Formula)
Mercedes,Mercedes EQB,2023,70709.02459037177,26675.0,New,Kampot,White,66.5,419,168,8.0,Dealer,GB-T/CCS2,28-08-2025,Synthetic (New Formula)
VinFast,VinFast VF 9,2023,66864.54499189192,7525.0,New,Kampong Cham,Silver,123,438,300,6.5,Private,GB-T/CCS2,6/10/2024,Synthetic (New Formula)
Hyundai,Hyundai Ioniq 5,2024,43757.53035824138,35800.0,Like New,Preah Vihear,Red,58/72.6,354-488,125,7.4,Private,GB-T/CCS2,26-08-2024,Synthetic (New Formula)
Tesla,Tesla Model 3,2022,49094.517885229696,17238.0,Like New,Kampong Cham,White,60/82,430-576,208,6.1,Private,GB-T/CCS2,5/8/2021,Synthetic (New Formula)
Tesla,Tesla Model 3,2023,48442.460947973435,30082.0,New,Kampong Cham,White,60/82,430-576,208,6.1,Private,GB-T/CCS2,5/8/2021,Synthetic (New Formula)
BYD,BYD Seal,2022,36496.60758117436,0.0,Good,Siem Reap,Grey,61.4/82.5,400-550,150,3.8,Authorized Dealer,GB-T/CCS2,17-05-2025,Synthetic (New Formula)
BYD,BYD Tang,2025,66881.65222153388,43953.0,New,Phnom Penh,Black,86.4/108.8,400-530,180,4.6,Dealer,GB-T/CCS2,28-03-2020,Synthetic (New Formula)
BYD,BYD Han,2023,59983.57126284728,26675.0,Like New,Battambang,White,76.9/85.4,500-610,180,3.9,Private,GB-T/CCS2,4/11/2022,Synthetic (New Formula)
AITO,AITO M7,2025,53320.58498402653,6090.0,New,Phnom Penh,Black,40,200 PHEV,330,4.8,Dealer,GB-T/CCS2,25-07-2024,Synthetic (New Formula)
BYD,BYD Atto 3,2022,31132.37906212035,8020.0,New,Sihanoukville,White,50/60.5,340-420,150,7.3,Dealer,GB-T/CCS2,26-01-2023,Synthetic (New Formula)
Xiaomi,Xiaomi SU7,2024,73435.54373005673,1111.0,New,Siem Reap,White,73.6/94.3,495-830,220,5.3,Dealer,GB-T/CCS2,13-09-2024,Synthetic (New Formula)
Deepal,Deepal L07,2025,40915.716671577386,944.0,Like New,Siem Reap,Blue,31.6,200 PHEV,160,7.3,Dealer,GB-T/CCS2,25-09-2024,Synthetic (New Formula)
AITO,AITO M7,2025,58942.706068926076,17616.0,Like New,Battambang,Grey,40,200 PHEV,330,4.8,Dealer,GB-T/CCS2,18-01-2025,Synthetic (New Formula)
Mercedes,Mercedes EQB,2021,67678.32175234373,5755.0,Excellent,Phnom Penh,Orange,66.5,419,168,8.0,Authorized Dealer,GB-T/CCS2,15-10-2023,Synthetic (New Formula)
Kia,Kia EV5,2022,37400.35088240498,20328.0,Good,Phnom Penh,Black,64.2/88,400-600,160,7.5,Authorized Dealer,GB-T/CCS2,8/9/2023,Synthetic (New Formula)
XPeng,XPeng G6,2024,44917.30003544788,18530.0,Like New,Battambang,Green,66/87.5,435-570,190,6.2,Authorized Dealer,GB-T/CCS2,15-12-2023,Synthetic (New Formula)
VinFast,VinFast VF 8,2025,47246.191752096754,51168.0,Fair,Phnom Penh,Black,82/87.5,420-500,150,5.5,Authorized Dealer,GB-T/CCS2,2/10/2024,Synthetic (New Formula)
BYD,BYD Han,2023,59428.175130121046,1108.0,Excellent,Phnom Penh,Orange,76.9/85.4,500-610,180,3.9,Authorized Dealer,GB-T/CCS2,9/9/2021,Synthetic (New Formula)
AION,AION ES,2021,35664.23793961592,22480.0,Like New,Phnom Penh,Silver,55.6,410,150,7.5,Authorized Dealer,GB-T/CCS2,24-03-2024,Synthetic (New Formula)
BYD,BYD Tang,2023,70862.6978855752,41667.0,Like New,Phnom Penh,White,86.4/108.8,400-530,180,4.6,Authorized Dealer,GB-T/CCS2,22-01-2025,Synthetic (New Formula)
BYD,BYD Tang,2025,61479.93621979677,0.0,Like New,Preah Vihear,Black,86.4/108.8,400-530,180,4.6,Private,GB-T/CCS2,21-05-2023,Synthetic (New Formula)
Kia,Kia EV6,2021,56718.33975949863,44935.0,Like New,Phnom Penh,Black,77.4,484,168,7.1,Dealer,GB-T/CCS2,11/11/2023,Synthetic (New Formula)
BYD,BYD Han,2024,61491.1800926789,17493.0,Excellent,Battambang,Blue,76.9/85.4,500-610,180,3.9,Private,GB-T/CCS2,26-12-2021,Synthetic (New Formula)
BYD,BYD Sealion 7,2023,43114.80036685482,11412.0,Excellent,Sihanoukville,Silver,71.8/91.3,460-567,230,4.5,Dealer,GB-T/CCS2,11/12/2024,Synthetic (New Formula)
Tesla,Tesla Model Y,2023,61413.31088464356,7504.0,New,Sihanoukville,Silver,60/75/82,430-600,220,6.9,Dealer,GB-T/CCS2,9/8/2021,Synthetic (New Formula)
Kia,Kia EV5,2022,37054.189424115546,10790.0,New,Kampot,White,64.2/88,400-600,160,7.5,Private,GB-T/CCS2,25-01-2025,Synthetic (New Formula)
BYD,BYD Han,2024,63328.73931162225,42441.0,Excellent,Phnom Penh,White,76.9/85.4,500-610,180,3.9,Dealer,GB-T/CCS2,12/5/2024,Synthetic (New Formula)
VinFast,VinFast VF 9,2024,65970.2006433278,12195.0,New,Phnom Penh,Silver,123,438,300,6.5,Authorized Dealer,GB-T/CCS2,18-05-2022,Synthetic (New Formula)
BYD,BYD Atto 2,2025,24884.07068350751,31426.0,New,Phnom Penh,Cosmos Black,45.1,312-401,130,7.9,Authorized Dealer,GB-T/CCS2,14-06-2024,Synthetic (New Formula)
BYD,BYD Han,2023,63302.235116190575,10881.0,Excellent,Phnom Penh,Black,76.9/85.4,500-610,180,3.9,Private,GB-T/CCS2,2/2/2022,Synthetic (New Formula)
Leapmotor,Leapmotor T03,2024,12655.005435946834,8071.0,New,Phnom Penh,Pearl White,41.3,403,80,,Dealer,GB-T/CCS2,1/5/2022,Synthetic (New Formula)
VinFast,VinFast VF 8,2025,40048.36224986237,824.0,Like New,Phnom Penh,Red,82/87.5,420-500,150,5.5,Authorized Dealer,GB-T/CCS2,22-10-2022,Synthetic (New Formula)
BYD,BYD Dolphin,2021,30484.813031368787,56784.0,Excellent,Sihanoukville,Silver,44.9/60.5,310-420,70,7.5,Dealer,GB-T/CCS2,7/7/2024,Synthetic (New Formula)
Kia,Kia EV9,2024,75694.45605629041,4164.0,Fair,Kampot,Grey,99.8,541,283,5.3,Authorized Dealer,GB-T/CCS2,5/3/2023,Synthetic (New Formula)
BYD,BYD Atto 3,2021,33072.261677438764,18108.0,Like New,Kampong Cham,Silver,50/60.5,340-420,150,7.3,Dealer,GB-T/CCS2,13-10-2023,Synthetic (New Formula)
Kia,Kia EV6,2023,51799.870925342475,48256.0,Good,Phnom Penh,White,77.4,484,168,7.1,Authorized Dealer,GB-T/CCS2,25-10-2024,Synthetic (New Formula)
Nissan,Nissan Leaf,2021,31854.663620999254,33263.0,New,Phnom Penh,Grey,40/62,240-385,110,7.0,Authorized Dealer,GB-T/CCS2,10/4/2021,Synthetic (New Formula)
BYD,BYD Han,2024,63028.96966150292,44560.0,Excellent,Phnom Penh,White,76.9/85.4,500-610,180,3.9,Dealer,GB-T/CCS2,12/5/2024,Synthetic (New Formula)
XPeng,XPeng G6,2022,44775.91743797823,15521.0,Fair,Kampot,Blue,66/87.5,435-570,190,6.2,Dealer,GB-T/CCS2,13-04-2024,Synthetic (New Formula)
Toyota,Toyota bZ4X,2024,46872.58791258086,29146.0,Excellent,Preah Vihear,Blue,71.4,500,150,7.1,Authorized Dealer,GB-T/CCS2,11/12/2022,Synthetic (New Formula)
BYD,BYD Dolphin,2025,24433.437767668365,13908.0,Like New,Phnom Penh,White,44.9/60.5,310-420,70,7.5,Authorized Dealer,GB-T/CCS2,12/2/2025,Synthetic (New Formula)
BYD,BYD Tang,2023,69528.5524811187,41328.0,Like New,Phnom Penh,White,86.4/108.8,400-530,180,4.6,Authorized Dealer,GB-T/CCS2,22-01-2025,Synthetic (New Formula)
Tesla,Tesla Model Y,2024,62778.70593780404,24486.0,Like New,Phnom Penh,Blue,60/75/82,430-600,220,6.9,Authorized Dealer,GB-T/CCS2,19-02-2022,Synthetic (New Formula)
AITO,AITO M5,2025,43797.51390592861,8400.0,Excellent,Phnom Penh,Red,40,200 PHEV,200,4.8,Authorized Dealer,GB-T/CCS2,13-01-2024,Synthetic (New Formula)
Denza,Denza D9,2025,87143.41203458856,56524.0,Excellent,Phnom Penh,Black,103,600,230,6.9,Authorized Dealer,GB-T/CCS2,6/7/2022,Synthetic (New Formula)
XPeng,XPeng G6,2021,47043.77372286442,0.0,Good,Kampot,Blue,66/87.5,435-570,190,6.2,Dealer,GB-T/CCS2,13-04-2024,Synthetic (New Formula)
Nissan,Nissan Leaf,2025,29774.02000353202,26564.0,Good,Phnom Penh,Red,40/62,240-385,110,7.0,Dealer,GB-T/CCS2,22-08-2023,Synthetic (New Formula)
BYD,BYD Atto 3,2024,29214.901922988764,14476.0,New,Phnom Penh,Black,50/60.5,340-420,150,7.3,Private,GB-T/CCS2,12/7/2023,Synthetic (New Formula)
BYD,BYD Atto 3,2023,30740.636051918846,24465.0,Like New,Phnom Penh,White,50/60.5,340-420,150,7.3,Private,GB-T/CCS2,17-09-2022,Synthetic (New Formula)
VinFast,VinFast VF 9,2025,64244.950947477395,824.0,New,Battambang,Black,123,438,300,6.5,Private,GB-T/CCS2,25-08-2025,Synthetic (New Formula)
Mercedes,Mercedes EQB,2023,66364.99048111995,21508.0,New,Phnom Penh,Red,66.5,419,168,8.0,Dealer,GB-T/CCS2,16-08-2022,Synthetic (New Formula)
Hyundai,Hyundai Ioniq 5,2023,46569.44594978529,29146.0,Fair,Kratie,White,58/72.6,354-488,125,7.4,Dealer,GB-T/CCS2,10/11/2022,Synthetic (New Formula)
Mercedes,Mercedes EQB,2024,63137.077838344674,10320.0,New,Kampot,Cosmos Black,66.5,419,168,8.0,Dealer,GB-T/CCS2,16-02-2022,Synthetic (New Formula)
BYD,BYD Atto 3,2024,29140.63969313776,0.0,New,Battambang,Red,50/60.5,340-420,150,7.3,Dealer,GB-T/CCS2,25-07-2025,Synthetic (New Formula)
Tesla,Tesla Model 3,2022,46671.58908904394,8720.0,Excellent,Phnom Penh,White,60/82,430-576,208,6.1,Private,GB-T/CCS2,9/12/2020,Synthetic (New Formula)
Toyota,Toyota bZ4X,2021,47961.94455691958,4740.0,Like New,Phnom Penh,Blue,71.4,500,150,7.1,Private,GB-T/CCS2,18-09-2025,Synthetic (New Formula)
BYD,BYD Dolphin,2023,25729.653643753292,8736.0,New,Phnom Penh,White,44.9/60.5,310-420,70,7.5,Authorized Dealer,GB-T/CCS2,12/2/2025,Synthetic (New Formula)
BYD,BYD Seagull,2023,20801.93528455043,38480.0,New,Battambang,Black,30/38.88,190-305,55,,Authorized Dealer,GB-T/CCS2,14-01-2025,Synthetic (New Formula)
Hyundai,Hyundai Ioniq 5,2022,45275.40876612919,33252.0,Good,Phnom Penh,White,58/72.6,354-488,125,7.4,Authorized Dealer,GB-T/CCS2,25-08-2022,Synthetic (New Formula)
Kia,Kia EV5,2024,37200.53903560929,12320.0,New,Preah Vihear,Grey,64.2/88,400-600,160,7.5,Dealer,GB-T/CCS2,12/3/2023,Synthetic (New Formula)
BYD,BYD Seal,2025,33949.497468444584,0.0,New,Phnom Penh,Cosmos Black,61.4/82.5,400-550,150,3.8,Private,GB-T/CCS2,8/8/2023,Synthetic (New Formula)
Toyota,Toyota bZ4X,2024,48695.44108143449,44820.0,Excellent,Preah Vihear,Blue,71.4,500,150,7.1,Authorized Dealer,GB-T/CCS2,11/12/2022,Synthetic (New Formula)
BYD,BYD Sealion 5,2023,28387.200644694458,18108.0,Like New,Phnom Penh,Blue,60/72.8,410-520,150,7.5,Authorized Dealer,GB-T/CCS2,23-04-2025,Synthetic (New Formula)
Deepal,Deepal L07,2024,49051.7161415041,17238.0,New,Kratie,Black,31.6,200 PHEV,160,7.3,Authorized Dealer,GB-T/CCS2,5/5/2025,Synthetic (New Formula)
MG,MG ZS EV,2025,25404.65387620188,0.0,New,Phnom Penh,White,50.3/72.6,320-440,115,8.6,Authorized Dealer,GB-T/CCS2,23-02-2024,Synthetic (New Formula)
XPeng,XPeng G6,2024,42840.932008853604,3444.0,New,Kampot,Red,66/87.5,435-570,190,6.2,Private,GB-T/CCS2,3/1/2024,Synthetic (New Formula)
Tesla,Tesla Model Y,2022,60338.142268981304,16352.0,Excellent,Phnom Penh,White,60/75/82,430-600,220,6.9,Dealer,GB-T/CCS2,19-01-2021,Synthetic (New Formula)
BYD,BYD Dolphin,2024,25731.24502455735,1846.0,Good,Kratie,Blue,44.9/60.5,310-420,70,7.5,Dealer,GB-T/CCS2,17-04-2024,Synthetic (New Formula)
Leapmotor,Leapmotor T03,2022,15254.810798777542,55676.0,Like New,Battambang,White,41.3,403,80,,Authorized Dealer,GB-T/CCS2,10/1/2024,Synthetic (New Formula)
AITO,AITO M7,2024,63550.40923653914,36680.0,Like New,Phnom Penh,Silver,40,200 PHEV,330,4.8,Private,GB-T/CCS2,16-05-2022,Synthetic (New Formula)
BYD,BYD Tang,2024,60760.73991399604,8030.0,Excellent,Battambang,Grey,86.4/108.8,400-530,180,4.6,Private,GB-T/CCS2,12/11/2021,Synthetic (New Formula)
Kia,Kia EV5,2023,36939.4801928251,28560.0,Good,Phnom Penh,Black,64.2/88,400-600,160,7.5,Authorized Dealer,GB-T/CCS2,8/9/2023,Synthetic (New Formula)
BYD,BYD Atto 2,2023,23996.385385128087,0.0,New,Sihanoukville,Grey,45.1,312-401,130,7.9,Dealer,GB-T/CCS2,25-12-2024,Synthetic (New Formula)
MG,MG ZS EV,2024,28660.085687241186,12573.0,Excellent,Phnom Penh,White,50.3/72.6,320-440,115,8.6,Private,GB-T/CCS2,9/6/2024,Synthetic (New Formula)
BYD,BYD Atto 2,2025,24694.350326717537,29172.0,Good,Siem Reap,White,45.1,312-401,130,7.9,Authorized Dealer,GB-T/CCS2,23-05-2025,Synthetic (New Formula)
Tesla,Tesla Model Y,2025,59396.93204269692,24525.0,New,Phnom Penh,White,60/75/82,430-600,220,6.9,Authorized Dealer,GB-T/CCS2,24-01-2025,Synthetic (New Formula)
BYD,BYD Atto 2,2025,24068.320779799174,20658.0,New,Siem Reap,White,45.1,312-401,130,7.9,Authorized Dealer,GB-T/CCS2,23-05-2025,Synthetic (New Formula)
Xiaomi,Xiaomi SU7,2022,78335.24971059349,0.0,Like New,Phnom Penh,Black,73.6/94.3,495-830,220,5.3,Authorized Dealer,GB-T/CCS2,13-08-2025,Synthetic (New Formula)
BYD,BYD Seagull,2021,21493.910232147548,9735.0,New,Phnom Penh,White,30/38.88,190-305,55,,Dealer,GB-T/CCS2,11/12/2023,Synthetic (New Formula)
Denza,Denza D9,2025,84742.86850623233,24403.0,New,Battambang,Silver,103,600,230,6.9,Authorized Dealer,GB-T/CCS2,16-07-2023,Synthetic (New Formula)
AION,AION V,2024,37802.11236230849,11605.0,Like New,Phnom Penh,Silver,68.8/80,480-610,165,7.1,Dealer,GB-T/CCS2,7/6/2024,Synthetic (New Formula)
Zeekr,Zeekr X,2023,50294.6478367162,1042.0,New,Phnom Penh,Red,66,440,200,5.6,Authorized Dealer,GB-T/CCS2,11/12/2023,Synthetic (New Formula)
Mercedes,Mercedes EQB,2023,67777.17624286667,12480.0,Like New,Phnom Penh,Black,66.5,419,168,8.0,Private,GB-T/CCS2,28-02-2025,Synthetic (New Formula)
Hyundai,Hyundai Ioniq 5,2024,44144.22429786319,6840.0,New,Phnom Penh,Silver,58/72.6,354-488,125,7.4,Private,GB-T/CCS2,12/11/2024,Synthetic (New Formula)
Nissan,Nissan Leaf,2023,29590.077317902418,30996.0,Good,Phnom Penh,Red,40/62,240-385,110,7.0,Dealer,GB-T/CCS2,15-07-2025,Synthetic (New Formula)
Avatr,Avatr 11,2025,68209.95810758762,43440.0,New,Phnom Penh,Grey,90/116,555-700,230,3.9,Authorized Dealer,GB-T/CCS2,9/2/2023,Synthetic (New Formula)
Nissan,Nissan Leaf,2023,29838.99520693044,16439.0,Like New,Siem Reap,Grey,40/62,240-385,110,7.0,Authorized Dealer,GB-T/CCS2,12/5/2024,Synthetic (New Formula)
Denza,Denza D9,2023,85020.15638332759,7504.0,Excellent,Phnom Penh,Pearl White,103,600,230,6.9,Authorized Dealer,GB-T/CCS2,16-08-2025,Synthetic (New Formula)
Hyundai,Hyundai Ioniq 6,2023,55854.15313890823,962.0,Fair,Phnom Penh,White,53/77.4,429-614,151,8.1,Dealer,GB-T/CCS2,3/5/2023,Synthetic (New Formula)
Zeekr,Zeekr 007,2024,71244.16390409318,54510.0,New,Phnom Penh,Red,75/100,530-688,310,3.5,Private,GB-T/CCS2,3/2/2025,Synthetic (New Formula)
Hyundai,Hyundai Ioniq 5,2022,45524.38150638384,23575.0,Like New,Phnom Penh,Black,58/72.6,354-488,125,7.4,Dealer,GB-T/CCS2,24-07-2023,Synthetic (New Formula)
Leapmotor,Leapmotor T03,2023,13045.982387728694,14076.0,Excellent,Phnom Penh,White,41.3,403,80,,Private,GB-T/CCS2,25-07-2024,Synthetic (New Formula)
Mercedes,Mercedes EQB,2025,66681.30875394835,34340.0,Like New,Phnom Penh,Black,66.5,419,168,8.0,Private,GB-T/CCS2,5/6/2021,Synthetic (New Formula)
Mercedes,Mercedes EQB,2020,71575.82882968607,28730.0,Like New,Sihanoukville,Red,66.5,419,168,8.0,Dealer,GB-T/CCS2,26-07-2024,Synthetic (New Formula)
VinFast,VinFast VF 9,2025,61623.61888465009,0.0,New,Phnom Penh,Silver,123,438,300,6.5,Authorized Dealer,GB-T/CCS2,18-05-2022,Synthetic (New Formula)
Avatr,Avatr 11,2022,77580.5030625217,26676.0,New,Phnom Penh,Black,90/116,555-700,230,3.9,Authorized Dealer,GB-T/CCS2,18-11-2023,Synthetic (New Formula)
VinFast,VinFast VF 9,2025,66702.21365289061,0.0,Excellent,Phnom Penh,Silver,123,438,300,6.5,Authorized Dealer,GB-T/CCS2,18-05-2022,Synthetic (New Formula)
MG,MG ZS EV,2023,29987.79414624751,14729.0,New,Phnom Penh,Cosmos Black,50.3/72.6,320-440,115,8.6,Authorized Dealer,GB-T/CCS2,9/11/2021,Synthetic (New Formula)
Kia,Kia EV6,2023,47286.671178065764,0.0,Good,Phnom Penh,Black,77.4,484,168,7.1,Dealer,GB-T/CCS2,20-06-2022,Synthetic (New Formula)
Deepal,Deepal S07,2024,53493.54335880135,14196.0,Excellent,Siem Reap,Black,31.6/80,200 PHEV,190,6.7,Authorized Dealer,GB-T/CCS2,14-02-2025,Synthetic (New Formula)
BYD,BYD Seagull,2023,19666.819196074517,0.0,Fair,Battambang,Orange,30/38.88,190-305,55,,Dealer,GB-T/CCS2,4/4/2025,Synthetic (New Formula)
Tesla,Tesla Model Y,2024,64394.6598671835,43475.0,Excellent,Siem Reap,Silver,60/75/82,430-600,220,6.9,Private,GB-T/CCS2,11/5/2025,Synthetic (New Formula)
AION,AION ES,2025,30120.774732162634,0.0,New,Phnom Penh,Grey,55.6,410,150,7.5,Private,GB-T/CCS2,3/9/2024,Synthetic (New Formula)
Tesla,Tesla Model Y,2024,61789.83977847701,22960.0,Like New,Phnom Penh,Silver,60/75/82,430-600,220,6.9,Authorized Dealer,GB-T/CCS2,10/10/2023,Synthetic (New Formula)
BYD,BYD Atto 3,2024,29688.24808177118,808.0,Like New,Phnom Penh,White,50/60.5,340-420,150,7.3,Authorized Dealer,GB-T/CCS2,25-04-2023,Synthetic (New Formula)
VinFast,VinFast VF 6,2022,29299.111056809623,43475.0,Like New,Battambang,Silver,59.6,399,110,,Authorized Dealer,GB-T/CCS2,10/9/2022,Synthetic (New Formula)
Xiaomi,Xiaomi SU7,2025,78798.94906784463,24024.0,New,Phnom Penh,Silver,73.6/94.3,495-830,220,5.3,Authorized Dealer,GB-T/CCS2,3/1/2025,Synthetic (New Formula)
BYD,BYD Tang,2023,59801.68888015002,0.0,Like New,Phnom Penh,Silver,86.4/108.8,400-530,180,4.6,Private,GB-T/CCS2,12/1/2024,Synthetic (New Formula)
BYD,BYD Atto 3,2024,29456.530866655274,6792.0,New,Battambang,Grey,50/60.5,340-420,150,7.3,Dealer,GB-T/CCS2,14-12-2022,Synthetic (New Formula)
BYD,BYD Seal 5,2025,22617.41700449791,48660.0,Like New,Sihanoukville,Red,15.8,80 PHEV,110,7.9,Authorized Dealer,GB-T/CCS2,4/7/2025,Synthetic (New Formula)
Mercedes,Mercedes EQB,2025,64944.282707791,35938.0,Like New,Phnom Penh,Grey,66.5,419,168,8.0,Private,GB-T/CCS2,23-09-2021,Synthetic (New Formula)
Leapmotor,Leapmotor T03,2023,13808.073910980156,7956.0,Excellent,Siem Reap,Grey,41.3,403,80,,Authorized Dealer,GB-T/CCS2,1/8/2022,Synthetic (New Formula)
Avatr,Avatr 11,2022,77984.37653787459,33136.0,Excellent,Phnom Penh,Blue,90/116,555-700,230,3.9,Authorized Dealer,GB-T/CCS2,18-08-2022,Synthetic (New Formula)
Tesla,Tesla Model 3,2023,57594.97446066214,75264.0,Like New,Phnom Penh,Black,60/82,430-576,208,6.1,Dealer,GB-T/CCS2,5/5/2021,Synthetic (New Formula)
AITO,AITO M5,2025,45646.96816192158,15376.0,New,Battambang,Grey,40,200 PHEV,200,4.8,Authorized Dealer,GB-T/CCS2,10/7/2025,Synthetic (New Formula)
BYD,BYD Dolphin,2022,27947.362399912083,18145.0,New,Sihanoukville,Silver,44.9/60.5,310-420,70,7.5,Dealer,GB-T/CCS2,7/7/2024,Synthetic (New Formula)
Zeekr,Zeekr 007,2025,67980.06685669518,43440.0,Excellent,Preah Vihear,Grey,75/100,530-688,310,3.5,Authorized Dealer,GB-T/CCS2,16-09-2024,Synthetic (New Formula)
MG,MG 5,2025,21539.794251753254,13395.0,Like New,Battambang,Red,61.1,403,130,7.7,Private,GB-T/CCS2,13-05-2021,Synthetic (New Formula)
Nissan,Nissan Leaf,2021,31302.661295929545,33528.0,Excellent,Kratie,Silver,40/62,240-385,110,7.0,Dealer,GB-T/CCS2,6/5/2020,Synthetic (New Formula)
VinFast,VinFast VF 6,2025,25445.49039940178,12265.0,Excellent,Phnom Penh,Grey,59.6,399,110,,Private,GB-T/CCS2,16-09-2023,Synthetic (New Formula)
Zeekr,Zeekr 001,2024,77794.22857891602,33263.0,Like New,Phnom Penh,Grey,86/100,560-620,200,3.3,Dealer,GB-T/CCS2,20-09-2022,Synthetic (New Formula)
BYD,BYD Seal 5,2023,20385.86012524562,0.0,Excellent,Sihanoukville,Red,15.8,80 PHEV,110,7.9,Authorized Dealer,GB-T/CCS2,4/7/2025,Synthetic (New Formula)
Tesla,Tesla Model Y,2024,59013.379944985456,11209.0,Excellent,Phnom Penh,Green,60/75/82,430-600,220,6.9,Authorized Dealer,GB-T/CCS2,14-05-2024,Synthetic (New Formula)
Deepal,Deepal L07,2022,51252.453834010026,27838.0,New,Kampot,Green,31.6,200 PHEV,160,7.3,Private,GB-T/CCS2,3/3/2024,Synthetic (New Formula)
BYD,BYD Seal 5,2020,25988.710839527583,25146.0,New,Preah Vihear,White,15.8,80 PHEV,110,7.9,Authorized Dealer,GB-T/CCS2,1/5/2024,Synthetic (New Formula)
MG,MG ZS EV,2024,29465.96890967134,17312.0,Excellent,Siem Reap,Black,50.3/72.6,320-440,115,8.6,Private,GB-T/CCS2,20-07-2022,Synthetic (New Formula)
AION,AION V,2024,38783.22163691171,2142.0,New,Phnom Penh,White,68.8/80,480-610,165,7.1,Dealer,GB-T/CCS2,1/8/2025,Synthetic (New Formula)
BYD,BYD Atto 3,2025,31213.791962307936,38484.0,Good,Phnom Penh,Black,50/60.5,340-420,150,7.3,Dealer,GB-T/CCS2,8/3/2022,Synthetic (New Formula)
BYD,BYD Seal,2022,42499.57592750436,54229.0,New,Sihanoukville,White,61.4/82.5,400-550,150,3.8,Private,GB-T/CCS2,26-08-2024,Synthetic (New Formula)
Nissan,Nissan Leaf,2024,29391.520060050883,26900.0,Excellent,Phnom Penh,Red,40/62,240-385,110,7.0,Dealer,GB-T/CCS2,15-07-2025,Synthetic (New Formula)
AION,AION ES,2022,31235.723385313326,20332.0,Excellent,Phnom Penh,White,55.6,410,150,7.5,Dealer,GB-T/CCS2,16-02-2025,Synthetic (New Formula)
MG,MG ZS EV,2024,30548.70661208988,42441.0,Excellent,Phnom Penh,Silver,50.3/72.6,320-440,115,8.6,Dealer,GB-T/CCS2,10/4/2022,Synthetic (New Formula)
Mercedes,Mercedes EQB,2022,76243.09255480638,72513.0,New,Siem Reap,Black,66.5,419,168,8.0,Authorized Dealer,GB-T/CCS2,18-04-2023,Synthetic (New Formula)
Kia,Kia EV9,2024,73026.35446670438,5226.0,Excellent,Phnom Penh,Black,99.8,541,283,5.3,Dealer,GB-T/CCS2,15-09-2023,Synthetic (New Formula)
BYD,BYD Atto 3,2023,30909.132597991225,12342.0,New,Battambang,White,50/60.5,340-420,150,7.3,Authorized Dealer,GB-T/CCS2,8/5/2024,Synthetic (New Formula)
Kia,Kia EV9,2022,82608.56715275858,13824.0,New,Phnom Penh,Silver,99.8,541,283,5.3,Private,GB-T/CCS2,26-02-2024,Synthetic (New Formula)
MG,MG 5,2025,21592.44783535601,33252.0,New,Phnom Penh,Blue,61.1,403,130,7.7,Authorized Dealer,GB-T/CCS2,2/2/2021,Synthetic (New Formula)
BYD,BYD Atto 3,2021,35328.48260545856,56880.0,New,Siem Reap,White,50/60.5,340-420,150,7.3,Dealer,GB-T/CCS2,24-01-2025,Synthetic (New Formula)
MG,MG 4 EV,2025,25201.255930796975,0.0,New,Kep,Silver,51/64/77,350-520,125,7.7,Dealer,GB-T/CCS2,27-08-2025,Synthetic (New Formula)
VinFast,VinFast VF 6,2024,27367.30327528722,29636.0,Excellent,Kratie,Red,59.6,399,110,,Authorized Dealer,GB-T/CCS2,28-06-2022,Synthetic (New Formula)
Nissan,Nissan Leaf,2023,32599.41556615421,38484.0,Like New,Phnom Penh,Grey,40/62,240-385,110,7.0,Authorized Dealer,GB-T/CCS2,23-04-2025,Synthetic (New Formula)
VinFast,VinFast VF 6,2025,28307.580024790575,61672.0,New,Kampong Cham,White,59.6,399,110,,Dealer,GB-T/CCS2,17-05-2024,Synthetic (New Formula)
AION,AION ES,2021,33184.60061017578,32445.0,Like New,Phnom Penh,White,55.6,410,150,7.5,Dealer,GB-T/CCS2,16-02-2025,Synthetic (New Formula)
Zeekr,Zeekr 001,2024,69824.7794507969,7504.0,Good,Phnom Penh,Blue,86/100,560-620,200,3.3,Dealer,GB-T/CCS2,16-10-2024,Synthetic (New Formula)
BYD,BYD Sealion 6,2021,51161.3061691694,33490.0,Fair,Sihanoukville,Black,18.3,80-100 PHEV,145,8.5,Private,GB-T/CCS2,25-03-2023,Synthetic (New Formula)
Leapmotor,Leapmotor T03,2022,13281.301116574467,2180.0,Good,Battambang,Blue,41.3,403,80,,Authorized Dealer,GB-T/CCS2,11/4/2024,Synthetic (New Formula)
Nissan,Nissan Leaf,2024,29705.603434875782,8728.0,Like New,Koh Kong,White,40/62,240-385,110,7.0,Authorized Dealer,GB-T/CCS2,25-01-2025,Synthetic (New Formula)
Kia,Kia EV5,2025,38424.5146899975,34680.0,Like New,Kampot,Silver,64.2/88,400-600,160,7.5,Dealer,GB-T/CCS2,13-05-2024,Synthetic (New Formula)
VinFast,VinFast VF 6,2025,24856.710228299526,14476.0,Excellent,Sihanoukville,Silver,59.6,399,110,,Dealer,GB-T/CCS2,27-08-2025,Synthetic (New Formula)
Denza,Denza D9,2024,85097.94318239187,39865.0,Like New,Phnom Penh,Blue,103,600,230,6.9,Private,GB-T/CCS2,1/5/2025,Synthetic (New Formula)
Avatr,Avatr 07,2025,45974.864943598484,15820.0,New,Phnom Penh,Grey,62.2/100.5,420-621,190,4.9,Dealer,GB-T/CCS2,26-05-2025,Synthetic (New Formula)
MG,MG ZS EV,2021,29822.420113075033,7224.0,Excellent,Phnom Penh,Cosmos Black,50.3/72.6,320-440,115,8.6,Authorized Dealer,GB-T/CCS2,9/11/2021,Synthetic (New Formula)
AION,AION ES,2024,32523.337397960455,43475.0,Like New,Sihanoukville,Blue,55.6,410,150,7.5,Authorized Dealer,GB-T/CCS2,8/6/2024,Synthetic (New Formula)
Mercedes,Mercedes EQB,2024,62029.664992530445,6090.0,Like New,Phnom Penh,Orange,66.5,419,168,8.0,Authorized Dealer,GB-T/CCS2,15-10-2023,Synthetic (New Formula)
Hyundai,Hyundai Ioniq 6,2025,56662.15215855042,38991.0,Excellent,Phnom Penh,Silver,53/77.4,429-614,151,8.1,Authorized Dealer,GB-T/CCS2,21-01-2025,Synthetic (New Formula)
Nissan,Nissan Leaf,2021,32665.744469335998,45520.0,New,Phnom Penh,Red,40/62,240-385,110,7.0,Dealer,GB-T/CCS2,15-07-2025,Synthetic (New Formula)
Arcfox,Arcfox Koala S,2024,26866.93702031825,17312.0,Good,Phnom Penh,Silver,42.8,301,120,8.5,Dealer,GB-T/CCS2,16-08-2025,Synthetic (New Formula)
VinFast,VinFast VF 8,2020,49394.193686161074,30336.0,Good,Phnom Penh,Silver,82/87.5,420-500,150,5.5,Private,GB-T/CCS2,12/8/2025,Synthetic (New Formula)
Tesla,Tesla Model Y,2022,58795.451950952185,0.0,Like New,Siem Reap,Silver,60/75/82,430-600,220,6.9,Private,GB-T/CCS2,11/5/2025,Synthetic (New Formula)
Hyundai,Hyundai Ioniq 5,2024,43156.94103723486,7511.0,New,Phnom Penh,Grey,58/72.6,354-488,125,7.4,Authorized Dealer,GB-T/CCS2,3/12/2021,Synthetic (New Formula)
Hyundai,Hyundai Ioniq 6,2022,58274.47892527239,26505.0,Like New,Phnom Penh,Black,53/77.4,429-614,151,8.1,Dealer,GB-T/CCS2,10/11/2023,Synthetic (New Formula)
MG,MG 4 EV,2025,24621.263981985852,17816.0,New,Phnom Penh,Black,51/64/77,350-520,125,7.7,Authorized Dealer,GB-T/CCS2,27-10-2024,Synthetic (New Formula)
BYD,BYD Atto 3,2025,31172.527278672198,44935.0,New,Sihanoukville,White,50/60.5,340-420,150,7.3,Dealer,GB-T/CCS2,26-01-2023,Synthetic (New Formula)
AITO,AITO M5,2025,46121.698528019435,6839.0,New,Battambang,White,40,200 PHEV,200,4.8,Private,GB-T/CCS2,24-06-2022,Synthetic (New Formula)
BYD,BYD Tang,2024,61367.0621797853,11209.0,New,Phnom Penh,White,86.4/108.8,400-530,180,4.6,Authorized Dealer,GB-T/CCS2,22-01-2025,Synthetic (New Formula)
Zeekr,Zeekr 001,2023,73581.16512111023,27412.0,New,Phnom Penh,Grey,86/100,560-620,200,3.3,Dealer,GB-T/CCS2,20-09-2022,Synthetic (New Formula)
Leapmotor,Leapmotor T03,2022,14583.264450815524,61672.0,Excellent,Siem Reap,Grey,41.3,403,80,,Authorized Dealer,GB-T/CCS2,1/8/2022,Synthetic (New Formula)
MG,MG ZS EV,2023,29134.360461057473,11209.0,Excellent,Phnom Penh,Silver,50.3/72.6,320-440,115,8.6,Private,GB-T/CCS2,24-08-2020,Synthetic (New Formula)
BYD,BYD Han,2025,62192.02083079888,36372.0,Like New,Phnom Penh,White,76.9/85.4,500-610,180,3.9,Authorized Dealer,GB-T/CCS2,6/7/2020,Synthetic (New Formula)
BYD,BYD Seal,2023,36732.96386304282,5755.0,New,Phnom Penh,White,61.4/82.5,400-550,150,3.8,Private,GB-T/CCS2,21-04-2024,Synthetic (New Formula)
AITO,AITO M7,2022,65144.75354065972,25164.0,Excellent,Phnom Penh,Grey,40,200 PHEV,330,4.8,Dealer,GB-T/CCS2,18-04-2024,Synthetic (New Formula)
Hyundai,Hyundai Ioniq 6,2025,47110.37908088381,0.0,Excellent,Phnom Penh,Silver,53/77.4,429-614,151,8.1,Authorized Dealer,GB-T/CCS2,21-01-2025,Synthetic (New Formula)
Hyundai,Hyundai Ioniq 6,2024,53269.19464935331,3316.0,Good,Phnom Penh,Grey,53/77.4,429-614,151,8.1,Authorized Dealer,GB-T/CCS2,17-10-2024,Synthetic (New Formula)
XPeng,XPeng G6,2022,51118.33643397471,21508.0,Like New,Kampot,Blue,66/87.5,435-570,190,6.2,Dealer,GB-T/CCS2,13-04-2024,Synthetic (New Formula)
Zeekr,Zeekr 001,2025,72162.98579641385,27638.0,Excellent,Phnom Penh,Black,86/100,560-620,200,3.3,Authorized Dealer,GB-T/CCS2,3/10/2025,Synthetic (New Formula)
BYD,BYD Dolphin,2020,27321.134005689488,11718.0,Excellent,Battambang,Silver,44.9/60.5,310-420,70,7.5,Private,GB-T/CCS2,9/10/2023,Synthetic (New Formula)
Leapmotor,Leapmotor T03,2024,13873.272153318923,48660.0,New,Sihanoukville,Blue,41.3,403,80,,Dealer,GB-T/CCS2,4/11/2022,Synthetic (New Formula)
MG,MG ZS EV,2022,30051.736842100894,29750.0,New,Siem Reap,Black,50.3/72.6,320-440,115,8.6,Dealer,GB-T/CCS2,3/5/2023,Synthetic (New Formula)
MG,MG ZS EV,2023,28307.29295298776,3704.0,Like New,Phnom Penh,White,50.3/72.6,320-440,115,8.6,Authorized Dealer,GB-T/CCS2,23-02-2024,Synthetic (New Formula)
Tesla,Tesla Model Y,2024,63287.10875470449,21720.0,Excellent,Phnom Penh,Green,60/75/82,430-600,220,6.9,Authorized Dealer,GB-T/CCS2,14-05-2024,Synthetic (New Formula)
Mercedes,Mercedes EQB,2024,67111.84169904374,7455.0,Like New,Phnom Penh,Black,66.5,419,168,8.0,Private,GB-T/CCS2,5/6/2021,Synthetic (New Formula)
BYD,BYD Sealion 6,2023,45287.19411930108,5950.0,Like New,Kratie,Silver,18.3,80-100 PHEV,145,8.5,Private,GB-T/CCS2,13-05-2025,Synthetic (New Formula)
BYD,BYD Seagull,2022,24308.366403401138,55440.0,New,Battambang,Black,30/38.88,190-305,55,,Authorized Dealer,GB-T/CCS2,14-01-2025,Synthetic (New Formula)
Tesla,Tesla Model 3,2023,48688.47415890756,22814.0,Good,Kampot,Blue,60/82,430-576,208,6.1,Private,GB-T/CCS2,13-04-2022,Synthetic (New Formula)
Leapmotor,Leapmotor T03,2023,13916.020028629488,11484.0,New,Siem Reap,Black,41.3,403,80,,Private,GB-T/CCS2,19-11-2023,Synthetic (New Formula)
AITO,AITO M5,2025,45723.76497588215,20328.0,New,Phnom Penh,Black,40,200 PHEV,200,4.8,Private,GB-T/CCS2,17-04-2025,Synthetic (New Formula)
MG,MG 5,2022,22944.76555413819,11820.0,Excellent,Siem Reap,White,61.1,403,130,7.7,Authorized Dealer,GB-T/CCS2,22-12-2022,Synthetic (New Formula)
AION,AION V,2023,42911.35469104367,30711.0,Excellent,Phnom Penh,Silver,68.8/80,480-610,165,7.1,Dealer,GB-T/CCS2,7/6/2024,Synthetic (New Formula)
Avatr,Avatr 11,2023,77462.51345446329,24800.0,New,Siem Reap,Red,90/116,555-700,230,3.9,Private,GB-T/CCS2,4/4/2024,Synthetic (New Formula)
BMW,BMW iX1,2024,57497.2564446453,4425.0,New,Sihanoukville,Grey,64.7,417,150,8.6,Private,GB-T/CCS2,27-02-2025,Synthetic (New Formula)
BYD,BYD Atto 3,2023,29473.117797702613,12698.0,Like New,Battambang,Red,50/60.5,340-420,150,7.3,Dealer,GB-T/CCS2,25-07-2025,Synthetic (New Formula)
Hyundai,Hyundai Ioniq 6,2024,59486.944265237275,41667.0,New,Phnom Penh,White,53/77.4,429-614,151,8.1,Dealer,GB-T/CCS2,3/5/2023,Synthetic (New Formula)
Toyota,Toyota bZ4X,2025,48143.97493638801,44820.0,Excellent,Phnom Penh,Black,71.4,500,150,7.1,Private,GB-T/CCS2,9/11/2023,Synthetic (New Formula)
Kia,Kia EV5,2025,35676.87545999153,17824.0,New,Preah Vihear,Grey,64.2/88,400-600,160,7.5,Dealer,GB-T/CCS2,12/3/2023,Synthetic (New Formula)
Zeekr,Zeekr 001,2025,73899.67279826445,13536.0,Excellent,Kampot,White,86/100,560-620,200,3.3,Dealer,GB-T/CCS2,15-02-2025,Synthetic (New Formula)
MG,MG 4 EV,2025,24595.475026511653,5440.0,New,Battambang,Black,51/64/77,350-520,125,7.7,Private,GB-T/CCS2,13-11-2022,Synthetic (New Formula)
AION,AION ES,2022,31930.397713567847,12844.0,Like New,Phnom Penh,White,55.6,410,150,7.5,Dealer,GB-T/CCS2,16-02-2025,Synthetic (New Formula)
Avatr,Avatr 11,2023,67061.04956019556,928.0,New,Phnom Penh,Blue,90/116,555-700,230,3.9,Authorized Dealer,GB-T/CCS2,18-08-2022,Synthetic (New Formula)
BYD,BYD Sealion 6,2024,45100.650211367574,7928.0,Excellent,Phnom Penh,Silver,18.3,80-100 PHEV,145,8.5,Dealer,GB-T/CCS2,5/9/2023,Synthetic (New Formula)
Zeekr,Zeekr 001,2022,76994.32906539844,7344.0,New,Phnom Penh,Silver,86/100,560-620,200,3.3,Private,GB-T/CCS2,15-12-2022,Synthetic (New Formula)
Hyundai,Hyundai Ioniq 6,2023,50799.93550897954,5535.0,Excellent,Phnom Penh,White,53/77.4,429-614,151,8.1,Dealer,GB-T/CCS2,3/5/2023,Synthetic (New Formula)
Kia,Kia EV6,2022,52027.63002069884,8030.0,New,Phnom Penh,White,77.4,484,168,7.1,Dealer,GB-T/CCS2,7/1/2025,Synthetic (New Formula)
Tesla,Tesla Model 3,2025,42665.63716423001,991.0,Like New,Sihanoukville,Black,60/82,430-576,208,6.1,Authorized Dealer,GB-T/CCS2,27-11-2021,Synthetic (New Formula)
XPeng,XPeng G6,2024,44408.65564960371,14235.0,Excellent,Phnom Penh,Grey,66/87.5,435-570,190,6.2,Authorized Dealer,GB-T/CCS2,21-06-2023,Synthetic (New Formula)
Mercedes,Mercedes EQB,2023,70020.00722730909,38484.0,Fair,Phnom Penh,Silver,66.5,419,168,8.0,Authorized Dealer,GB-T/CCS2,6/10/2024,Synthetic (New Formula)
BYD,BYD Seal 5,2021,22475.309354829074,5035.0,Like New,Sihanoukville,Red,15.8,80 PHEV,110,7.9,Authorized Dealer,GB-T/CCS2,4/7/2025,Synthetic (New Formula)
MG,MG 4 EV,2022,25547.94111109881,4390.0,New,Battambang,Silver,51/64/77,350-520,125,7.7,Dealer,GB-T/CCS2,14-04-2023,Synthetic (New Formula)
Tesla,Tesla Model Y,2025,62049.87667353651,30008.0,New,Phnom Penh,White,60/75/82,430-600,220,6.9,Authorized Dealer,GB-T/CCS2,24-01-2025,Synthetic (New Formula)
Tesla,Tesla Model Y,2022,62804.054482122156,35938.0,Like New,Phnom Penh,Blue,60/75/82,430-600,220,6.9,Authorized Dealer,GB-T/CCS2,19-02-2022,Synthetic (New Formula)
BYD,BYD Atto 3,2022,31226.03836410016,24024.0,Excellent,Battambang,Red,50/60.5,340-420,150,7.3,Dealer,GB-T/CCS2,25-07-2025,Synthetic (New Formula)
MG,MG 4 EV,2025,23794.24635563853,0.0,Like New,Battambang,Black,51/64/77,350-520,125,7.7,Private,GB-T/CCS2,13-11-2022,Synthetic (New Formula)
Kia,Kia EV9,2022,81538.75263332353,14235.0,Like New,Phnom Penh,Silver,99.8,541,283,5.3,Private,GB-T/CCS2,26-02-2024,Synthetic (New Formula)
MG,MG 4 EV,2024,25019.60767113091,868.0,New,Battambang,Black,51/64/77,350-520,125,7.7,Private,GB-T/CCS2,13-11-2022,Synthetic (New Formula)
BYD,BYD Han,2023,60155.52091929369,20853.0,Like New,Battambang,Blue,76.9/85.4,500-610,180,3.9,Private,GB-T/CCS2,26-12-2021,Synthetic (New Formula)
VinFast,VinFast VF 6,2024,27387.25755835353,32445.0,Good,Sihanoukville,White,59.6,399,110,,Private,GB-T/CCS2,18-03-2023,Synthetic (New Formula)
BYD,BYD M9,2025,61883.51909199206,17385.0,New,Phnom Penh,Black,52,180 PHEV,180,,Private,GB-T/CCS2,4/7/2025,Synthetic (New Formula)
Zeekr,Zeekr 001,2024,68243.3017430431,3408.0,New,Phnom Penh,Silver,86/100,560-620,200,3.3,Private,GB-T/CCS2,15-12-2022,Synthetic (New Formula)
BYD,BYD Sealion 6,2025,40518.464702146295,0.0,New,Sihanoukville,Black,18.3,80-100 PHEV,145,8.5,Private,GB-T/CCS2,25-03-2023,Synthetic (New Formula)
Hyundai,Hyundai Ioniq 6,2024,55422.16859008647,26680.0,Like New,Phnom Penh,Blue,53/77.4,429-614,151,8.1,Dealer,GB-T/CCS2,15-01-2024,Synthetic (New Formula)
Hyundai,Hyundai Ioniq 5,2024,43333.08624254399,17034.0,New,Phnom Penh,Blue,58/72.6,354-488,125,7.4,Authorized Dealer,GB-T/CCS2,9/2/2025,Synthetic (New Formula)
BYD,BYD Tang,2025,69071.71190725926,55440.0,New,Phnom Penh,Pearl White,86.4/108.8,400-530,180,4.6,Authorized Dealer,GB-T/CCS2,26-04-2022,Synthetic (New Formula)
BYD,BYD Atto 3,2024,29798.56158438989,11100.0,New,Kampot,Black,50/60.5,340-420,150,7.3,Private,GB-T/CCS2,15-08-2024,Synthetic (New Formula)
Kia,Kia EV6,2024,51553.373850419935,26900.0,Like New,Phnom Penh,White,77.4,484,168,7.1,Dealer,GB-T/CCS2,7/1/2025,Synthetic (New Formula)
AION,AION ES,2020,33137.63798392406,2346.0,New,Phnom Penh,White,55.6,410,150,7.5,Dealer,GB-T/CCS2,16-02-2025,Synthetic (New Formula)
MG,MG ZS EV,2024,27853.082986134796,12780.0,New,Phnom Penh,Grey,50.3/72.6,320-440,115,8.6,Authorized Dealer,GB-T/CCS2,5/2/2021,Synthetic (New Formula)
BYD,BYD Dolphin,2023,24487.824894529516,4132.0,Fair,Battambang,Silver,44.9/60.5,310-420,70,7.5,Private,GB-T/CCS2,9/10/2023,Synthetic (New Formula)
VinFast,VinFast VF 8,2022,41981.93194701111,0.0,Like New,Phnom Penh,Black,82/87.5,420-500,150,5.5,Authorized Dealer,GB-T/CCS2,2/10/2024,Synthetic (New Formula)
Nissan,Nissan Leaf,2023,30013.55632713925,12265.0,New,Kep,Silver,40/62,240-385,110,7.0,Private,GB-T/CCS2,27-01-2021,Synthetic (New Formula)
VinFast,VinFast VF 9,2020,73617.43516789784,4240.0,New,Battambang,Black,123,438,300,6.5,Private,GB-T/CCS2,25-08-2025,Synthetic (New Formula)
AITO,AITO M7,2020,66292.72296738226,36372.0,Like New,Phnom Penh,Black,40,200 PHEV,330,4.8,Dealer,GB-T/CCS2,19-11-2022,Synthetic (New Formula)
Tesla,Tesla Model Y,2022,55848.93081204294,2054.0,New,Phnom Penh,Blue,60/75/82,430-600,220,6.9,Private,GB-T/CCS2,17-08-2022,Synthetic (New Formula)
MG,MG ZS EV,2023,26997.79134851945,1185.0,New,Phnom Penh,Black,50.3/72.6,320-440,115,8.6,Private,GB-T/CCS2,28-10-2022,Synthetic (New Formula)
Tesla,Tesla Model 3,2022,51747.33980954368,47025.0,Like New,Phnom Penh,White,60/82,430-576,208,6.1,Authorized Dealer,GB-T/CCS2,28-04-2025,Synthetic (New Formula)
Avatr,Avatr 07,2023,46811.161617780584,9207.0,Excellent,Phnom Penh,White,62.2/100.5,420-621,190,4.9,Private,GB-T/CCS2,23-08-2025,Synthetic (New Formula)
VinFast,VinFast VF 9,2023,70017.15716072207,25800.0,New,Phnom Penh,Silver,123,438,300,6.5,Private,GB-T/CCS2,16-11-2023,Synthetic (New Formula)
VinFast,VinFast VF 6,2024,27286.906600034385,37350.0,New,Sihanoukville,White,59.6,399,110,,Private,GB-T/CCS2,18-03-2023,Synthetic (New Formula)
MG,MG ZS EV,2024,28992.43522623176,25152.0,New,Kratie,Red,50.3/72.6,320-440,115,8.6,Dealer,GB-T/CCS2,10/12/2020,Synthetic (New Formula)
BYD,BYD Sealion 5,2022,28724.63630933834,1112.0,New,Phnom Penh,White,60/72.8,410-520,150,7.5,Dealer,GB-T/CCS2,10/7/2025,Synthetic (New Formula)
BYD,BYD Atto 2,2025,23080.611361029656,14882.0,Like New,Phnom Penh,Black,45.1,312-401,130,7.9,Authorized Dealer,GB-T/CCS2,15-03-2024,Synthetic (New Formula)
AITO,AITO M5,2024,44846.72175148104,14922.0,Excellent,Kampong Cham,Black,40,200 PHEV,200,4.8,Private,GB-T/CCS2,10/3/2022,Synthetic (New Formula)
BYD,BYD Han,2024,60137.305078354504,10538.0,New,Battambang,White,76.9/85.4,500-610,180,3.9,Private,GB-T/CCS2,4/11/2022,Synthetic (New Formula)
BYD,BYD Dolphin,2023,24448.469194258996,7224.0,Good,Phnom Penh,Silver,44.9/60.5,310-420,70,7.5,Dealer,GB-T/CCS2,3/5/2025,Synthetic (New Formula)
Avatr,Avatr 12,2022,64769.90185761377,1042.0,Like New,Kampong Cham,White,94.5,650,230,3.9,Dealer,GB-T/CCS2,3/4/2025,Synthetic (New Formula)
Hyundai,Hyundai Ioniq 6,2024,54494.001841795245,16928.0,Excellent,Phnom Penh,Silver,53/77.4,429-614,151,8.1,Authorized Dealer,GB-T/CCS2,21-01-2025,Synthetic (New Formula)
Hyundai,Hyundai Ioniq 6,2024,55338.29901310763,26675.0,New,Kampong Cham,Black,53/77.4,429-614,151,8.1,Authorized Dealer,GB-T/CCS2,3/5/2025,Synthetic (New Formula)
AITO,AITO M7,2020,65670.255886637,8440.0,New,Kampong Cham,White,40,200 PHEV,330,4.8,Dealer,GB-T/CCS2,1/7/2025,Synthetic (New Formula)
AITO,AITO M7,2024,59669.87264970426,29636.0,New,Battambang,Grey,40,200 PHEV,330,4.8,Dealer,GB-T/CCS2,18-01-2025,Synthetic (New Formula)
VinFast,VinFast VF 8,2025,45468.776757561536,21014.0,Excellent,Phnom Penh,Black,82/87.5,420-500,150,5.5,Authorized Dealer,GB-T/CCS2,2/10/2024,Synthetic (New Formula)
Zeekr,Zeekr 001,2025,69924.26148717468,4308.0,Like New,Kampot,White,86/100,560-620,200,3.3,Dealer,GB-T/CCS2,15-02-2025,Synthetic (New Formula)
MG,MG 5,2024,22752.44074720286,41328.0,New,Phnom Penh,Black,61.1,403,130,7.7,Dealer,GB-T/CCS2,5/9/2023,Synthetic (New Formula)
BYD,BYD Atto 3,2025,28265.301106965537,0.0,New,Phnom Penh,Black,50/60.5,340-420,150,7.3,Dealer,GB-T/CCS2,8/3/2022,Synthetic (New Formula)
Arcfox,Arcfox Koala S,2024,26183.59823366131,8973.0,New,Phnom Penh,White,42.8,301,120,8.5,Authorized Dealer,GB-T/CCS2,24-07-2024,Synthetic (New Formula)
Denza,Denza D9,2023,90610.25657187871,52118.0,Fair,Preah Vihear,Red,103,600,230,6.9,Dealer,GB-T/CCS2,10/1/2024,Synthetic (New Formula)
Zeekr,Zeekr X,2022,55760.70268672155,4836.0,Like New,Phnom Penh,Red,66,440,200,5.6,Dealer,GB-T/CCS2,24-05-2025,Synthetic (New Formula)
Nissan,Nissan Leaf,2023,31938.60682469121,41292.0,Excellent,Siem Reap,Black,40/62,240-385,110,7.0,Authorized Dealer,GB-T/CCS2,23-11-2022,Synthetic (New Formula)
MG,MG ZS EV,2023,29055.47739857718,23517.0,Excellent,Phnom Penh,Cosmos Black,50.3/72.6,320-440,115,8.6,Authorized Dealer,GB-T/CCS2,9/11/2021,Synthetic (New Formula)
Tesla,Tesla Model 3,2021,49833.69993768433,2144.0,Like New,Koh Kong,White,60/82,430-576,208,6.1,Private,GB-T/CCS2,3/5/2023,Synthetic (New Formula)
Zeekr,Zeekr 007,2024,69735.93934968076,39865.0,Excellent,Phnom Penh,Blue,75/100,530-688,310,3.5,Dealer,GB-T/CCS2,16-12-2024,Synthetic (New Formula)
Nissan,Nissan Leaf,2022,31585.772910834843,15376.0,New,Sihanoukville,Grey,40/62,240-385,110,7.0,Dealer,GB-T/CCS2,15-11-2023,Synthetic (New Formula)
BYD,BYD Seal 5,2022,22266.20847852468,2238.0,Like New,Battambang,White,15.8,80 PHEV,110,7.9,Authorized Dealer,GB-T/CCS2,21-04-2025,Synthetic (New Formula)
Leapmotor,Leapmotor T03,2022,13769.457910596095,5525.0,Excellent,Sihanoukville,Blue,41.3,403,80,,Dealer,GB-T/CCS2,4/11/2022,Synthetic (New Formula)
Kia,Kia EV6,2024,46726.78877233082,11412.0,Excellent,Phnom Penh,White,77.4,484,168,7.1,Authorized Dealer,GB-T/CCS2,5/9/2022,Synthetic (New Formula)
Deepal,Deepal L07,2024,48256.18223068074,27412.0,New,Kratie,Black,31.6,200 PHEV,160,7.3,Authorized Dealer,GB-T/CCS2,5/5/2025,Synthetic (New Formula)
BYD,BYD Tang,2025,59238.46107642579,2144.0,New,Phnom Penh,Silver,86.4/108.8,400-530,180,4.6,Private,GB-T/CCS2,12/1/2024,Synthetic (New Formula)
AITO,AITO M5,2023,45513.21767681433,3444.0,Fair,Phnom Penh,Red,40,200 PHEV,200,4.8,Authorized Dealer,GB-T/CCS2,13-01-2024,Synthetic (New Formula)
Tesla,Tesla Model 3,2023,47488.244774478946,18700.0,Like New,Phnom Penh,White,60/82,430-576,208,6.1,Authorized Dealer,GB-T/CCS2,28-04-2025,Synthetic (New Formula)
Toyota,Toyota bZ4X,2022,53076.32611151652,55676.0,Excellent,Phnom Penh,Pearl White,71.4,500,150,7.1,Private,GB-T/CCS2,7/1/2023,Synthetic (New Formula)
Zeekr,Zeekr 001,2023,76802.37880804698,1108.0,New,Sihanoukville,Black,86/100,560-620,200,3.3,Authorized Dealer,GB-T/CCS2,14-07-2024,Synthetic (New Formula)
VinFast,VinFast VF 8,2022,43454.6856788456,1108.0,New,Phnom Penh,White,82/87.5,420-500,150,5.5,Authorized Dealer,GB-T/CCS2,4/2/2025,Synthetic (New Formula)
XPeng,XPeng G6,2024,47340.27023357358,17040.0,New,Phnom Penh,Grey,66/87.5,435-570,190,6.2,Authorized Dealer,GB-T/CCS2,27-01-2025,Synthetic (New Formula)
MG,MG 5,2024,21606.83731031111,8760.0,Like New,Siem Reap,White,61.1,403,130,7.7,Authorized Dealer,GB-T/CCS2,22-12-2022,Synthetic (New Formula)
MG,MG 5,2022,22773.718147062504,10790.0,Good,Phnom Penh,Black,61.1,403,130,7.7,Dealer,GB-T/CCS2,5/9/2023,Synthetic (New Formula)
BYD,BYD Dolphin,2024,25445.86105523737,14170.0,Good,Kratie,Blue,44.9/60.5,310-420,70,7.5,Dealer,GB-T/CCS2,17-04-2024,Synthetic (New Formula)
MG,MG 5,2024,22756.7407382381,18180.0,New,Phnom Penh,White,61.1,403,130,7.7,Private,GB-T/CCS2,21-01-2023,Synthetic (New Formula)
BMW,BMW iX1,2024,61660.02535290836,31590.0,Excellent,Koh Kong,Silver,64.7,417,150,8.6,Dealer,GB-T/CCS2,22-06-2025,Synthetic (New Formula)
MG,MG 4 EV,2021,28530.76469155981,10538.0,Excellent,Phnom Penh,Pearl White,51/64/77,350-520,125,7.7,Private,GB-T/CCS2,15-10-2023,Synthetic (New Formula)
MG,MG 5,2025,22095.625313338718,17190.0,New,Phnom Penh,Grey,61.1,403,130,7.7,Dealer,GB-T/CCS2,21-05-2022,Synthetic (New Formula)
Hyundai,Hyundai Ioniq 5,2025,47622.57916316399,52100.0,Fair,Kep,Black,58/72.6,354-488,125,7.4,Private,GB-T/CCS2,13-09-2025,Synthetic (New Formula)
BYD,BYD Tang,2023,64651.42302220384,24465.0,New,Phnom Penh,Black,86.4/108.8,400-530,180,4.6,Authorized Dealer,GB-T/CCS2,23-10-2020,Synthetic (New Formula)
MG,MG 4 EV,2025,25714.71657353802,21508.0,New,Phnom Penh,Grey,51/64/77,350-520,125,7.7,Dealer,GB-T/CCS2,28-08-2022,Synthetic (New Formula)
Xiaomi,Xiaomi SU7,2021,88177.11100415105,31426.0,Good,Kampong Cham,Silver,73.6/94.3,495-830,220,5.3,Dealer,GB-T/CCS2,20-05-2025,Synthetic (New Formula)
BYD,BYD Han,2025,60982.216613590004,19362.0,New,Kampong Cham,White,76.9/85.4,500-610,180,3.9,Authorized Dealer,GB-T/CCS2,19-05-2022,Synthetic (New Formula)
BYD,BYD Seal,2024,36301.590257267424,6839.0,Fair,Phnom Penh,Grey,61.4/82.5,400-550,150,3.8,Authorized Dealer,GB-T/CCS2,17-02-2023,Synthetic (New Formula)
VinFast,VinFast VF 9,2022,69973.85877119428,935.0,Like New,Phnom Penh,Grey,123,438,300,6.5,Private,GB-T/CCS2,2/1/2025,Synthetic (New Formula)
MG,MG ZS EV,2024,28834.321467406724,8973.0,New,Phnom Penh,White,50.3/72.6,320-440,115,8.6,Private,GB-T/CCS2,10/1/2025,Synthetic (New Formula)
VinFast,VinFast VF 8,2024,50700.044705227825,64206.0,Like New,Phnom Penh,Black,82/87.5,420-500,150,5.5,Private,GB-T/CCS2,13-11-2023,Synthetic (New Formula)
Toyota,Toyota bZ4X,2024,50029.14551357504,45520.0,Excellent,Battambang,Silver,71.4,500,150,7.1,Authorized Dealer,GB-T/CCS2,24-05-2023,Synthetic (New Formula)
BYD,BYD Tang,2023,69176.33976806849,42441.0,Like New,Phnom Penh,Black,86.4/108.8,400-530,180,4.6,Authorized Dealer,GB-T/CCS2,23-10-2020,Synthetic (New Formula)
VinFast,VinFast VF 9,2024,71851.10148287531,36680.0,New,Kampong Cham,Silver,123,438,300,6.5,Private,GB-T/CCS2,6/10/2024,Synthetic (New Formula)
AION,AION Y Plus,2025,31843.514135756282,26676.0,New,Phnom Penh,Blue,51.9/63.9,410-510,150,7.8,Private,GB-T/CCS2,9/7/2024,Synthetic (New Formula)
VinFast,VinFast VF 6,2022,27605.33031980732,21060.0,New,Sihanoukville,White,59.6,399,110,,Private,GB-T/CCS2,11/12/2023,Synthetic (New Formula)
MG,MG ZS EV,2025,25068.214428110892,12780.0,Good,Phnom Penh,Black,50.3/72.6,320-440,115,8.6,Private,GB-T/CCS2,28-10-2022,Synthetic (New Formula)
Tesla,Tesla Model Y,2023,56566.71285067127,10065.0,Excellent,Sihanoukville,White,60/75/82,430-600,220,6.9,Dealer,GB-T/CCS2,28-12-2021,Synthetic (New Formula)
Zeekr,Zeekr 007,2023,64363.72080391493,0.0,Excellent,Preah Vihear,Grey,75/100,530-688,310,3.5,Authorized Dealer,GB-T/CCS2,16-09-2024,Synthetic (New Formula)
Nissan,Nissan Leaf,2025,29965.763208517998,29904.0,Like New,Koh Kong,White,40/62,240-385,110,7.0,Authorized Dealer,GB-T/CCS2,25-01-2025,Synthetic (New Formula)
BYD,BYD Seagull,2024,19847.073297005696,25152.0,Excellent,Kep,Blue,30/38.88,190-305,55,,Dealer,GB-T/CCS2,23-06-2023,Synthetic (New Formula)
Hyundai,Hyundai Ioniq 5,2025,43481.157691528155,29750.0,Like New,Kep,Black,58/72.6,354-488,125,7.4,Private,GB-T/CCS2,13-09-2025,Synthetic (New Formula)
Nissan,Nissan Leaf,2025,28997.58636578445,5440.0,New,Kampong Cham,Green,40/62,240-385,110,7.0,Authorized Dealer,GB-T/CCS2,13-11-2021,Synthetic (New Formula)
Zeekr,Zeekr X,2024,54487.93745047255,19038.0,New,Phnom Penh,Black,66,440,200,5.6,Authorized Dealer,GB-T/CCS2,16-11-2024,Synthetic (New Formula)
Toyota,Toyota bZ4X,2025,46164.85047688523,991.0,Good,Phnom Penh,Black,71.4,500,150,7.1,Dealer,GB-T/CCS2,23-08-2023,Synthetic (New Formula)
Hyundai,Hyundai Ioniq 6,2021,55622.903629925786,1062.0,New,Phnom Penh,White,53/77.4,429-614,151,8.1,Dealer,GB-T/CCS2,8/8/2022,Synthetic (New Formula)
MG,MG ZS EV,2025,28506.840065377906,16524.0,New,Siem Reap,White,50.3/72.6,320-440,115,8.6,Authorized Dealer,GB-T/CCS2,14-09-2023,Synthetic (New Formula)
Zeekr,Zeekr X,2023,60348.59854466477,24486.0,New,Kampot,White,66,440,200,5.6,Private,GB-T/CCS2,25-09-2023,Synthetic (New Formula)
BYD,BYD Dolphin,2023,26469.025878351156,18649.0,New,Koh Kong,Black,44.9/60.5,310-420,70,7.5,Dealer,GB-T/CCS2,8/11/2022,Synthetic (New Formula)
BYD,BYD Dolphin,2025,23489.459499069693,991.0,Excellent,Phnom Penh,Blue,44.9/60.5,310-420,70,7.5,Authorized Dealer,GB-T/CCS2,18-08-2022,Synthetic (New Formula)
Denza,Denza D9,2025,89438.00156885418,56524.0,Fair,Preah Vihear,Red,103,600,230,6.9,Dealer,GB-T/CCS2,10/1/2024,Synthetic (New Formula)
MG,MG 5,2023,23373.562285469772,27412.0,New,Kampot,Black,61.1,403,130,7.7,Authorized Dealer,GB-T/CCS2,17-11-2021,Synthetic (New Formula)
Tesla,Tesla Model 3,2025,46094.557877157764,36372.0,Excellent,Phnom Penh,Black,60/82,430-576,208,6.1,Dealer,GB-T/CCS2,5/5/2021,Synthetic (New Formula)
BMW,BMW iX1,2025,58318.25358056661,34632.0,Good,Phnom Penh,Black,64.7,417,150,8.6,Authorized Dealer,GB-T/CCS2,6/10/2025,Synthetic (New Formula)
BYD,BYD Seal 5,2022,21966.695074986717,5610.0,Like New,Preah Vihear,White,15.8,80 PHEV,110,7.9,Authorized Dealer,GB-T/CCS2,1/5/2024,Synthetic (New Formula)
BYD,BYD Seal 5,2025,23445.884678919272,38760.0,New,Phnom Penh,Grey,15.8,80 PHEV,110,7.9,Private,GB-T/CCS2,3/8/2024,Synthetic (New Formula)
Tesla,Tesla Model Y,2024,61586.798471788316,29316.0,New,Siem Reap,White,60/75/82,430-600,220,6.9,Private,GB-T/CCS2,9/7/2023,Synthetic (New Formula)
Kia,Kia EV9,2024,84382.04751799125,47025.0,Like New,Phnom Penh,White,99.8,541,283,5.3,Private,GB-T/CCS2,8/11/2024,Synthetic (New Formula)
BYD,BYD Han,2023,59071.365373964116,824.0,Like New,Phnom Penh,Grey,76.9/85.4,500-610,180,3.9,Dealer,GB-T/CCS2,19-02-2024,Synthetic (New Formula)
Avatr,Avatr 07,2025,44953.06437517189,2054.0,Excellent,Phnom Penh,Silver,62.2/100.5,420-621,190,4.9,Authorized Dealer,GB-T/CCS2,13-02-2025,Synthetic (New Formula)
MG,MG 4 EV,2024,26554.324757970287,18108.0,Like New,Phnom Penh,Grey,51/64/77,350-520,125,7.7,Dealer,GB-T/CCS2,26-01-2024,Synthetic (New Formula)
AITO,AITO M5,2024,42792.77327231833,0.0,Good,Phnom Penh,Red,40,200 PHEV,200,4.8,Authorized Dealer,GB-T/CCS2,2/9/2022,Synthetic (New Formula)
BYD,BYD Seal,2022,38735.41075302611,32310.0,New,Sihanoukville,White,61.4/82.5,400-550,150,3.8,Dealer,GB-T/CCS2,2/11/2023,Synthetic (New Formula)
BYD,BYD Han,2023,69859.32400864272,52871.0,Like New,Phnom Penh,Grey,76.9/85.4,500-610,180,3.9,Dealer,GB-T/CCS2,19-02-2024,Synthetic (New Formula)
Toyota,Toyota bZ4X,2025,46545.36717554824,33139.0,Like New,Battambang,Silver,71.4,500,150,7.1,Authorized Dealer,GB-T/CCS2,24-05-2023,Synthetic (New Formula)
MG,MG 5,2025,21820.362307512798,27175.0,Like New,Preah Vihear,Grey,61.1,403,130,7.7,Authorized Dealer,GB-T/CCS2,25-09-2022,Synthetic (New Formula)
AITO,AITO M5,2021,53895.138813348116,45520.0,Like New,Phnom Penh,Black,40,200 PHEV,200,4.8,Private,GB-T/CCS2,17-04-2025,Synthetic (New Formula)
VinFast,VinFast VF 8,2025,41913.28999634748,4740.0,New,Phnom Penh,Silver,82/87.5,420-500,150,5.5,Private,GB-T/CCS2,12/8/2025,Synthetic (New Formula)
BYD,BYD Atto 3,2024,28930.816429578794,19362.0,Like New,Kampong Cham,Silver,50/60.5,340-420,150,7.3,Dealer,GB-T/CCS2,13-10-2023,Synthetic (New Formula)
Nissan,Nissan Leaf,2023,28661.9833556645,0.0,Like New,Sihanoukville,Grey,40/62,240-385,110,7.0,Dealer,GB-T/CCS2,15-11-2023,Synthetic (New Formula)
Avatr,Avatr 11,2023,77838.97905279604,48660.0,New,Phnom Penh,Grey,90/116,555-700,230,3.9,Authorized Dealer,GB-T/CCS2,9/2/2023,Synthetic (New Formula)
VinFast,VinFast VF 6,2024,26962.33968444242,27638.0,New,Phnom Penh,Silver,59.6,399,110,,Private,GB-T/CCS2,5/2/2024,Synthetic (New Formula)
BYD,BYD Han,2020,64915.90563397366,2054.0,New,Phnom Penh,Grey,76.9/85.4,500-610,180,3.9,Authorized Dealer,GB-T/CCS2,10/9/2023,Synthetic (New Formula)
Kia,Kia EV5,2023,35244.325707289194,10197.0,Like New,Kampot,White,64.2/88,400-600,160,7.5,Private,GB-T/CCS2,25-01-2025,Synthetic (New Formula)
Tesla,Tesla Model Y,2024,62780.102042173385,35280.0,Good,Siem Reap,Silver,60/75/82,430-600,220,6.9,Private,GB-T/CCS2,11/5/2025,Synthetic (New Formula)
Leapmotor,Leapmotor T03,2022,13940.829677130865,27347.0,New,Siem Reap,Black,41.3,403,80,,Private,GB-T/CCS2,19-11-2023,Synthetic (New Formula)
BYD,BYD Han,2024,56903.94672570508,868.0,Excellent,Battambang,White,76.9/85.4,500-610,180,3.9,Private,GB-T/CCS2,4/11/2022,Synthetic (New Formula)
Kia,Kia EV9,2022,87261.46692125048,29568.0,New,Phnom Penh,White,99.8,541,283,5.3,Private,GB-T/CCS2,8/11/2024,Synthetic (New Formula)
Zeekr,Zeekr 001,2024,83443.52973519413,47300.0,Like New,Sihanoukville,Black,86/100,560-620,200,3.3,Authorized Dealer,GB-T/CCS2,14-07-2024,Synthetic (New Formula)
BYD,BYD Sealion 6,2025,49290.54001276923,33252.0,New,Phnom Penh,White,18.3,80-100 PHEV,145,8.5,Dealer,GB-T/CCS2,10/6/2023,Synthetic (New Formula)
BYD,BYD Seal,2024,41338.34647490949,45520.0,Excellent,Phnom Penh,Green,61.4/82.5,400-550,150,3.8,Dealer,GB-T/CCS2,19-01-2024,Synthetic (New Formula)
BYD,BYD Tang,2024,65283.21610814311,24465.0,Excellent,Phnom Penh,White,86.4/108.8,400-530,180,4.6,Authorized Dealer,GB-T/CCS2,22-01-2025,Synthetic (New Formula)
Hyundai,Hyundai Ioniq 6,2024,52507.90914172412,4230.0,Good,Phnom Penh,Red,53/77.4,429-614,151,8.1,Dealer,GB-T/CCS2,23-02-2023,Synthetic (New Formula)
BYD,BYD Sealion 7,2022,44688.24799594205,12480.0,Excellent,Siem Reap,Green,71.8/91.3,460-567,230,4.5,Authorized Dealer,GB-T/CCS2,25-09-2024,Synthetic (New Formula)
BMW,BMW iX1,2022,57405.12198350585,960.0,Like New,Phnom Penh,Red,64.7,417,150,8.6,Dealer,GB-T/CCS2,4/12/2022,Synthetic (New Formula)
Avatr,Avatr 11,2024,68766.23416305028,18180.0,Like New,Kampong Cham,Grey,90/116,555-700,230,3.9,Dealer,GB-T/CCS2,13-05-2025,Synthetic (New Formula)
BMW,BMW iX1,2025,59865.42009920367,29568.0,Like New,Sihanoukville,Grey,64.7,417,150,8.6,Private,GB-T/CCS2,27-02-2025,Synthetic (New Formula)
MG,MG 4 EV,2022,26382.78778995014,8760.0,Good,Phnom Penh,Black,51/64/77,350-520,125,7.7,Authorized Dealer,GB-T/CCS2,27-10-2024,Synthetic (New Formula)
MG,MG 5,2025,22497.05285710134,39558.0,Like New,Phnom Penh,Black,61.1,403,130,7.7,Dealer,GB-T/CCS2,5/9/2023,Synthetic (New Formula)
Xiaomi,Xiaomi SU7,2023,77474.04628410113,11984.0,Like New,Kampong Cham,Silver,73.6/94.3,495-830,220,5.3,Dealer,GB-T/CCS2,20-05-2025,Synthetic (New Formula)
BYD,BYD Atto 3,2024,34027.3675991295,55944.0,New,Phnom Penh,Black,50/60.5,340-420,150,7.3,Private,GB-T/CCS2,12/7/2023,Synthetic (New Formula)
VinFast,VinFast VF 6,2025,28138.846435479114,59940.0,Excellent,Phnom Penh,White,59.6,399,110,,Dealer,GB-T/CCS2,23-08-2024,Synthetic (New Formula)
MG,MG 4 EV,2024,25734.57580283377,9735.0,Like New,Kampot,Blue,51/64/77,350-520,125,7.7,Authorized Dealer,GB-T/CCS2,20-05-2021,Synthetic (New Formula)
BYD,BYD Seal,2022,42963.01334497816,54229.0,Excellent,Battambang,Black,61.4/82.5,400-550,150,3.8,Private,GB-T/CCS2,22-05-2023,Synthetic (New Formula)
MG,MG ZS EV,2023,29016.39041149381,15820.0,Like New,Phnom Penh,Silver,50.3/72.6,320-440,115,8.6,Dealer,GB-T/CCS2,21-10-2024,Synthetic (New Formula)
AITO,AITO M5,2021,49791.31694598026,14235.0,Like New,Kep,Cosmos Black,40,200 PHEV,200,4.8,Dealer,GB-T/CCS2,10/12/2022,Synthetic (New Formula)
AION,AION ES,2023,33742.484968076715,38760.0,Excellent,Phnom Penh,Grey,55.6,410,150,7.5,Private,GB-T/CCS2,3/9/2024,Synthetic (New Formula)
Hyundai,Hyundai Ioniq 5,2021,47388.36240308435,35280.0,New,Kep,Black,58/72.6,354-488,125,7.4,Private,GB-T/CCS2,13-09-2025,Synthetic (New Formula)
BYD,BYD Seal,2025,35881.65173871816,1033.0,New,Siem Reap,Black,61.4/82.5,400-550,150,3.8,Dealer,GB-T/CCS2,18-09-2022,Synthetic (New Formula)
Mercedes,Mercedes EQB,2022,76545.21285076837,72513.0,Like New,Phnom Penh,Orange,66.5,419,168,8.0,Dealer,GB-T/CCS2,25-01-2024,Synthetic (New Formula)
XPeng,XPeng G6,2025,41210.011860330625,868.0,Fair,Phnom Penh,Blue,66/87.5,435-570,190,6.2,Dealer,GB-T/CCS2,25-09-2023,Synthetic (New Formula)
AITO,AITO M5,2022,47828.2687711462,26854.0,Excellent,Phnom Penh,Red,40,200 PHEV,200,4.8,Authorized Dealer,GB-T/CCS2,13-01-2024,Synthetic (New Formula)
Toyota,Toyota bZ4X,2023,47063.70280890143,28560.0,Excellent,Sihanoukville,Black,71.4,500,150,7.1,Authorized Dealer,GB-T/CCS2,11/3/2022,Synthetic (New Formula)
BYD,BYD Sealion 7,2024,40306.677792728035,0.0,Good,Battambang,Black,71.8/91.3,460-567,230,4.5,Private,GB-T/CCS2,24-06-2024,Synthetic (New Formula)
AITO,AITO M7,2022,63764.19060324855,36680.0,Excellent,Phnom Penh,Black,40,200 PHEV,330,4.8,Dealer,GB-T/CCS2,19-11-2022,Synthetic (New Formula)
Deepal,Deepal L07,2025,47170.27122010938,25029.0,Good,Kampot,Green,31.6,200 PHEV,160,7.3,Private,GB-T/CCS2,3/3/2024,Synthetic (New Formula)
Kia,Kia EV9,2022,85580.96145208868,26625.0,Good,Phnom Penh,Silver,99.8,541,283,5.3,Private,GB-T/CCS2,26-02-2024,Synthetic (New Formula)
Kia,Kia EV6,2024,50629.112613844685,17238.0,Like New,Phnom Penh,Silver,77.4,484,168,7.1,Authorized Dealer,GB-T/CCS2,19-08-2025,Synthetic (New Formula)
Tesla,Tesla Model Y,2025,57746.25910394239,9185.0,Good,Phnom Penh,White,60/75/82,430-600,220,6.9,Authorized Dealer,GB-T/CCS2,14-08-2024,Synthetic (New Formula)
BYD,BYD Han,2025,58611.822152762616,5760.0,Like New,Kep,White,76.9/85.4,500-610,180,3.9,Authorized Dealer,GB-T/CCS2,23-05-2023,Synthetic (New Formula)
BMW,BMW iX1,2023,58254.29347653374,4836.0,Excellent,Sihanoukville,Grey,64.7,417,150,8.6,Private,GB-T/CCS2,27-02-2025,Synthetic (New Formula)
Mercedes,Mercedes EQB,2023,65186.70294671587,38480.0,New,Kampot,Cosmos Black,66.5,419,168,8.0,Dealer,GB-T/CCS2,16-02-2022,Synthetic (New Formula)
Denza,Denza D9,2023,96616.45762536231,72513.0,New,Battambang,Silver,103,600,230,6.9,Authorized Dealer,GB-T/CCS2,18-04-2022,Synthetic (New Formula)
Hyundai,Hyundai Ioniq 5,2023,43356.254382767445,31528.0,Like New,Phnom Penh,Black,58/72.6,354-488,125,7.4,Private,GB-T/CCS2,13-05-2024,Synthetic (New Formula)
MG,MG 4 EV,2023,27382.697815569773,30740.0,Good,Phnom Penh,Black,51/64/77,350-520,125,7.7,Authorized Dealer,GB-T/CCS2,4/1/2023,Synthetic (New Formula)
BYD,BYD Han,2025,57645.30966802916,7956.0,New,Phnom Penh,White,76.9/85.4,500-610,180,3.9,Dealer,GB-T/CCS2,18-05-2025,Synthetic (New Formula)
BYD,BYD M9,2023,66754.05571949795,18972.0,Excellent,Phnom Penh,Silver,52,180 PHEV,180,,Private,GB-T/CCS2,16-01-2025,Synthetic (New Formula)
BYD,BYD Seal 5,2022,22901.903674972174,4250.0,Like New,Phnom Penh,Blue,15.8,80 PHEV,110,7.9,Private,GB-T/CCS2,28-11-2024,Synthetic (New Formula)
Tesla,Tesla Model 3,2023,46034.61080081316,4770.0,Like New,Phnom Penh,Cosmos Black,60/82,430-576,208,6.1,Dealer,GB-T/CCS2,12/1/2025,Synthetic (New Formula)
XPeng,XPeng G6,2025,43946.15123783128,11090.0,Like New,Kampot,Blue,66/87.5,435-570,190,6.2,Dealer,GB-T/CCS2,13-04-2024,Synthetic (New Formula)
XPeng,XPeng G6,2022,48971.49613028623,19171.0,Like New,Battambang,Red,66/87.5,435-570,190,6.2,Private,GB-T/CCS2,25-03-2023,Synthetic (New Formula)
AION,AION ES,2024,32581.947451499054,47300.0,New,Siem Reap,Silver,55.6,410,150,7.5,Authorized Dealer,GB-T/CCS2,14-08-2025,Synthetic (New Formula)
Kia,Kia EV5,2024,37673.643789329486,29853.0,Like New,Phnom Penh,Silver,64.2/88,400-600,160,7.5,Authorized Dealer,GB-T/CCS2,13-08-2024,Synthetic (New Formula)
Hyundai,Hyundai Ioniq 5,2025,44656.01457973545,21489.0,Like New,Preah Vihear,Red,58/72.6,354-488,125,7.4,Private,GB-T/CCS2,26-08-2024,Synthetic (New Formula)
VinFast,VinFast VF 9,2025,62865.682285003495,5190.0,New,Siem Reap,Black,123,438,300,6.5,Private,GB-T/CCS2,21-07-2024,Synthetic (New Formula)
Tesla,Tesla Model 3,2024,48044.9894606603,15376.0,Like New,Phnom Penh,White,60/82,430-576,208,6.1,Private,GB-T/CCS2,1/2/2023,Synthetic (New Formula)
Hyundai,Hyundai Ioniq 5,2025,42632.957375941194,9031.0,New,Kampong Cham,Blue,58/72.6,354-488,125,7.4,Private,GB-T/CCS2,8/10/2023,Synthetic (New Formula)
Kia,Kia EV5,2023,35629.176388238906,10673.0,New,Phnom Penh,Blue,64.2/88,400-600,160,7.5,Authorized Dealer,GB-T/CCS2,11/2/2024,Synthetic (New Formula)
BMW,BMW iX1,2025,59327.675127885595,26499.0,New,Siem Reap,White,64.7,417,150,8.6,Authorized Dealer,GB-T/CCS2,22-08-2023,Synthetic (New Formula)
BYD,BYD Atto 3,2025,28883.32407138573,962.0,Like New,Battambang,Grey,50/60.5,340-420,150,7.3,Dealer,GB-T/CCS2,14-12-2022,Synthetic (New Formula)
Avatr,Avatr 11,2024,66231.84831712296,4640.0,Excellent,Sihanoukville,Green,90/116,555-700,230,3.9,Dealer,GB-T/CCS2,4/11/2022,Synthetic (New Formula)
BYD,BYD Dolphin,2024,25543.842699575245,23517.0,Excellent,Phnom Penh,Silver,44.9/60.5,310-420,70,7.5,Dealer,GB-T/CCS2,3/5/2025,Synthetic (New Formula)
BYD,BYD Atto 2,2025,23210.80484659901,20853.0,Fair,Sihanoukville,Grey,45.1,312-401,130,7.9,Dealer,GB-T/CCS2,25-12-2024,Synthetic (New Formula)
BYD,BYD Tang,2024,61148.588592504275,3408.0,Excellent,Phnom Penh,Silver,86.4/108.8,400-530,180,4.6,Private,GB-T/CCS2,12/1/2024,Synthetic (New Formula)
MG,MG ZS EV,2025,30327.68815636763,36680.0,New,Phnom Penh,White,50.3/72.6,320-440,115,8.6,Private,GB-T/CCS2,9/6/2024,Synthetic (New Formula)
BYD,BYD M9,2025,57623.35220370323,0.0,New,Phnom Penh,Silver,52,180 PHEV,180,,Private,GB-T/CCS2,16-01-2025,Synthetic (New Formula)
BYD,BYD Han,2021,62757.89060912172,960.0,New,Phnom Penh,White,76.9/85.4,500-610,180,3.9,Authorized Dealer,GB-T/CCS2,6/7/2020,Synthetic (New Formula)
VinFast,VinFast VF 9,2025,64387.58247236512,20328.0,Excellent,Phnom Penh,Silver,123,438,300,6.5,Private,GB-T/CCS2,16-11-2023,Synthetic (New Formula)
BYD,BYD Seagull,2022,20098.618090460222,7924.0,Excellent,Kampong Cham,Red,30/38.88,190-305,55,,Dealer,GB-T/CCS2,4/7/2025,Synthetic (New Formula)
BYD,BYD Seagull,2024,20163.4970917306,18649.0,Excellent,Phnom Penh,White,30/38.88,190-305,55,,Dealer,GB-T/CCS2,11/12/2023,Synthetic (New Formula)
BYD,BYD Dolphin,2021,29022.80312227024,8992.0,New,Phnom Penh,Silver,44.9/60.5,310-420,70,7.5,Authorized Dealer,GB-T/CCS2,21-05-2022,Synthetic (New Formula)
MG,MG 4 EV,2025,24725.817444252447,18530.0,New,Kratie,Grey,51/64/77,350-520,125,7.7,Private,GB-T/CCS2,9/11/2021,Synthetic (New Formula)
AITO,AITO M5,2025,46605.29154124612,10673.0,New,Kampong Cham,Black,40,200 PHEV,200,4.8,Private,GB-T/CCS2,10/3/2022,Synthetic (New Formula)
VinFast,VinFast VF 8,2025,41872.194224440755,8992.0,New,Phnom Penh,Black,82/87.5,420-500,150,5.5,Private,GB-T/CCS2,13-11-2023,Synthetic (New Formula)
BYD,BYD Dolphin,2023,27869.11594421016,35598.0,New,Phnom Penh,Blue,44.9/60.5,310-420,70,7.5,Dealer,GB-T/CCS2,17-10-2024,Synthetic (New Formula)
Hyundai,Hyundai Ioniq 6,2024,53907.67451794639,14170.0,Good,Sihanoukville,Grey,53/77.4,429-614,151,8.1,Dealer,GB-T/CCS2,26-11-2022,Synthetic (New Formula)
MG,MG 4 EV,2025,24984.83264578022,3444.0,Like New,Kep,Silver,51/64/77,350-520,125,7.7,Dealer,GB-T/CCS2,27-08-2025,Synthetic (New Formula)
Hyundai,Hyundai Ioniq 5,2024,41719.05416306816,1100.0,New,Kampong Cham,Grey,58/72.6,354-488,125,7.4,Dealer,GB-T/CCS2,20-06-2021,Synthetic (New Formula)
Avatr,Avatr 07,2023,49449.44882298478,14882.0,Like New,Phnom Penh,Cosmos Black,62.2/100.5,420-621,190,4.9,Dealer,GB-T/CCS2,2/6/2024,Synthetic (New Formula)
AITO,AITO M7,2025,54782.02615465871,0.0,New,Phnom Penh,White,40,200 PHEV,330,4.8,Private,GB-T/CCS2,7/1/2024,Synthetic (New Formula)
Toyota,Toyota bZ4X,2023,50436.99371825458,29568.0,New,Battambang,Silver,71.4,500,150,7.1,Authorized Dealer,GB-T/CCS2,24-05-2023,Synthetic (New Formula)
AION,AION V,2022,40443.4827021197,10320.0,New,Phnom Penh,Blue,68.8/80,480-610,165,7.1,Dealer,GB-T/CCS2,24-05-2025,Synthetic (New Formula)
Leapmotor,Leapmotor T03,2024,12501.192383655094,824.0,New,Phnom Penh,Cosmos Black,41.3,403,80,,Private,GB-T/CCS2,5/2/2023,Synthetic (New Formula)
BYD,BYD M9,2024,58470.05622636583,1185.0,Good,Phnom Penh,Black,52,180 PHEV,180,,Private,GB-T/CCS2,4/7/2025,Synthetic (New Formula)
VinFast,VinFast VF 9,2023,74780.38644672596,44820.0,New,Battambang,Black,123,438,300,6.5,Private,GB-T/CCS2,25-08-2025,Synthetic (New Formula)
Hyundai,Hyundai Ioniq 6,2023,58479.10237626126,22097.0,New,Phnom Penh,Blue,53/77.4,429-614,151,8.1,Dealer,GB-T/CCS2,15-01-2024,Synthetic (New Formula)
Denza,Denza D9,2025,80179.78207563098,11154.0,New,Preah Vihear,Red,103,600,230,6.9,Dealer,GB-T/CCS2,10/1/2024,Synthetic (New Formula)
BYD,BYD Dolphin,2022,27514.435786183894,29853.0,Good,Phnom Penh,Silver,44.9/60.5,310-420,70,7.5,Dealer,GB-T/CCS2,3/5/2025,Synthetic (New Formula)
MG,MG ZS EV,2025,28046.63965002697,26280.0,Excellent,Phnom Penh,Silver,50.3/72.6,320-440,115,8.6,Private,GB-T/CCS2,10/5/2025,Synthetic (New Formula)
Hyundai,Hyundai Ioniq 6,2023,53897.712378749115,7455.0,Like New,Phnom Penh,Silver,53/77.4,429-614,151,8.1,Authorized Dealer,GB-T/CCS2,21-01-2025,Synthetic (New Formula)
BYD,BYD Atto 3,2021,29517.87684934828,0.0,New,Kampot,Black,50/60.5,340-420,150,7.3,Private,GB-T/CCS2,15-08-2024,Synthetic (New Formula)
Mercedes,Mercedes EQB,2024,61215.456239285704,4740.0,Excellent,Kampong Cham,Black,66.5,419,168,8.0,Authorized Dealer,GB-T/CCS2,7/7/2023,Synthetic (New Formula)
BYD,BYD Seal 5,2023,22608.054754449597,14756.0,Excellent,Preah Vihear,White,15.8,80 PHEV,110,7.9,Authorized Dealer,GB-T/CCS2,1/5/2024,Synthetic (New Formula)
MG,MG 5,2023,26016.462301727726,57869.0,Good,Siem Reap,Black,61.1,403,130,7.7,Authorized Dealer,GB-T/CCS2,9/5/2025,Synthetic (New Formula)
Tesla,Tesla Model Y,2024,65959.64978035426,24403.0,New,Phnom Penh,White,60/75/82,430-600,220,6.9,Dealer,GB-T/CCS2,16-11-2024,Synthetic (New Formula)
Nissan,Nissan Leaf,2022,30500.554980383244,22097.0,Excellent,Phnom Penh,Green,40/62,240-385,110,7.0,Private,GB-T/CCS2,12/2/2023,Synthetic (New Formula)
BYD,BYD Sealion 6,2022,53037.31308876052,41328.0,Good,Battambang,Grey,18.3,80-100 PHEV,145,8.5,Authorized Dealer,GB-T/CCS2,3/12/2023,Synthetic (New Formula)
BYD,BYD Han,2025,58733.47587931438,10940.0,New,Phnom Penh,Grey,76.9/85.4,500-610,180,3.9,Dealer,GB-T/CCS2,19-02-2024,Synthetic (New Formula)
AITO,AITO M7,2025,59363.281323808405,31745.0,Excellent,Phnom Penh,Orange,40,200 PHEV,330,4.8,Private,GB-T/CCS2,13-04-2025,Synthetic (New Formula)
BYD,BYD Tang,2020,75566.05840993354,42372.0,New,Phnom Penh,Pearl White,86.4/108.8,400-530,180,4.6,Authorized Dealer,GB-T/CCS2,26-04-2022,Synthetic (New Formula)
Nissan,Nissan Leaf,2022,31694.026216602644,35598.0,New,Phnom Penh,Red,40/62,240-385,110,7.0,Dealer,GB-T/CCS2,22-08-2023,Synthetic (New Formula)
Hyundai,Hyundai Ioniq 6,2025,51548.684739010685,3660.0,New,Phnom Penh,White,53/77.4,429-614,151,8.1,Dealer,GB-T/CCS2,3/5/2023,Synthetic (New Formula)
AION,AION ES,2024,29541.916238210455,3468.0,Like New,Phnom Penh,Grey,55.6,410,150,7.5,Private,GB-T/CCS2,3/9/2024,Synthetic (New Formula)
MG,MG ZS EV,2025,28230.096219345556,32310.0,Good,Phnom Penh,White,50.3/72.6,320-440,115,8.6,Private,GB-T/CCS2,10/1/2025,Synthetic (New Formula)
Xiaomi,Xiaomi SU7,2023,72860.68431120079,0.0,Like New,Phnom Penh,Silver,73.6/94.3,495-830,220,5.3,Dealer,GB-T/CCS2,3/12/2024,Synthetic (New Formula)
Kia,Kia EV6,2025,47894.26221321837,975.0,Good,Phnom Penh,White,77.4,484,168,7.1,Authorized Dealer,GB-T/CCS2,5/9/2022,Synthetic (New Formula)
BMW,BMW iX1,2025,53357.16329657431,1616.0,New,Phnom Penh,Red,64.7,417,150,8.6,Dealer,GB-T/CCS2,4/12/2022,Synthetic (New Formula)
Mercedes,Mercedes EQB,2022,66228.26503758665,8400.0,New,Preah Vihear,Silver,66.5,419,168,8.0,Authorized Dealer,GB-T/CCS2,16-05-2022,Synthetic (New Formula)
Denza,Denza D9,2024,81738.82227755894,11984.0,Fair,Phnom Penh,Black,103,600,230,6.9,Authorized Dealer,GB-T/CCS2,6/7/2022,Synthetic (New Formula)
Toyota,Toyota bZ4X,2024,52581.312692740554,55944.0,New,Phnom Penh,White,71.4,500,150,7.1,Authorized Dealer,GB-T/CCS2,22-10-2024,Synthetic (New Formula)
Tesla,Tesla Model 3,2024,48426.14671162207,26680.0,Good,Phnom Penh,White,60/82,430-576,208,6.1,Private,GB-T/CCS2,1/2/2023,Synthetic (New Formula)
MG,MG 4 EV,2022,25864.87096980474,7008.0,Fair,Phnom Penh,Grey,51/64/77,350-520,125,7.7,Dealer,GB-T/CCS2,9/2/2022,Synthetic (New Formula)
Avatr,Avatr 11,2021,74859.20021146335,7288.0,New,Kep,Grey,90/116,555-700,230,3.9,Private,GB-T/CCS2,9/10/2024,Synthetic (New Formula)
BMW,BMW iX1,2025,63045.184778434654,43513.0,Like New,Koh Kong,Silver,64.7,417,150,8.6,Dealer,GB-T/CCS2,22-06-2025,Synthetic (New Formula)
BYD,BYD Tang,2022,66742.72869757072,6228.0,Excellent,Preah Vihear,Black,86.4/108.8,400-530,180,4.6,Private,GB-T/CCS2,21-05-2023,Synthetic (New Formula)
Hyundai,Hyundai Ioniq 6,2025,55848.67629964244,25029.0,Excellent,Phnom Penh,Silver,53/77.4,429-614,151,8.1,Authorized Dealer,GB-T/CCS2,21-01-2025,Synthetic (New Formula)
BYD,BYD Dolphin,2024,26356.778250999512,10270.0,New,Phnom Penh,Silver,44.9/60.5,310-420,70,7.5,Authorized Dealer,GB-T/CCS2,21-05-2022,Synthetic (New Formula)
Tesla,Tesla Model Y,2023,72715.2127580977,72513.0,Excellent,Phnom Penh,White,60/75/82,430-600,220,6.9,Private,GB-T/CCS2,14-05-2022,Synthetic (New Formula)
BYD,BYD Tang,2021,66341.9641705418,0.0,Excellent,Phnom Penh,Black,86.4/108.8,400-530,180,4.6,Dealer,GB-T/CCS2,28-03-2020,Synthetic (New Formula)
BYD,BYD Han,2022,62022.25466996349,4960.0,Fair,Phnom Penh,White,76.9/85.4,500-610,180,3.9,Authorized Dealer,GB-T/CCS2,6/7/2020,Synthetic (New Formula)
BYD,BYD Dolphin,2025,26342.241365116162,29316.0,Like New,Kratie,Blue,44.9/60.5,310-420,70,7.5,Dealer,GB-T/CCS2,17-04-2024,Synthetic (New Formula)
BYD,BYD Seagull,2024,19262.065841975895,15330.0,New,Battambang,Black,30/38.88,190-305,55,,Authorized Dealer,GB-T/CCS2,14-01-2025,Synthetic (New Formula)
MG,MG ZS EV,2024,29146.271594216334,11090.0,New,Phnom Penh,Silver,50.3/72.6,320-440,115,8.6,Private,GB-T/CCS2,25-04-2020,Synthetic (New Formula)
BMW,BMW iX1,2024,54595.1392326261,7956.0,New,Phnom Penh,Grey,64.7,417,150,8.6,Private,GB-T/CCS2,16-07-2024,Synthetic (New Formula)
Tesla,Tesla Model Y,2024,64263.67230792046,56880.0,Excellent,Siem Reap,Silver,60/75/82,430-600,220,6.9,Private,GB-T/CCS2,11/5/2025,Synthetic (New Formula)
BYD,BYD Atto 2,2020,26888.33718561864,10439.0,Like New,Phnom Penh,Silver,45.1,312-401,130,7.9,Dealer,GB-T/CCS2,12/9/2024,Synthetic (New Formula)
MG,MG 5,2023,22742.728517780197,8630.0,Fair,Phnom Penh,Blue,61.1,403,130,7.7,Authorized Dealer,GB-T/CCS2,2/2/2021,Synthetic (New Formula)
Zeekr,Zeekr 007,2024,65097.90844572314,0.0,New,Preah Vihear,Grey,75/100,530-688,310,3.5,Authorized Dealer,GB-T/CCS2,16-09-2024,Synthetic (New Formula)
Toyota,Toyota bZ4X,2023,51017.06029177243,48660.0,New,Phnom Penh,Black,71.4,500,150,7.1,Private,GB-T/CCS2,9/11/2023,Synthetic (New Formula)
BYD,BYD Sealion 6,2025,41778.336970870536,3408.0,New,Phnom Penh,Black,18.3,80-100 PHEV,145,8.5,Dealer,GB-T/CCS2,16-11-2024,Synthetic (New Formula)
XPeng,XPeng G6,2024,44729.91300270095,5035.0,Excellent,Battambang,Green,66/87.5,435-570,190,6.2,Authorized Dealer,GB-T/CCS2,15-12-2023,Synthetic (New Formula)
Hyundai,Hyundai Ioniq 5,2021,45551.2840898364,8325.0,New,Battambang,Green,58/72.6,354-488,125,7.4,Dealer,GB-T/CCS2,20-01-2023,Synthetic (New Formula)
BYD,BYD Han,2023,58768.292257863504,0.0,New,Battambang,Silver,76.9/85.4,500-610,180,3.9,Dealer,GB-T/CCS2,1/3/2021,Synthetic (New Formula)
BYD,BYD Dolphin,2025,26910.827315495146,28650.0,Like New,Phnom Penh,Silver,44.9/60.5,310-420,70,7.5,Authorized Dealer,GB-T/CCS2,21-05-2022,Synthetic (New Formula)
VinFast,VinFast VF 6,2020,27213.86050831117,8736.0,Excellent,Phnom Penh,White,59.6,399,110,,Dealer,GB-T/CCS2,23-08-2024,Synthetic (New Formula)
Arcfox,Arcfox Koala S,2021,28317.36234955997,5190.0,Good,Sihanoukville,Orange,42.8,301,120,8.5,Dealer,GB-T/CCS2,13-12-2024,Synthetic (New Formula)
BMW,BMW iX1,2025,55097.61393596687,19596.0,New,Sihanoukville,Silver,64.7,417,150,8.6,Authorized Dealer,GB-T/CCS2,12/4/2024,Synthetic (New Formula)
BYD,BYD Atto 3,2024,29528.506512263484,962.0,New,Phnom Penh,White,50/60.5,340-420,150,7.3,Private,GB-T/CCS2,9/11/2024,Synthetic (New Formula)
Nissan,Nissan Leaf,2020,30417.016743439803,0.0,Good,Koh Kong,White,40/62,240-385,110,7.0,Authorized Dealer,GB-T/CCS2,25-01-2025,Synthetic (New Formula)
Tesla,Tesla Model Y,2023,58256.15690493081,8030.0,Like New,Phnom Penh,Blue,60/75/82,430-600,220,6.9,Authorized Dealer,GB-T/CCS2,19-02-2022,Synthetic (New Formula)
VinFast,VinFast VF 8,2025,41777.94399085549,10700.0,Excellent,Phnom Penh,Grey,82/87.5,420-500,150,5.5,Private,GB-T/CCS2,11/2/2023,Synthetic (New Formula)
BYD,BYD Seal,2020,39683.234362025745,10030.0,New,Phnom Penh,Grey,61.4/82.5,400-550,150,3.8,Private,GB-T/CCS2,13-06-2022,Synthetic (New Formula)
Toyota,Toyota bZ4X,2022,46986.97066592232,7569.0,New,Phnom Penh,Blue,71.4,500,150,7.1,Private,GB-T/CCS2,18-09-2025,Synthetic (New Formula)
Denza,Denza D9,2025,84246.94905044539,11304.0,New,Phnom Penh,Blue,103,600,230,6.9,Dealer,GB-T/CCS2,8/10/2024,Synthetic (New Formula)
Tesla,Tesla Model 3,2024,44988.59219827158,960.0,Like New,Battambang,Grey,60/82,430-576,208,6.1,Authorized Dealer,GB-T/CCS2,19-10-2022,Synthetic (New Formula)
Deepal,Deepal L07,2022,51816.58652624791,37653.0,New,Kratie,Black,31.6,200 PHEV,160,7.3,Authorized Dealer,GB-T/CCS2,5/5/2025,Synthetic (New Formula)
Xiaomi,Xiaomi SU7,2023,76716.93119398627,28440.0,Like New,Siem Reap,White,73.6/94.3,495-830,220,5.3,Dealer,GB-T/CCS2,13-09-2024,Synthetic (New Formula)
BYD,BYD Seal,2025,33854.95133623574,0.0,Like New,Phnom Penh,White,61.4/82.5,400-550,150,3.8,Private,GB-T/CCS2,21-04-2024,Synthetic (New Formula)
Hyundai,Hyundai Ioniq 5,2023,44661.454227335635,21720.0,Excellent,Kampong Cham,Grey,58/72.6,354-488,125,7.4,Dealer,GB-T/CCS2,20-06-2021,Synthetic (New Formula)
Arcfox,Arcfox Koala S,2025,26943.223440640406,26535.0,Excellent,Phnom Penh,Black,42.8,301,120,8.5,Authorized Dealer,GB-T/CCS2,26-05-2025,Synthetic (New Formula)
BMW,BMW iX1,2025,57568.01265899978,9666.0,Fair,Phnom Penh,Silver,64.7,417,150,8.6,Private,GB-T/CCS2,7/4/2022,Synthetic (New Formula)
Deepal,Deepal L07,2022,52536.77496294667,44187.0,Good,Phnom Penh,White,31.6,200 PHEV,160,7.3,Dealer,GB-T/CCS2,26-08-2025,Synthetic (New Formula)
BYD,BYD Han,2023,63318.837018730715,14127.0,New,Battambang,Blue,76.9/85.4,500-610,180,3.9,Private,GB-T/CCS2,26-12-2021,Synthetic (New Formula)
Hyundai,Hyundai Ioniq 6,2022,58258.24096469152,30008.0,New,Phnom Penh,Red,53/77.4,429-614,151,8.1,Dealer,GB-T/CCS2,23-02-2023,Synthetic (New Formula)
BYD,BYD Dolphin,2023,25805.170204431528,13392.0,Fair,Sihanoukville,Black,44.9/60.5,310-420,70,7.5,Dealer,GB-T/CCS2,3/2/2022,Synthetic (New Formula)
AITO,AITO M7,2023,57882.325970876205,1033.0,Like New,Phnom Penh,White,40,200 PHEV,330,4.8,Private,GB-T/CCS2,7/1/2024,Synthetic (New Formula)
BYD,BYD Seal,2025,34512.307085630455,3408.0,Excellent,Phnom Penh,Cosmos Black,61.4/82.5,400-550,150,3.8,Private,GB-T/CCS2,8/8/2023,Synthetic (New Formula)
Kia,Kia EV6,2025,54577.36677557245,38760.0,Like New,Sihanoukville,Green,77.4,484,168,7.1,Authorized Dealer,GB-T/CCS2,3/1/2024,Synthetic (New Formula)
AITO,AITO M5,2025,42204.43137997734,15418.0,Excellent,Phnom Penh,Black,40,200 PHEV,200,4.8,Private,GB-T/CCS2,17-04-2025,Synthetic (New Formula)
VinFast,VinFast VF 8,2025,39795.10852585459,9536.0,New,Preah Vihear,Blue,82/87.5,420-500,150,5.5,Private,GB-T/CCS2,9/4/2022,Synthetic (New Formula)
Mercedes,Mercedes EQB,2020,74561.38186719906,44187.0,Like New,Phnom Penh,Blue,66.5,419,168,8.0,Dealer,GB-T/CCS2,14-05-2025,Synthetic (New Formula)
MG,MG ZS EV,2021,29182.034023873217,0.0,New,Phnom Penh,Cosmos Black,50.3/72.6,320-440,115,8.6,Authorized Dealer,GB-T/CCS2,9/11/2021,Synthetic (New Formula)
BMW,BMW iX1,2024,59197.00480963074,16282.0,New,Phnom Penh,Grey,64.7,417,150,8.6,Private,GB-T/CCS2,16-07-2024,Synthetic (New Formula)
Toyota,Toyota bZ4X,2022,47662.75011196252,7504.0,Like New,Phnom Penh,Black,71.4,500,150,7.1,Dealer,GB-T/CCS2,23-08-2023,Synthetic (New Formula)
Tesla,Tesla Model Y,2025,55426.61393008594,895.0,Excellent,Phnom Penh,Silver,60/75/82,430-600,220,6.9,Authorized Dealer,GB-T/CCS2,10/10/2023,Synthetic (New Formula)
Denza,Denza D9,2025,86548.45269013624,29750.0,Excellent,Phnom Penh,Black,103,600,230,6.9,Private,GB-T/CCS2,9/4/2024,Synthetic (New Formula)
AITO,AITO M7,2025,63632.47962957265,42372.0,New,Phnom Penh,Grey,40,200 PHEV,330,4.8,Dealer,GB-T/CCS2,18-04-2024,Synthetic (New Formula)
Avatr,Avatr 11,2023,74842.48437796113,39558.0,New,Phnom Penh,Grey,90/116,555-700,230,3.9,Authorized Dealer,GB-T/CCS2,9/2/2023,Synthetic (New Formula)
BMW,BMW iX1,2024,56749.52116847561,962.0,Excellent,Phnom Penh,Black,64.7,417,150,8.6,Authorized Dealer,GB-T/CCS2,23-08-2022,Synthetic (New Formula)
Hyundai,Hyundai Ioniq 5,2025,46141.438924724636,43440.0,New,Phnom Penh,White,58/72.6,354-488,125,7.4,Authorized Dealer,GB-T/CCS2,25-08-2022,Synthetic (New Formula)
XPeng,XPeng G6,2022,48236.130661067145,23575.0,Excellent,Kampot,Blue,66/87.5,435-570,190,6.2,Dealer,GB-T/CCS2,13-04-2024,Synthetic (New Formula)
MG,MG 4 EV,2020,28177.197502830826,10538.0,Like New,Battambang,Silver,51/64/77,350-520,125,7.7,Dealer,GB-T/CCS2,14-04-2023,Synthetic (New Formula)
MG,MG 4 EV,2025,24876.314227043255,4120.0,New,Phnom Penh,Grey,51/64/77,350-520,125,7.7,Private,GB-T/CCS2,28-08-2021,Synthetic (New Formula)
MG,MG 5,2023,22200.203806777332,10065.0,Good,Phnom Penh,Black,61.1,403,130,7.7,Dealer,GB-T/CCS2,16-09-2025,Synthetic (New Formula)
BYD,BYD Sealion 6,2023,49844.20214420138,23914.0,Like New,Battambang,Grey,18.3,80-100 PHEV,145,8.5,Authorized Dealer,GB-T/CCS2,3/12/2023,Synthetic (New Formula)
MG,MG ZS EV,2022,29388.543539848404,33635.0,New,Phnom Penh,Silver,50.3/72.6,320-440,115,8.6,Private,GB-T/CCS2,25-04-2020,Synthetic (New Formula)
MG,MG 5,2024,21478.594941665942,20559.0,Good,Kep,Red,61.1,403,130,7.7,Dealer,GB-T/CCS2,23-09-2020,Synthetic (New Formula)
MG,MG 5,2024,20624.365548158083,4025.0,Like New,Siem Reap,Blue,61.1,403,130,7.7,Dealer,GB-T/CCS2,6/2/2024,Synthetic (New Formula)
Denza,Denza D9,2021,92814.93557070878,40327.0,Like New,Battambang,Silver,103,600,230,6.9,Authorized Dealer,GB-T/CCS2,18-04-2022,Synthetic (New Formula)
BYD,BYD Seagull,2020,21093.585247205683,7569.0,New,Battambang,Black,30/38.88,190-305,55,,Authorized Dealer,GB-T/CCS2,14-01-2025,Synthetic (New Formula)
XPeng,XPeng G6,2024,47378.60529703878,42269.0,New,Phnom Penh,Black,66/87.5,435-570,190,6.2,Authorized Dealer,GB-T/CCS2,10/7/2024,Synthetic (New Formula)
BMW,BMW iX1,2023,58467.13402194049,26505.0,Like New,Sihanoukville,Silver,64.7,417,150,8.6,Authorized Dealer,GB-T/CCS2,12/4/2024,Synthetic (New Formula)
Mercedes,Mercedes EQB,2025,66250.50356510111,47025.0,Like New,Sihanoukville,Red,66.5,419,168,8.0,Dealer,GB-T/CCS2,26-07-2024,Synthetic (New Formula)
VinFast,VinFast VF 8,2023,49154.29480177817,29636.0,Fair,Phnom Penh,Silver,82/87.5,420-500,150,5.5,Private,GB-T/CCS2,12/8/2025,Synthetic (New Formula)
AITO,AITO M7,2020,69880.78855773283,29636.0,New,Siem Reap,White,40,200 PHEV,330,4.8,Private,GB-T/CCS2,11/1/2023,Synthetic (New Formula)
MG,MG 4 EV,2024,27472.392981700497,43650.0,New,Phnom Penh,Pearl White,51/64/77,350-520,125,7.7,Private,GB-T/CCS2,15-10-2023,Synthetic (New Formula)
BYD,BYD Dolphin,2023,24776.965858064632,991.0,Excellent,Sihanoukville,Black,44.9/60.5,310-420,70,7.5,Dealer,GB-T/CCS2,3/2/2022,Synthetic (New Formula)
BMW,BMW iX1,2023,58265.32495458603,28210.0,New,Siem Reap,Black,64.7,417,150,8.6,Authorized Dealer,GB-T/CCS2,14-05-2023,Synthetic (New Formula)
Zeekr,Zeekr X,2022,55154.928810229896,24099.0,New,Kep,Cosmos Black,66,440,200,5.6,Private,GB-T/CCS2,4/2/2024,Synthetic (New Formula)
BYD,BYD Atto 2,2021,26056.746285523852,23355.0,Excellent,Phnom Penh,Silver,45.1,312-401,130,7.9,Dealer,GB-T/CCS2,12/9/2024,Synthetic (New Formula)
Avatr,Avatr 11,2023,73746.09038466544,45360.0,Good,Kep,Grey,90/116,555-700,230,3.9,Private,GB-T/CCS2,9/10/2024,Synthetic (New Formula)
Nissan,Nissan Leaf,2023,28283.510937863808,1616.0,Like New,Siem Reap,Blue,40/62,240-385,110,7.0,Dealer,GB-T/CCS2,2/5/2023,Synthetic (New Formula)
MG,MG 5,2025,23138.264623588228,58023.0,New,Phnom Penh,Black,61.1,403,130,7.7,Private,GB-T/CCS2,18-06-2020,Synthetic (New Formula)
AION,AION ES,2022,31986.37664619058,23736.0,New,Phnom Penh,Silver,55.6,410,150,7.5,Authorized Dealer,GB-T/CCS2,24-03-2024,Synthetic (New Formula)
Zeekr,Zeekr 001,2021,85245.56524188237,44820.0,Like New,Sihanoukville,Blue,86/100,560-620,200,3.3,Private,GB-T/CCS2,11/8/2023,Synthetic (New Formula)
Kia,Kia EV6,2025,50739.2283608003,26768.0,New,Phnom Penh,Black,77.4,484,168,7.1,Authorized Dealer,GB-T/CCS2,3/4/2024,Synthetic (New Formula)
MG,MG ZS EV,2024,27942.033384052735,824.0,Fair,Phnom Penh,Black,50.3/72.6,320-440,115,8.6,Private,GB-T/CCS2,28-10-2022,Synthetic (New Formula)
Hyundai,Hyundai Ioniq 5,2025,41262.60235389161,19038.0,New,Kratie,White,58/72.6,354-488,125,7.4,Dealer,GB-T/CCS2,10/11/2022,Synthetic (New Formula)
Zeekr,Zeekr 001,2023,74760.02489701424,0.0,Excellent,Phnom Penh,White,86/100,560-620,200,3.3,Private,GB-T/CCS2,19-01-2024,Synthetic (New Formula)
BYD,BYD Seagull,2024,19942.34038915572,25564.0,New,Battambang,Black,30/38.88,190-305,55,,Authorized Dealer,GB-T/CCS2,14-01-2025,Synthetic (New Formula)
BYD,BYD Dolphin,2023,25672.097804520792,0.0,New,Phnom Penh,Silver,44.9/60.5,310-420,70,7.5,Dealer,GB-T/CCS2,3/5/2025,Synthetic (New Formula)
Toyota,Toyota bZ4X,2023,49402.43789597928,37128.0,Fair,Phnom Penh,Black,71.4,500,150,7.1,Dealer,GB-T/CCS2,23-08-2023,Synthetic (New Formula)
Nissan,Nissan Leaf,2024,29849.09950904096,41209.0,Like New,Koh Kong,White,40/62,240-385,110,7.0,Authorized Dealer,GB-T/CCS2,25-01-2025,Synthetic (New Formula)
Kia,Kia EV6,2023,49969.27358878199,12698.0,Like New,Phnom Penh,Silver,77.4,484,168,7.1,Dealer,GB-T/CCS2,14-12-2022,Synthetic (New Formula)
Hyundai,Hyundai Ioniq 5,2023,45578.76256284827,26130.0,Like New,Siem Reap,Black,58/72.6,354-488,125,7.4,Dealer,GB-T/CCS2,12/5/2022,Synthetic (New Formula)
Avatr,Avatr 11,2024,76087.09094725766,52560.0,New,Battambang,White,90/116,555-700,230,3.9,Private,GB-T/CCS2,18-05-2022,Synthetic (New Formula)
Kia,Kia EV5,2021,37053.47934867666,0.0,Fair,Kampot,White,64.2/88,400-600,160,7.5,Private,GB-T/CCS2,25-01-2025,Synthetic (New Formula)
Denza,Denza D9,2023,90363.05111000991,23550.0,New,Phnom Penh,Pearl White,103,600,230,6.9,Authorized Dealer,GB-T/CCS2,16-08-2025,Synthetic (New Formula)
Kia,Kia EV9,2025,80386.10013884741,24486.0,New,Phnom Penh,Black,99.8,541,283,5.3,Dealer,GB-T/CCS2,20-05-2025,Synthetic (New Formula)
VinFast,VinFast VF 9,2023,70400.9139019312,29853.0,Like New,Siem Reap,Black,123,438,300,6.5,Private,GB-T/CCS2,21-07-2024,Synthetic (New Formula)
VinFast,VinFast VF 8,2023,44506.09951550029,8071.0,Like New,Kratie,White,82/87.5,420-500,150,5.5,Private,GB-T/CCS2,12/5/2023,Synthetic (New Formula)
AITO,AITO M5,2025,50636.51459571341,33292.0,New,Preah Vihear,Black,40,200 PHEV,200,4.8,Private,GB-T/CCS2,24-10-2024,Synthetic (New Formula)
Leapmotor,Leapmotor T03,2023,15913.77435435954,59940.0,Good,Phnom Penh,White,41.3,403,80,,Private,GB-T/CCS2,28-05-2023,Synthetic (New Formula)
BYD,BYD Atto 3,2021,30322.29048693541,5316.0,New,Phnom Penh,White,50/60.5,340-420,150,7.3,Private,GB-T/CCS2,17-09-2022,Synthetic (New Formula)
Zeekr,Zeekr X,2025,50246.186088090864,1720.0,Excellent,Phnom Penh,Black,66,440,200,5.6,Authorized Dealer,GB-T/CCS2,16-11-2024,Synthetic (New Formula)
MG,MG ZS EV,2025,30367.0488519997,31563.0,Excellent,Siem Reap,White,50.3/72.6,320-440,115,8.6,Dealer,GB-T/CCS2,24-01-2023,Synthetic (New Formula)
Denza,Denza D9,2025,84413.4084223863,43512.0,Excellent,Phnom Penh,Blue,103,600,230,6.9,Private,GB-T/CCS2,1/5/2025,Synthetic (New Formula)
VinFast,VinFast VF 6,2021,25510.62095374117,1167.0,New,Sihanoukville,White,59.6,399,110,,Private,GB-T/CCS2,18-03-2023,Synthetic (New Formula)
MG,MG ZS EV,2024,29599.42118550936,30996.0,Like New,Phnom Penh,White,50.3/72.6,320-440,115,8.6,Private,GB-T/CCS2,9/6/2024,Synthetic (New Formula)
Hyundai,Hyundai Ioniq 6,2022,63421.47884473299,56784.0,Like New,Siem Reap,White,53/77.4,429-614,151,8.1,Private,GB-T/CCS2,17-04-2024,Synthetic (New Formula)
Zeekr,Zeekr X,2020,59850.01736776714,17323.0,New,Phnom Penh,Pearl White,66,440,200,5.6,Private,GB-T/CCS2,19-09-2025,Synthetic (New Formula)
Leapmotor,Leapmotor T03,2024,13210.469960287359,26676.0,New,Phnom Penh,Red,41.3,403,80,,Private,GB-T/CCS2,10/5/2025,Synthetic (New Formula)
AITO,AITO M7,2025,56565.51312102676,17385.0,New,Sihanoukville,Silver,40,200 PHEV,330,4.8,Authorized Dealer,GB-T/CCS2,17-07-2023,Synthetic (New Formula)
VinFast,VinFast VF 8,2024,41689.086312540516,7928.0,New,Phnom Penh,White,82/87.5,420-500,150,5.5,Authorized Dealer,GB-T/CCS2,17-04-2024,Synthetic (New Formula)
MG,MG ZS EV,2021,28885.421287973633,5525.0,Fair,Siem Reap,Black,50.3/72.6,320-440,115,8.6,Private,GB-T/CCS2,20-07-2022,Synthetic (New Formula)
MG,MG 5,2024,23726.45111296232,18530.0,Excellent,Siem Reap,Black,61.1,403,130,7.7,Authorized Dealer,GB-T/CCS2,9/5/2025,Synthetic (New Formula)
BYD,BYD Tang,2024,66208.73124305771,27175.0,New,Phnom Penh,Black,86.4/108.8,400-530,180,4.6,Dealer,GB-T/CCS2,28-03-2020,Synthetic (New Formula)
AITO,AITO M5,2025,45910.48380465404,12912.0,New,Phnom Penh,Red,40,200 PHEV,200,4.8,Authorized Dealer,GB-T/CCS2,2/9/2022,Synthetic (New Formula)
Avatr,Avatr 11,2025,63512.51226495212,4164.0,Good,Battambang,White,90/116,555-700,230,3.9,Private,GB-T/CCS2,18-05-2022,Synthetic (New Formula)
Nissan,Nissan Leaf,2024,28565.27478734515,8400.0,New,Phnom Penh,Grey,40/62,240-385,110,7.0,Authorized Dealer,GB-T/CCS2,23-04-2025,Synthetic (New Formula)
Nissan,Nissan Leaf,2024,30248.56719451242,35800.0,Like New,Kep,Silver,40/62,240-385,110,7.0,Private,GB-T/CCS2,27-01-2021,Synthetic (New Formula)
VinFast,VinFast VF 8,2023,39952.246815891565,5525.0,Like New,Phnom Penh,White,82/87.5,420-500,150,5.5,Authorized Dealer,GB-T/CCS2,17-04-2024,Synthetic (New Formula)
BYD,BYD Atto 3,2022,32570.897896880375,44680.0,New,Kampot,Black,50/60.5,340-420,150,7.3,Private,GB-T/CCS2,15-08-2024,Synthetic (New Formula)
BYD,BYD Tang,2024,59699.06189062261,11820.0,Excellent,Sihanoukville,White,86.4/108.8,400-530,180,4.6,Dealer,GB-T/CCS2,11/6/2020,Synthetic (New Formula)
Tesla,Tesla Model Y,2025,55046.181442487585,20328.0,Fair,Phnom Penh,White,60/75/82,430-600,220,6.9,Authorized Dealer,GB-T/CCS2,14-08-2024,Synthetic (New Formula)
MG,MG 4 EV,2023,24658.745779985686,0.0,Good,Kratie,Grey,51/64/77,350-520,125,7.7,Private,GB-T/CCS2,9/11/2021,Synthetic (New Formula)
AION,AION Y Plus,2024,35276.4838489319,11412.0,Good,Phnom Penh,Black,51.9/63.9,410-510,150,7.8,Private,GB-T/CCS2,4/4/2025,Synthetic (New Formula)
Arcfox,Arcfox Koala S,2022,27929.887152223957,7455.0,Like New,Phnom Penh,Black,42.8,301,120,8.5,Authorized Dealer,GB-T/CCS2,26-05-2025,Synthetic (New Formula)
Leapmotor,Leapmotor T03,2021,16326.950587050593,55944.0,New,Preah Vihear,White,41.3,403,80,,Authorized Dealer,GB-T/CCS2,10/2/2025,Synthetic (New Formula)
Leapmotor,Leapmotor T03,2023,14195.124304254838,36372.0,Like New,Sihanoukville,Blue,41.3,403,80,,Dealer,GB-T/CCS2,4/11/2022,Synthetic (New Formula)
Nissan,Nissan Leaf,2022,30176.407658074255,1158.0,New,Phnom Penh,Green,40/62,240-385,110,7.0,Private,GB-T/CCS2,12/2/2023,Synthetic (New Formula)
Kia,Kia EV6,2025,49073.039303842845,30740.0,Excellent,Phnom Penh,Black,77.4,484,168,7.1,Dealer,GB-T/CCS2,20-06-2022,Synthetic (New Formula)
BMW,BMW iX1,2024,56803.27438682545,7455.0,New,Siem Reap,Black,64.7,417,150,8.6,Authorized Dealer,GB-T/CCS2,14-05-2023,Synthetic (New Formula)
Denza,Denza D9,2025,80143.0089625661,0.0,Excellent,Phnom Penh,Grey,103,600,230,6.9,Private,GB-T/CCS2,28-10-2022,Synthetic (New Formula)
VinFast,VinFast VF 6,2021,26492.110489395338,8073.0,New,Phnom Penh,White,59.6,399,110,,Dealer,GB-T/CCS2,23-08-2024,Synthetic (New Formula)
BYD,BYD Atto 2,2020,25789.639316679626,7924.0,Fair,Phnom Penh,Cosmos Black,45.1,312-401,130,7.9,Authorized Dealer,GB-T/CCS2,14-06-2024,Synthetic (New Formula)
Tesla,Tesla Model Y,2025,58713.51708817993,12844.0,Good,Phnom Penh,White,60/75/82,430-600,220,6.9,Authorized Dealer,GB-T/CCS2,14-08-2024,Synthetic (New Formula)
Tesla,Tesla Model Y,2022,60692.97783178458,12342.0,New,Phnom Penh,Blue,60/75/82,430-600,220,6.9,Private,GB-T/CCS2,17-08-2022,Synthetic (New Formula)
Mercedes,Mercedes EQB,2025,60599.53639838793,15376.0,New,Kampot,Cosmos Black,66.5,419,168,8.0,Dealer,GB-T/CCS2,16-02-2022,Synthetic (New Formula)
Kia,Kia EV9,2024,72108.25748619303,0.0,Good,Phnom Penh,Black,99.8,541,283,5.3,Dealer,GB-T/CCS2,15-09-2023,Synthetic (New Formula)
Mercedes,Mercedes EQB,2023,68205.85307340822,24465.0,New,Phnom Penh,Silver,66.5,419,168,8.0,Authorized Dealer,GB-T/CCS2,6/10/2024,Synthetic (New Formula)
BYD,BYD Han,2022,61224.739824620534,962.0,Good,Phnom Penh,Grey,76.9/85.4,500-610,180,3.9,Authorized Dealer,GB-T/CCS2,10/9/2023,Synthetic (New Formula)
BYD,BYD Han,2024,56284.127008304094,1183.0,Excellent,Battambang,Blue,76.9/85.4,500-610,180,3.9,Private,GB-T/CCS2,26-12-2021,Synthetic (New Formula)
XPeng,XPeng G6,2023,46858.13493857224,16558.0,Good,Battambang,Red,66/87.5,435-570,190,6.2,Private,GB-T/CCS2,25-03-2023,Synthetic (New Formula)
BYD,BYD Sealion 6,2024,49101.311098254766,37653.0,Like New,Phnom Penh,Black,18.3,80-100 PHEV,145,8.5,Authorized Dealer,GB-T/CCS2,7/2/2024,Synthetic (New Formula)
BYD,BYD Dolphin,2023,28398.738843766398,39558.0,New,Phnom Penh,White,44.9/60.5,310-420,70,7.5,Dealer,GB-T/CCS2,4/1/2023,Synthetic (New Formula)
Leapmotor,Leapmotor T03,2025,13489.203439735324,19038.0,Like New,Phnom Penh,Pearl White,41.3,403,80,,Dealer,GB-T/CCS2,1/5/2022,Synthetic (New Formula)
BMW,BMW iX1,2025,55990.62540339466,0.0,Like New,Phnom Penh,Black,64.7,417,150,8.6,Authorized Dealer,GB-T/CCS2,23-08-2022,Synthetic (New Formula)
Zeekr,Zeekr 001,2022,73877.99949543239,10320.0,New,Phnom Penh,Blue,86/100,560-620,200,3.3,Dealer,GB-T/CCS2,16-10-2024,Synthetic (New Formula)
BYD,BYD Tang,2023,66985.65018548313,7511.0,New,Sihanoukville,White,86.4/108.8,400-530,180,4.6,Dealer,GB-T/CCS2,11/6/2020,Synthetic (New Formula)
MG,MG ZS EV,2024,28716.714809914898,20658.0,Excellent,Phnom Penh,White,50.3/72.6,320-440,115,8.6,Authorized Dealer,GB-T/CCS2,23-02-2024,Synthetic (New Formula)
Tesla,Tesla Model Y,2023,62620.941926654836,16338.0,Excellent,Phnom Penh,Blue,60/75/82,430-600,220,6.9,Authorized Dealer,GB-T/CCS2,19-02-2022,Synthetic (New Formula)
BYD,BYD Atto 3,2023,29762.01087414615,0.0,New,Phnom Penh,White,50/60.5,340-420,150,7.3,Private,GB-T/CCS2,17-09-2022,Synthetic (New Formula)
MG,MG 4 EV,2023,26475.580889040044,23712.0,New,Siem Reap,Silver,51/64/77,350-520,125,7.7,Dealer,GB-T/CCS2,15-07-2023,Synthetic (New Formula)
BYD,BYD Sealion 7,2022,44608.96178322673,40327.0,New,Siem Reap,Green,71.8/91.3,460-567,230,4.5,Authorized Dealer,GB-T/CCS2,25-09-2024,Synthetic (New Formula)
BYD,BYD Seal,2024,37661.9674463193,25152.0,Like New,Phnom Penh,White,61.4/82.5,400-550,150,3.8,Private,GB-T/CCS2,21-04-2024,Synthetic (New Formula)
VinFast,VinFast VF 6,2022,26454.032273566452,28560.0,Like New,Kampong Cham,White,59.6,399,110,,Dealer,GB-T/CCS2,17-05-2024,Synthetic (New Formula)
Leapmotor,Leapmotor T03,2024,14101.367804836573,33292.0,New,Battambang,White,41.3,403,80,,Authorized Dealer,GB-T/CCS2,10/1/2024,Synthetic (New Formula)
VinFast,VinFast VF 9,2024,73211.68882864785,29896.0,Like New,Phnom Penh,White,123,438,300,6.5,Private,GB-T/CCS2,11/1/2024,Synthetic (New Formula)
Kia,Kia EV9,2025,72611.91889307009,2346.0,New,Phnom Penh,White,99.8,541,283,5.3,Authorized Dealer,GB-T/CCS2,22-08-2025,Synthetic (New Formula)
VinFast,VinFast VF 6,2022,26196.03362792982,3760.0,New,Sihanoukville,Silver,59.6,399,110,,Dealer,GB-T/CCS2,4/12/2022,Synthetic (New Formula)
Deepal,Deepal S07,2025,51006.03276548837,19152.0,New,Phnom Penh,White,31.6/80,200 PHEV,190,6.7,Dealer,GB-T/CCS2,24-09-2024,Synthetic (New Formula)
Tesla,Tesla Model 3,2022,50829.32343598302,37398.0,New,Kampong Cham,White,60/82,430-576,208,6.1,Private,GB-T/CCS2,5/8/2021,Synthetic (New Formula)
VinFast,VinFast VF 6,2025,27390.326851183687,38988.0,Excellent,Siem Reap,Grey,59.6,399,110,,Private,GB-T/CCS2,3/2/2025,Synthetic (New Formula)
MG,MG 5,2023,22713.662521336963,16928.0,Excellent,Phnom Penh,Black,61.1,403,130,7.7,Private,GB-T/CCS2,18-06-2020,Synthetic (New Formula)
XPeng,XPeng G6,2024,47687.56041894063,10710.0,New,Battambang,Red,66/87.5,435-570,190,6.2,Private,GB-T/CCS2,25-03-2023,Synthetic (New Formula)
Avatr,Avatr 12,2023,62356.65165164542,4060.0,Like New,Phnom Penh,Silver,94.5,650,230,3.9,Dealer,GB-T/CCS2,14-07-2025,Synthetic (New Formula)
BYD,BYD Seagull,2025,20313.202707072516,24465.0,Excellent,Battambang,Orange,30/38.88,190-305,55,,Dealer,GB-T/CCS2,4/4/2025,Synthetic (New Formula)
Deepal,Deepal L07,2024,46344.06868241859,8272.0,Good,Kratie,Black,31.6,200 PHEV,160,7.3,Authorized Dealer,GB-T/CCS2,5/5/2025,Synthetic (New Formula)
Kia,Kia EV9,2023,79621.3948281946,4164.0,Excellent,Phnom Penh,Silver,99.8,541,283,5.3,Private,GB-T/CCS2,26-02-2024,Synthetic (New Formula)
AITO,AITO M7,2022,61297.73257850979,20102.0,New,Kampong Cham,Grey,40,200 PHEV,330,4.8,Dealer,GB-T/CCS2,20-08-2022,Synthetic (New Formula)
Tesla,Tesla Model Y,2023,60724.01059895622,14729.0,New,Phnom Penh,White,60/75/82,430-600,220,6.9,Authorized Dealer,GB-T/CCS2,14-08-2024,Synthetic (New Formula)
BYD,BYD Sealion 7,2025,39431.83620886844,0.0,Good,Phnom Penh,Blue,71.8/91.3,460-567,230,4.5,Authorized Dealer,GB-T/CCS2,11/8/2025,Synthetic (New Formula)
BYD,BYD Seagull,2023,20544.628220470393,28210.0,Like New,Phnom Penh,Silver,30/38.88,190-305,55,,Dealer,GB-T/CCS2,14-11-2024,Synthetic (New Formula)
VinFast,VinFast VF 6,2025,27669.778613503506,43475.0,Like New,Phnom Penh,Silver,59.6,399,110,,Private,GB-T/CCS2,5/2/2024,Synthetic (New Formula)
Kia,Kia EV6,2025,52426.972434723204,36372.0,New,Phnom Penh,Black,77.4,484,168,7.1,Authorized Dealer,GB-T/CCS2,3/4/2024,Synthetic (New Formula)
MG,MG 5,2024,23242.526680324965,25885.0,Like New,Phnom Penh,Grey,61.1,403,130,7.7,Dealer,GB-T/CCS2,5/1/2022,Synthetic (New Formula)
Avatr,Avatr 07,2025,47056.07620055711,4152.0,New,Phnom Penh,Blue,62.2/100.5,420-621,190,4.9,Private,GB-T/CCS2,26-03-2024,Synthetic (New Formula)
BYD,BYD Seagull,2023,20465.658221865622,962.0,Excellent,Phnom Penh,Silver,30/38.88,190-305,55,,Dealer,GB-T/CCS2,18-08-2024,Synthetic (New Formula)
Nissan,Nissan Leaf,2021,32911.32347113668,44820.0,New,Siem Reap,Silver,40/62,240-385,110,7.0,Authorized Dealer,GB-T/CCS2,13-08-2024,Synthetic (New Formula)
BYD,BYD Seal 5,2022,22595.956264443223,5226.0,New,Phnom Penh,Grey,15.8,80 PHEV,110,7.9,Private,GB-T/CCS2,3/8/2024,Synthetic (New Formula)
BYD,BYD Seagull,2023,20541.181779710445,30082.0,Like New,Battambang,Orange,30/38.88,190-305,55,,Dealer,GB-T/CCS2,4/4/2025,Synthetic (New Formula)
Nissan,Nissan Leaf,2022,31058.3685993565,25048.0,New,Phnom Penh,White,40/62,240-385,110,7.0,Dealer,GB-T/CCS2,26-08-2020,Synthetic (New Formula)
Tesla,Tesla Model Y,2024,56631.13441212108,0.0,New,Phnom Penh,Grey,60/75/82,430-600,220,6.9,Private,GB-T/CCS2,28-02-2024,Synthetic (New Formula)
Nissan,Nissan Leaf,2025,31400.92224709847,35178.0,Like New,Koh Kong,White,40/62,240-385,110,7.0,Authorized Dealer,GB-T/CCS2,25-01-2025,Synthetic (New Formula)
VinFast,VinFast VF 8,2024,45500.48543035017,30740.0,Excellent,Phnom Penh,Silver,82/87.5,420-500,150,5.5,Private,GB-T/CCS2,12/8/2025,Synthetic (New Formula)
BYD,BYD Seal 5,2022,24361.367531899756,44680.0,Like New,Phnom Penh,Blue,15.8,80 PHEV,110,7.9,Private,GB-T/CCS2,28-11-2024,Synthetic (New Formula)
VinFast,VinFast VF 6,2024,25571.200082120115,928.0,New,Sihanoukville,Silver,59.6,399,110,,Dealer,GB-T/CCS2,4/12/2022,Synthetic (New Formula)
Arcfox,Arcfox Koala S,2023,25276.48840235795,4895.0,Fair,Siem Reap,White,42.8,301,120,8.5,Dealer,GB-T/CCS2,22-10-2024,Synthetic (New Formula)
BYD,BYD Seagull,2023,20155.2595638582,39100.0,Excellent,Battambang,Orange,30/38.88,190-305,55,,Dealer,GB-T/CCS2,4/4/2025,Synthetic (New Formula)
BYD,BYD Seagull,2022,20582.196729937485,5610.0,New,Battambang,Orange,30/38.88,190-305,55,,Dealer,GB-T/CCS2,4/4/2025,Synthetic (New Formula)
Hyundai,Hyundai Ioniq 6,2024,52104.3730492784,0.0,New,Phnom Penh,White,53/77.4,429-614,151,8.1,Dealer,GB-T/CCS2,3/5/2023,Synthetic (New Formula)
Kia,Kia EV9,2025,79004.37940082775,25146.0,Good,Koh Kong,Silver,99.8,541,283,5.3,Authorized Dealer,GB-T/CCS2,7/5/2024,Synthetic (New Formula)
Tesla,Tesla Model Y,2024,56698.82713775047,12446.0,Like New,Phnom Penh,Blue,60/75/82,430-600,220,6.9,Authorized Dealer,GB-T/CCS2,19-02-2022,Synthetic (New Formula)
MG,MG ZS EV,2024,28236.85151669845,9016.0,New,Phnom Penh,Silver,50.3/72.6,320-440,115,8.6,Dealer,GB-T/CCS2,21-10-2024,Synthetic (New Formula)
VinFast,VinFast VF 8,2022,45929.82745916325,0.0,Like New,Siem Reap,White,82/87.5,420-500,150,5.5,Private,GB-T/CCS2,21-07-2022,Synthetic (New Formula)
MG,MG 4 EV,2024,28026.094965577242,35800.0,Like New,Kep,Silver,51/64/77,350-520,125,7.7,Dealer,GB-T/CCS2,27-08-2025,Synthetic (New Formula)
BYD,BYD Seal,2022,39156.323151241435,19566.0,Like New,Sihanoukville,Grey,61.4/82.5,400-550,150,3.8,Private,GB-T/CCS2,18-02-2025,Synthetic (New Formula)
VinFast,VinFast VF 9,2022,68695.94089686594,11984.0,Good,Phnom Penh,White,123,438,300,6.5,Authorized Dealer,GB-T/CCS2,11/2/2023,Synthetic (New Formula)
Arcfox,Arcfox Koala S,2022,27391.260487867854,4836.0,Good,Phnom Penh,Black,42.8,301,120,8.5,Authorized Dealer,GB-T/CCS2,26-05-2025,Synthetic (New Formula)
Arcfox,Arcfox Koala S,2025,24212.926358470504,1100.0,Excellent,Phnom Penh,Black,42.8,301,120,8.5,Authorized Dealer,GB-T/CCS2,26-05-2025,Synthetic (New Formula)
VinFast,VinFast VF 9,2023,70522.84291987558,25564.0,Good,Battambang,Black,123,438,300,6.5,Private,GB-T/CCS2,25-08-2025,Synthetic (New Formula)
AION,AION V,2024,41972.732970339595,23914.0,Excellent,Phnom Penh,Black,68.8/80,480-610,165,7.1,Private,GB-T/CCS2,15-02-2025,Synthetic (New Formula)
VinFast,VinFast VF 8,2023,40778.736490226154,1185.0,Excellent,Phnom Penh,White,82/87.5,420-500,150,5.5,Private,GB-T/CCS2,13-07-2024,Synthetic (New Formula)
MG,MG 5,2023,22713.359670311504,24075.0,Excellent,Phnom Penh,Black,61.1,403,130,7.7,Private,GB-T/CCS2,18-06-2020,Synthetic (New Formula)
VinFast,VinFast VF 9,2021,68313.2280687548,8325.0,Like New,Phnom Penh,Silver,123,438,300,6.5,Private,GB-T/CCS2,16-11-2023,Synthetic (New Formula)
Tesla,Tesla Model 3,2021,47531.04470656987,8400.0,Excellent,Sihanoukville,Green,60/82,430-576,208,6.1,Dealer,GB-T/CCS2,25-09-2020,Synthetic (New Formula)
Zeekr,Zeekr 001,2025,71102.2115495411,8760.0,Good,Phnom Penh,Black,86/100,560-620,200,3.3,Authorized Dealer,GB-T/CCS2,3/10/2025,Synthetic (New Formula)
BYD,BYD Atto 3,2022,28804.249384809336,4740.0,New,Phnom Penh,Black,50/60.5,340-420,150,7.3,Private,GB-T/CCS2,12/7/2023,Synthetic (New Formula)
MG,MG ZS EV,2025,29254.431968675137,26505.0,New,Kratie,Red,50.3/72.6,320-440,115,8.6,Dealer,GB-T/CCS2,10/12/2020,Synthetic (New Formula)
AION,AION V,2022,44813.49837705001,32800.0,New,Phnom Penh,Black,68.8/80,480-610,165,7.1,Private,GB-T/CCS2,15-02-2025,Synthetic (New Formula)
BYD,BYD Seagull,2022,20227.87889589757,1185.0,Excellent,Preah Vihear,White,30/38.88,190-305,55,,Private,GB-T/CCS2,17-03-2023,Synthetic (New Formula)
Deepal,Deepal L07,2023,44003.20440265494,10030.0,New,Battambang,White,31.6,200 PHEV,160,7.3,Dealer,GB-T/CCS2,16-12-2024,Synthetic (New Formula)
Zeekr,Zeekr X,2023,54966.85434156987,22770.0,Fair,Kep,Cosmos Black,66,440,200,5.6,Private,GB-T/CCS2,4/2/2024,Synthetic (New Formula)
AITO,AITO M7,2023,60034.64686241905,0.0,New,Phnom Penh,Silver,40,200 PHEV,330,4.8,Private,GB-T/CCS2,16-05-2022,Synthetic (New Formula)
VinFast,VinFast VF 9,2024,63487.92840682294,26535.0,Like New,Battambang,Black,123,438,300,6.5,Private,GB-T/CCS2,25-08-2025,Synthetic (New Formula)
Zeekr,Zeekr 007,2023,61630.02363586435,0.0,Excellent,Phnom Penh,Red,75/100,530-688,310,3.5,Private,GB-T/CCS2,3/2/2025,Synthetic (New Formula)
AION,AION ES,2025,32114.19600012033,55154.0,New,Phnom Penh,White,55.6,410,150,7.5,Authorized Dealer,GB-T/CCS2,2/5/2025,Synthetic (New Formula)
BYD,BYD Seal,2025,35036.39911807597,0.0,Excellent,Siem Reap,Black,61.4/82.5,400-550,150,3.8,Dealer,GB-T/CCS2,18-09-2022,Synthetic (New Formula)
VinFast,VinFast VF 9,2025,62243.91303546111,0.0,Like New,Phnom Penh,Silver,123,438,300,6.5,Private,GB-T/CCS2,16-11-2023,Synthetic (New Formula)
Kia,Kia EV9,2023,90356.7957946039,59940.0,Good,Phnom Penh,Black,99.8,541,283,5.3,Private,GB-T/CCS2,9/6/2023,Synthetic (New Formula)
XPeng,XPeng G6,2025,50711.358650051254,52560.0,New,Battambang,Green,66/87.5,435-570,190,6.2,Authorized Dealer,GB-T/CCS2,15-12-2023,Synthetic (New Formula)
Hyundai,Hyundai Ioniq 6,2023,58102.81024936688,12987.0,Fair,Phnom Penh,Grey,53/77.4,429-614,151,8.1,Authorized Dealer,GB-T/CCS2,17-10-2024,Synthetic (New Formula)
Tesla,Tesla Model Y,2021,68148.00005421921,42883.0,New,Phnom Penh,Grey,60/75/82,430-600,220,6.9,Private,GB-T/CCS2,28-02-2024,Synthetic (New Formula)
XPeng,XPeng G6,2025,44805.65708522499,8020.0,New,Kampot,Red,66/87.5,435-570,190,6.2,Private,GB-T/CCS2,3/1/2024,Synthetic (New Formula)
BYD,BYD Han,2022,58798.7261249052,9536.0,Excellent,Phnom Penh,Orange,76.9/85.4,500-610,180,3.9,Authorized Dealer,GB-T/CCS2,9/9/2021,Synthetic (New Formula)
BYD,BYD Seal 5,2024,22479.609864147576,9900.0,Excellent,Preah Vihear,White,15.8,80 PHEV,110,7.9,Authorized Dealer,GB-T/CCS2,1/5/2024,Synthetic (New Formula)
Kia,Kia EV5,2023,35741.54071122063,11984.0,Fair,Phnom Penh,Black,64.2/88,400-600,160,7.5,Authorized Dealer,GB-T/CCS2,8/9/2023,Synthetic (New Formula)
BYD,BYD Dolphin,2024,24266.005461236877,0.0,Good,Phnom Penh,Silver,44.9/60.5,310-420,70,7.5,Authorized Dealer,GB-T/CCS2,21-05-2022,Synthetic (New Formula)
VinFast,VinFast VF 9,2025,70820.9759994466,43563.0,New,Kampong Cham,Silver,123,438,300,6.5,Private,GB-T/CCS2,6/10/2024,Synthetic (New Formula)
Tesla,Tesla Model Y,2022,57061.08015063782,0.0,Like New,Phnom Penh,Silver,60/75/82,430-600,220,6.9,Authorized Dealer,GB-T/CCS2,10/10/2023,Synthetic (New Formula)
Avatr,Avatr 11,2022,70437.04420070934,12844.0,New,Siem Reap,Red,90/116,555-700,230,3.9,Private,GB-T/CCS2,4/4/2024,Synthetic (New Formula)
Denza,Denza D9,2025,85383.41464233483,25048.0,Like New,Phnom Penh,Black,103,600,230,6.9,Authorized Dealer,GB-T/CCS2,6/7/2022,Synthetic (New Formula)
VinFast,VinFast VF 6,2025,25897.245770393725,19362.0,New,Phnom Penh,Grey,59.6,399,110,,Private,GB-T/CCS2,16-09-2023,Synthetic (New Formula)
Xiaomi,Xiaomi SU7,2023,74985.11354632348,11820.0,Like New,Phnom Penh,Silver,73.6/94.3,495-830,220,5.3,Dealer,GB-T/CCS2,3/12/2024,Synthetic (New Formula)
Zeekr,Zeekr 001,2023,77348.83343143105,26625.0,Like New,Sihanoukville,Blue,86/100,560-620,200,3.3,Private,GB-T/CCS2,11/8/2023,Synthetic (New Formula)
Avatr,Avatr 07,2025,46691.035473241776,17388.0,Like New,Phnom Penh,Cosmos Black,62.2/100.5,420-621,190,4.9,Dealer,GB-T/CCS2,2/6/2024,Synthetic (New Formula)
Leapmotor,Leapmotor T03,2020,12903.68122231345,1846.0,Fair,Phnom Penh,Red,41.3,403,80,,Dealer,GB-T/CCS2,5/8/2025,Synthetic (New Formula)
Kia,Kia EV5,2023,36869.17333640346,26280.0,Like New,Phnom Penh,Black,64.2/88,400-600,160,7.5,Authorized Dealer,GB-T/CCS2,8/9/2023,Synthetic (New Formula)
Tesla,Tesla Model Y,2023,63609.134394952554,20286.0,New,Phnom Penh,Grey,60/75/82,430-600,220,6.9,Private,GB-T/CCS2,28-02-2024,Synthetic (New Formula)
Zeekr,Zeekr 001,2021,79596.46355948974,15521.0,New,Phnom Penh,White,86/100,560-620,200,3.3,Dealer,GB-T/CCS2,15-02-2023,Synthetic (New Formula)
Arcfox,Arcfox Koala S,2024,27385.53549534733,13395.0,Fair,Phnom Penh,Silver,42.8,301,120,8.5,Dealer,GB-T/CCS2,16-08-2025,Synthetic (New Formula)
VinFast,VinFast VF 8,2024,45003.3264054267,5110.0,New,Preah Vihear,Blue,82/87.5,420-500,150,5.5,Private,GB-T/CCS2,9/4/2022,Synthetic (New Formula)
Tesla,Tesla Model Y,2025,63231.02406846163,43650.0,Like New,Siem Reap,White,60/75/82,430-600,220,6.9,Private,GB-T/CCS2,9/7/2023,Synthetic (New Formula)
BYD,BYD Seagull,2024,21862.458881974708,43440.0,New,Phnom Penh,Silver,30/38.88,190-305,55,,Dealer,GB-T/CCS2,18-08-2024,Synthetic (New Formula)
Hyundai,Hyundai Ioniq 5,2024,47393.36736251949,19362.0,Like New,Kampong Cham,Blue,58/72.6,354-488,125,7.4,Private,GB-T/CCS2,8/10/2023,Synthetic (New Formula)
Tesla,Tesla Model 3,2025,46148.23327527976,22512.0,New,Sihanoukville,Black,60/82,430-576,208,6.1,Authorized Dealer,GB-T/CCS2,27-11-2021,Synthetic (New Formula)
Toyota,Toyota bZ4X,2023,49581.0025514169,41667.0,New,Preah Vihear,Black,71.4,500,150,7.1,Dealer,GB-T/CCS2,1/5/2025,Synthetic (New Formula)
Kia,Kia EV6,2025,47966.225006774264,1112.0,New,Phnom Penh,Grey,77.4,484,168,7.1,Authorized Dealer,GB-T/CCS2,19-03-2022,Synthetic (New Formula)
VinFast,VinFast VF 6,2024,25041.07727098507,0.0,Excellent,Sihanoukville,White,59.6,399,110,,Private,GB-T/CCS2,18-03-2023,Synthetic (New Formula)
Tesla,Tesla Model 3,2025,44443.51339591932,7980.0,New,Phnom Penh,White,60/82,430-576,208,6.1,Private,GB-T/CCS2,9/12/2020,Synthetic (New Formula)
BYD,BYD Dolphin,2024,26644.223012813203,41667.0,Excellent,Phnom Penh,Silver,44.9/60.5,310-420,70,7.5,Authorized Dealer,GB-T/CCS2,21-05-2022,Synthetic (New Formula)
XPeng,XPeng G6,2023,49434.518260464894,6114.0,Like New,Battambang,Green,66/87.5,435-570,190,6.2,Authorized Dealer,GB-T/CCS2,15-12-2023,Synthetic (New Formula)
AITO,AITO M7,2022,59853.033260128796,975.0,Like New,Phnom Penh,White,40,200 PHEV,330,4.8,Private,GB-T/CCS2,7/1/2024,Synthetic (New Formula)
BYD,BYD Dolphin,2024,25979.763170503935,35178.0,Excellent,Phnom Penh,Cosmos Black,44.9/60.5,310-420,70,7.5,Dealer,GB-T/CCS2,28-07-2023,Synthetic (New Formula)
Toyota,Toyota bZ4X,2025,45636.315826453305,4995.0,Like New,Preah Vihear,Blue,71.4,500,150,7.1,Authorized Dealer,GB-T/CCS2,11/12/2022,Synthetic (New Formula)
BYD,BYD Sealion 7,2024,44794.88001394587,39865.0,Like New,Siem Reap,Green,71.8/91.3,460-567,230,4.5,Authorized Dealer,GB-T/CCS2,25-09-2024,Synthetic (New Formula)
Tesla,Tesla Model 3,2025,49207.77092205953,46942.0,Good,Phnom Penh,White,60/82,430-576,208,6.1,Authorized Dealer,GB-T/CCS2,28-04-2025,Synthetic (New Formula)
Nissan,Nissan Leaf,2022,31044.636124788765,21489.0,Good,Battambang,Black,40/62,240-385,110,7.0,Private,GB-T/CCS2,26-02-2022,Synthetic (New Formula)
Hyundai,Hyundai Ioniq 5,2023,41461.77954812663,944.0,New,Phnom Penh,Grey,58/72.6,354-488,125,7.4,Authorized Dealer,GB-T/CCS2,3/12/2021,Synthetic (New Formula)
Hyundai,Hyundai Ioniq 5,2024,46857.65717698914,38988.0,Excellent,Kep,Black,58/72.6,354-488,125,7.4,Private,GB-T/CCS2,13-09-2025,Synthetic (New Formula)
Tesla,Tesla Model Y,2022,63113.14920356886,960.0,Like New,Phnom Penh,White,60/75/82,430-600,220,6.9,Dealer,GB-T/CCS2,16-11-2024,Synthetic (New Formula)
AITO,AITO M5,2021,49564.87282071652,16282.0,Excellent,Kep,Cosmos Black,40,200 PHEV,200,4.8,Dealer,GB-T/CCS2,10/12/2022,Synthetic (New Formula)
Avatr,Avatr 07,2022,54151.293184453825,55944.0,Excellent,Phnom Penh,White,62.2/100.5,420-621,190,4.9,Private,GB-T/CCS2,23-08-2025,Synthetic (New Formula)
BYD,BYD Atto 3,2022,30184.139972337736,5535.0,Like New,Phnom Penh,Black,50/60.5,340-420,150,7.3,Private,GB-T/CCS2,12/7/2023,Synthetic (New Formula)
BYD,BYD Dolphin,2025,23854.16804381473,0.0,New,Phnom Penh,Silver,44.9/60.5,310-420,70,7.5,Dealer,GB-T/CCS2,3/5/2025,Synthetic (New Formula)
BYD,BYD Seagull,2024,19224.125618946742,0.0,New,Phnom Penh,Grey,30/38.88,190-305,55,,Authorized Dealer,GB-T/CCS2,12/9/2023,Synthetic (New Formula)
BYD,BYD Tang,2023,62847.16990155978,5110.0,Like New,Battambang,White,86.4/108.8,400-530,180,4.6,Private,GB-T/CCS2,10/4/2025,Synthetic (New Formula)
Avatr,Avatr 07,2023,48939.16155827411,10320.0,Excellent,Phnom Penh,Grey,62.2/100.5,420-621,190,4.9,Dealer,GB-T/CCS2,26-05-2025,Synthetic (New Formula)
Arcfox,Arcfox Koala S,2023,26675.92609246835,18649.0,Excellent,Sihanoukville,Black,42.8,301,120,8.5,Private,GB-T/CCS2,3/2/2025,Synthetic (New Formula)
Deepal,Deepal L07,2024,52177.25724778258,45068.0,New,Phnom Penh,White,31.6,200 PHEV,160,7.3,Dealer,GB-T/CCS2,26-08-2025,Synthetic (New Formula)
Toyota,Toyota bZ4X,2021,49246.938157577984,19343.0,Excellent,Phnom Penh,White,71.4,500,150,7.1,Authorized Dealer,GB-T/CCS2,22-10-2024,Synthetic (New Formula)
Zeekr,Zeekr X,2023,60638.31801239454,43563.0,New,Kampong Cham,Black,66,440,200,5.6,Authorized Dealer,GB-T/CCS2,7/1/2025,Synthetic (New Formula)
Hyundai,Hyundai Ioniq 5,2023,41576.018696390325,0.0,Like New,Kep,Black,58/72.6,354-488,125,7.4,Private,GB-T/CCS2,13-09-2025,Synthetic (New Formula)
Mercedes,Mercedes EQB,2023,68426.66084677668,18202.0,Excellent,Sihanoukville,Red,66.5,419,168,8.0,Dealer,GB-T/CCS2,26-07-2024,Synthetic (New Formula)
BYD,BYD Sealion 6,2023,51120.35426349149,37296.0,Like New,Phnom Penh,Black,18.3,80-100 PHEV,145,8.5,Authorized Dealer,GB-T/CCS2,7/2/2024,Synthetic (New Formula)
AITO,AITO M7,2023,60948.450615670525,10881.0,New,Siem Reap,White,40,200 PHEV,330,4.8,Private,GB-T/CCS2,11/1/2023,Synthetic (New Formula)
BMW,BMW iX1,2020,62684.2008706564,33139.0,Excellent,Phnom Penh,Silver,64.7,417,150,8.6,Private,GB-T/CCS2,7/4/2022,Synthetic (New Formula)
BYD,BYD Seagull,2024,19822.563797775307,4995.0,Like New,Battambang,Black,30/38.88,190-305,55,,Authorized Dealer,GB-T/CCS2,14-01-2025,Synthetic (New Formula)
Hyundai,Hyundai Ioniq 5,2024,42931.060776320955,9536.0,Good,Siem Reap,Black,58/72.6,354-488,125,7.4,Private,GB-T/CCS2,5/2/2022,Synthetic (New Formula)
MG,MG 4 EV,2023,24456.894378300854,5110.0,New,Battambang,Black,51/64/77,350-520,125,7.7,Private,GB-T/CCS2,13-11-2022,Synthetic (New Formula)
BYD,BYD Tang,2024,62654.19599064248,6060.0,New,Phnom Penh,Silver,86.4/108.8,400-530,180,4.6,Private,GB-T/CCS2,12/1/2024,Synthetic (New Formula)
BYD,BYD M9,2025,60937.58781627009,9900.0,Fair,Phnom Penh,Black,52,180 PHEV,180,,Private,GB-T/CCS2,4/7/2025,Synthetic (New Formula)
BYD,BYD Seal,2022,41648.024360895964,38988.0,Excellent,Phnom Penh,Grey,61.4/82.5,400-550,150,3.8,Authorized Dealer,GB-T/CCS2,17-02-2023,Synthetic (New Formula)
BYD,BYD Dolphin,2023,25695.801019862014,11964.0,Excellent,Phnom Penh,Cosmos Black,44.9/60.5,310-420,70,7.5,Dealer,GB-T/CCS2,28-07-2023,Synthetic (New Formula)
Avatr,Avatr 07,2025,51794.7369037032,55676.0,New,Phnom Penh,Grey,62.2/100.5,420-621,190,4.9,Dealer,GB-T/CCS2,26-05-2025,Synthetic (New Formula)
Deepal,Deepal S07,2022,59992.7037601804,33694.0,New,Phnom Penh,Black,31.6/80,200 PHEV,190,6.7,Dealer,GB-T/CCS2,13-03-2024,Synthetic (New Formula)
AITO,AITO M5,2022,47970.51816213495,0.0,New,Siem Reap,White,40,200 PHEV,200,4.8,Authorized Dealer,GB-T/CCS2,11/2/2023,Synthetic (New Formula)
Avatr,Avatr 11,2023,68249.40538879344,41328.0,New,Battambang,White,90/116,555-700,230,3.9,Private,GB-T/CCS2,18-05-2022,Synthetic (New Formula)
BYD,BYD Dolphin,2025,24030.570538495318,4308.0,Good,Sihanoukville,Black,44.9/60.5,310-420,70,7.5,Authorized Dealer,GB-T/CCS2,3/4/2023,Synthetic (New Formula)
Nissan,Nissan Leaf,2025,27841.084183137318,7525.0,Excellent,Phnom Penh,Grey,40/62,240-385,110,7.0,Authorized Dealer,GB-T/CCS2,10/4/2021,Synthetic (New Formula)
BYD,BYD Seal,2023,36719.0287360617,23400.0,New,Phnom Penh,Grey,61.4/82.5,400-550,150,3.8,Authorized Dealer,GB-T/CCS2,17-02-2023,Synthetic (New Formula)
Avatr,Avatr 11,2022,70707.47577069457,11820.0,Like New,Phnom Penh,White,90/116,555-700,230,3.9,Authorized Dealer,GB-T/CCS2,27-08-2025,Synthetic (New Formula)
AITO,AITO M5,2024,50047.413418042815,33252.0,Fair,Phnom Penh,Grey,40,200 PHEV,200,4.8,Dealer,GB-T/CCS2,6/4/2024,Synthetic (New Formula)
Mercedes,Mercedes EQB,2022,67065.63000106551,18972.0,New,Preah Vihear,Silver,66.5,419,168,8.0,Authorized Dealer,GB-T/CCS2,16-05-2022,Synthetic (New Formula)
Kia,Kia EV9,2023,78239.72889497847,0.0,New,Kampot,Grey,99.8,541,283,5.3,Authorized Dealer,GB-T/CCS2,5/3/2023,Synthetic (New Formula)
Arcfox,Arcfox Koala S,2023,28109.265920354843,29841.0,Excellent,Sihanoukville,Black,42.8,301,120,8.5,Private,GB-T/CCS2,3/2/2025,Synthetic (New Formula)
XPeng,XPeng G6,2023,44910.82875605238,3704.0,Like New,Phnom Penh,Black,66/87.5,435-570,190,6.2,Authorized Dealer,GB-T/CCS2,10/7/2024,Synthetic (New Formula)
MG,MG 4 EV,2024,27853.988955508692,26505.0,New,Phnom Penh,Grey,51/64/77,350-520,125,7.7,Dealer,GB-T/CCS2,26-01-2024,Synthetic (New Formula)
MG,MG 4 EV,2024,25275.557258360084,13024.0,New,Phnom Penh,White,51/64/77,350-520,125,7.7,Dealer,GB-T/CCS2,14-04-2024,Synthetic (New Formula)
XPeng,XPeng G6,2024,46909.59089419165,15674.0,Excellent,Battambang,Green,66/87.5,435-570,190,6.2,Authorized Dealer,GB-T/CCS2,15-12-2023,Synthetic (New Formula)
Hyundai,Hyundai Ioniq 5,2024,39309.10587156395,0.0,Like New,Siem Reap,Black,58/72.6,354-488,125,7.4,Private,GB-T/CCS2,5/2/2022,Synthetic (New Formula)
BMW,BMW iX1,2024,61815.07598623125,26975.0,Good,Battambang,White,64.7,417,150,8.6,Dealer,GB-T/CCS2,24-02-2023,Synthetic (New Formula)
Tesla,Tesla Model 3,2024,47317.788445306694,13787.0,Like New,Phnom Penh,White,60/82,430-576,208,6.1,Dealer,GB-T/CCS2,12/10/2024,Synthetic (New Formula)
Deepal,Deepal S07,2024,51564.20171449486,11100.0,Excellent,Phnom Penh,Black,31.6/80,200 PHEV,190,6.7,Dealer,GB-T/CCS2,13-03-2024,Synthetic (New Formula)
Leapmotor,Leapmotor T03,2024,12969.28258408254,0.0,Excellent,Preah Vihear,White,41.3,403,80,,Authorized Dealer,GB-T/CCS2,10/2/2025,Synthetic (New Formula)
BYD,BYD Han,2021,59853.204044924656,6090.0,Excellent,Phnom Penh,White,76.9/85.4,500-610,180,3.9,Dealer,GB-T/CCS2,11/8/2025,Synthetic (New Formula)
Zeekr,Zeekr X,2022,60208.437649731655,23575.0,Like New,Kampong Cham,Black,66,440,200,5.6,Authorized Dealer,GB-T/CCS2,7/1/2025,Synthetic (New Formula)
Nissan,Nissan Leaf,2023,29266.09635893794,17034.0,Excellent,Siem Reap,Black,40/62,240-385,110,7.0,Authorized Dealer,GB-T/CCS2,23-11-2022,Synthetic (New Formula)
Mercedes,Mercedes EQB,2023,69412.20503907264,36680.0,Excellent,Kampot,White,66.5,419,168,8.0,Dealer,GB-T/CCS2,28-08-2025,Synthetic (New Formula)
BYD,BYD Dolphin,2023,25080.79913266833,5535.0,Excellent,Phnom Penh,Blue,44.9/60.5,310-420,70,7.5,Dealer,GB-T/CCS2,17-10-2024,Synthetic (New Formula)
AION,AION Y Plus,2023,35418.51194849552,26975.0,New,Phnom Penh,Black,51.9/63.9,410-510,150,7.8,Dealer,GB-T/CCS2,17-10-2024,Synthetic (New Formula)
Tesla,Tesla Model 3,2022,48961.29558614557,10197.0,New,Sihanoukville,White,60/82,430-576,208,6.1,Dealer,GB-T/CCS2,18-07-2022,Synthetic (New Formula)
AITO,AITO M5,2020,53551.42089105938,35938.0,Like New,Phnom Penh,Grey,40,200 PHEV,200,4.8,Dealer,GB-T/CCS2,6/4/2024,Synthetic (New Formula)
VinFast,VinFast VF 8,2022,47301.84304005511,25800.0,Excellent,Phnom Penh,Silver,82/87.5,420-500,150,5.5,Private,GB-T/CCS2,12/8/2025,Synthetic (New Formula)
Deepal,Deepal L07,2023,50242.45268812535,31528.0,Like New,Phnom Penh,Black,31.6,200 PHEV,160,7.3,Private,GB-T/CCS2,1/2/2025,Synthetic (New Formula)
AITO,AITO M5,2023,48416.801574152734,20286.0,Like New,Kampong Cham,Black,40,200 PHEV,200,4.8,Private,GB-T/CCS2,10/3/2022,Synthetic (New Formula)
AION,AION V,2025,39578.43901325766,26102.0,Good,Phnom Penh,Blue,68.8/80,480-610,165,7.1,Dealer,GB-T/CCS2,24-05-2025,Synthetic (New Formula)
XPeng,XPeng G6,2023,50617.2693155726,18432.0,Good,Phnom Penh,Black,66/87.5,435-570,190,6.2,Authorized Dealer,GB-T/CCS2,10/7/2024,Synthetic (New Formula)
MG,MG 4 EV,2025,23778.712670219025,6888.0,Good,Kratie,Grey,51/64/77,350-520,125,7.7,Private,GB-T/CCS2,9/11/2021,Synthetic (New Formula)
Tesla,Tesla Model 3,2022,51322.56536584757,18972.0,Good,Kampot,Grey,60/82,430-576,208,6.1,Authorized Dealer,GB-T/CCS2,27-04-2024,Synthetic (New Formula)
Avatr,Avatr 07,2023,49245.67380927109,14756.0,Excellent,Phnom Penh,Cosmos Black,62.2/100.5,420-621,190,4.9,Dealer,GB-T/CCS2,2/6/2024,Synthetic (New Formula)
Hyundai,Hyundai Ioniq 5,2024,43734.060221294094,27347.0,Like New,Phnom Penh,White,58/72.6,354-488,125,7.4,Authorized Dealer,GB-T/CCS2,25-08-2022,Synthetic (New Formula)
Kia,Kia EV5,2025,37125.41467479663,8190.0,Like New,Kampot,Silver,64.2/88,400-600,160,7.5,Dealer,GB-T/CCS2,13-05-2024,Synthetic (New Formula)
XPeng,XPeng G6,2024,47818.142954214294,20330.0,New,Battambang,Red,66/87.5,435-570,190,6.2,Private,GB-T/CCS2,25-03-2023,Synthetic (New Formula)
BMW,BMW iX1,2020,63763.36619337723,12195.0,New,Koh Kong,Silver,64.7,417,150,8.6,Dealer,GB-T/CCS2,22-06-2025,Synthetic (New Formula)
BYD,BYD Seal 5,2025,20455.785188552207,0.0,Like New,Battambang,White,15.8,80 PHEV,110,7.9,Authorized Dealer,GB-T/CCS2,21-04-2025,Synthetic (New Formula)
AITO,AITO M5,2025,42906.59235591301,0.0,Excellent,Phnom Penh,Red,40,200 PHEV,200,4.8,Authorized Dealer,GB-T/CCS2,13-01-2024,Synthetic (New Formula)
VinFast,VinFast VF 8,2024,41354.319227300155,0.0,Excellent,Phnom Penh,White,82/87.5,420-500,150,5.5,Authorized Dealer,GB-T/CCS2,17-04-2024,Synthetic (New Formula)
Leapmotor,Leapmotor T03,2020,14448.001326349759,10270.0,Like New,Preah Vihear,White,41.3,403,80,,Authorized Dealer,GB-T/CCS2,10/2/2025,Synthetic (New Formula)
AITO,AITO M7,2023,60165.96444770318,0.0,New,Kampong Cham,Grey,40,200 PHEV,330,4.8,Dealer,GB-T/CCS2,20-08-2022,Synthetic (New Formula)
BYD,BYD Tang,2024,67001.7634156112,33292.0,New,Phnom Penh,Pearl White,86.4/108.8,400-530,180,4.6,Dealer,GB-T/CCS2,23-02-2021,Synthetic (New Formula)
BYD,BYD Tang,2025,63792.947852900186,32032.0,Good,Phnom Penh,Grey,86.4/108.8,400-530,180,4.6,Authorized Dealer,GB-T/CCS2,13-02-2023,Synthetic (New Formula)
Hyundai,Hyundai Ioniq 5,2025,45515.91013198254,33490.0,Like New,Kratie,White,58/72.6,354-488,125,7.4,Dealer,GB-T/CCS2,10/11/2022,Synthetic (New Formula)
Nissan,Nissan Leaf,2022,30387.85142068587,9185.0,New,Phnom Penh,Red,40/62,240-385,110,7.0,Dealer,GB-T/CCS2,15-07-2025,Synthetic (New Formula)
VinFast,VinFast VF 8,2022,45257.33810175725,8640.0,Excellent,Phnom Penh,White,82/87.5,420-500,150,5.5,Authorized Dealer,GB-T/CCS2,15-12-2022,Synthetic (New Formula)
Denza,Denza D9,2024,83720.27954008263,7511.0,New,Phnom Penh,Grey,103,600,230,6.9,Private,GB-T/CCS2,28-10-2022,Synthetic (New Formula)
BMW,BMW iX1,2025,53833.6736000023,0.0,Excellent,Kampong Cham,Green,64.7,417,150,8.6,Private,GB-T/CCS2,15-11-2023,Synthetic (New Formula)
MG,MG 4 EV,2024,25532.52755152849,19362.0,New,Phnom Penh,White,51/64/77,350-520,125,7.7,Private,GB-T/CCS2,7/2/2025,Synthetic (New Formula)
Deepal,Deepal S07,2020,55630.24618130105,11100.0,Like New,Phnom Penh,White,31.6/80,200 PHEV,190,6.7,Private,GB-T/CCS2,18-05-2025,Synthetic (New Formula)
BYD,BYD Atto 3,2020,31913.31668470245,23736.0,Excellent,Kampot,Black,50/60.5,340-420,150,7.3,Private,GB-T/CCS2,15-08-2024,Synthetic (New Formula)
Nissan,Nissan Leaf,2025,30661.261527781247,42883.0,New,Phnom Penh,White,40/62,240-385,110,7.0,Dealer,GB-T/CCS2,26-08-2020,Synthetic (New Formula)
BYD,BYD Sealion 6,2023,44658.999200873055,962.0,Like New,Phnom Penh,Black,18.3,80-100 PHEV,145,8.5,Dealer,GB-T/CCS2,16-11-2024,Synthetic (New Formula)
Zeekr,Zeekr X,2025,53532.73384768413,21720.0,New,Phnom Penh,Red,66,440,200,5.6,Authorized Dealer,GB-T/CCS2,11/12/2023,Synthetic (New Formula)
AITO,AITO M5,2025,44320.528954556496,41667.0,Excellent,Battambang,Grey,40,200 PHEV,200,4.8,Authorized Dealer,GB-T/CCS2,10/7/2025,Synthetic (New Formula)
Tesla,Tesla Model Y,2023,60808.79210585568,32310.0,New,Sihanoukville,Silver,60/75/82,430-600,220,6.9,Dealer,GB-T/CCS2,9/8/2021,Synthetic (New Formula)
BYD,BYD Seal,2024,37793.803307883565,11484.0,New,Phnom Penh,Green,61.4/82.5,400-550,150,3.8,Dealer,GB-T/CCS2,19-01-2024,Synthetic (New Formula)
AION,AION V,2024,38419.180661228456,7511.0,Excellent,Phnom Penh,Silver,68.8/80,480-610,165,7.1,Dealer,GB-T/CCS2,20-03-2024,Synthetic (New Formula)
AITO,AITO M7,2022,70365.10850329378,64206.0,Like New,Phnom Penh,White,40,200 PHEV,330,4.8,Private,GB-T/CCS2,7/1/2024,Synthetic (New Formula)
BYD,BYD Han,2025,54675.15200582514,6228.0,Fair,Phnom Penh,Orange,76.9/85.4,500-610,180,3.9,Authorized Dealer,GB-T/CCS2,9/9/2021,Synthetic (New Formula)
Avatr,Avatr 12,2022,68618.56655965773,12195.0,Good,Phnom Penh,Silver,94.5,650,230,3.9,Dealer,GB-T/CCS2,14-07-2025,Synthetic (New Formula)
Nissan,Nissan Leaf,2025,30078.940697121172,37398.0,Good,Phnom Penh,Green,40/62,240-385,110,7.0,Private,GB-T/CCS2,12/2/2023,Synthetic (New Formula)
BYD,BYD Seal,2020,41290.95148027741,29400.0,Fair,Phnom Penh,Cosmos Black,61.4/82.5,400-550,150,3.8,Private,GB-T/CCS2,8/8/2023,Synthetic (New Formula)
BYD,BYD Seal,2025,40534.92219605417,33252.0,New,Sihanoukville,Grey,61.4/82.5,400-550,150,3.8,Private,GB-T/CCS2,18-02-2025,Synthetic (New Formula)
Kia,Kia EV6,2025,53503.06433987038,31563.0,New,Phnom Penh,Grey,77.4,484,168,7.1,Authorized Dealer,GB-T/CCS2,19-03-2022,Synthetic (New Formula)
BYD,BYD Atto 3,2022,30042.619154161155,808.0,Excellent,Battambang,Green,50/60.5,340-420,150,7.3,Private,GB-T/CCS2,3/6/2022,Synthetic (New Formula)
Tesla,Tesla Model Y,2023,63744.13691574919,39303.0,Excellent,Phnom Penh,Green,60/75/82,430-600,220,6.9,Authorized Dealer,GB-T/CCS2,14-05-2024,Synthetic (New Formula)
BYD,BYD Seal 5,2023,22319.282879540588,20658.0,New,Sihanoukville,Silver,15.8,80 PHEV,110,7.9,Authorized Dealer,GB-T/CCS2,2/1/2025,Synthetic (New Formula)
BYD,BYD Sealion 6,2023,46675.00340524438,13258.0,Like New,Battambang,Blue,18.3,80-100 PHEV,145,8.5,Dealer,GB-T/CCS2,24-01-2025,Synthetic (New Formula)
Tesla,Tesla Model 3,2023,46179.393361303315,5226.0,Like New,Phnom Penh,Black,60/82,430-576,208,6.1,Dealer,GB-T/CCS2,5/5/2021,Synthetic (New Formula)
MG,MG 4 EV,2023,27690.601090632434,36686.0,New,Phnom Penh,White,51/64/77,350-520,125,7.7,Private,GB-T/CCS2,7/2/2025,Synthetic (New Formula)
BYD,BYD Seal,2023,39456.106940165664,18649.0,Good,Sihanoukville,White,61.4/82.5,400-550,150,3.8,Private,GB-T/CCS2,26-08-2024,Synthetic (New Formula)
BYD,BYD Sealion 7,2025,42783.97955442042,29172.0,Like New,Kampot,White,71.8/91.3,460-567,230,4.5,Private,GB-T/CCS2,15-02-2025,Synthetic (New Formula)
MG,MG ZS EV,2022,33272.669554223125,34632.0,Good,Siem Reap,Black,50.3/72.6,320-440,115,8.6,Dealer,GB-T/CCS2,3/5/2023,Synthetic (New Formula)
BYD,BYD Atto 2,2024,23190.23326323044,0.0,Excellent,Phnom Penh,Black,45.1,312-401,130,7.9,Authorized Dealer,GB-T/CCS2,15-03-2024,Synthetic (New Formula)
Zeekr,Zeekr X,2025,56855.53174457153,21508.0,Good,Siem Reap,Blue,66,440,200,5.6,Authorized Dealer,GB-T/CCS2,13-08-2024,Synthetic (New Formula)
Nissan,Nissan Leaf,2025,27729.368669607476,0.0,Like New,Kampong Cham,Green,40/62,240-385,110,7.0,Authorized Dealer,GB-T/CCS2,13-11-2021,Synthetic (New Formula)
Nissan,Nissan Leaf,2024,28979.046927200106,3912.0,New,Phnom Penh,White,40/62,240-385,110,7.0,Dealer,GB-T/CCS2,24-11-2024,Synthetic (New Formula)
BYD,BYD Atto 3,2023,30991.24552275642,26505.0,Excellent,Sihanoukville,Grey,50/60.5,340-420,150,7.3,Authorized Dealer,GB-T/CCS2,28-02-2024,Synthetic (New Formula)
BYD,BYD Tang,2022,64432.06841822006,6840.0,New,Preah Vihear,Black,86.4/108.8,400-530,180,4.6,Private,GB-T/CCS2,21-05-2023,Synthetic (New Formula)
VinFast,VinFast VF 9,2024,66108.93173934295,4836.0,New,Siem Reap,Black,123,438,300,6.5,Private,GB-T/CCS2,21-07-2024,Synthetic (New Formula)
Tesla,Tesla Model Y,2025,60243.38437861254,17388.0,Like New,Phnom Penh,Silver,60/75/82,430-600,220,6.9,Authorized Dealer,GB-T/CCS2,10/10/2023,Synthetic (New Formula)
Zeekr,Zeekr 001,2023,79096.9507289997,32032.0,Good,Phnom Penh,White,86/100,560-620,200,3.3,Private,GB-T/CCS2,19-01-2024,Synthetic (New Formula)
AION,AION V,2024,38862.552237312106,18145.0,New,Phnom Penh,Silver,68.8/80,480-610,165,7.1,Dealer,GB-T/CCS2,20-03-2024,Synthetic (New Formula)
Denza,Denza D9,2025,81676.50104113454,34304.0,Good,Phnom Penh,Silver,103,600,230,6.9,Authorized Dealer,GB-T/CCS2,18-10-2023,Synthetic (New Formula)
Kia,Kia EV9,2023,79591.00002188233,29750.0,Good,Phnom Penh,White,99.8,541,283,5.3,Private,GB-T/CCS2,8/11/2024,Synthetic (New Formula)
Nissan,Nissan Leaf,2023,29340.580662152748,29988.0,New,Koh Kong,White,40/62,240-385,110,7.0,Authorized Dealer,GB-T/CCS2,25-01-2025,Synthetic (New Formula)
BYD,BYD Seal,2024,36140.567746452674,4230.0,New,Phnom Penh,Grey,61.4/82.5,400-550,150,3.8,Authorized Dealer,GB-T/CCS2,17-02-2023,Synthetic (New Formula)
Nissan,Nissan Leaf,2025,29743.85472023056,19038.0,New,Koh Kong,White,40/62,240-385,110,7.0,Authorized Dealer,GB-T/CCS2,25-01-2025,Synthetic (New Formula)
BYD,BYD Atto 2,2022,24150.564148795107,0.0,New,Siem Reap,White,45.1,312-401,130,7.9,Authorized Dealer,GB-T/CCS2,23-05-2025,Synthetic (New Formula)
Kia,Kia EV6,2023,49018.68063895654,26975.0,Like New,Phnom Penh,Black,77.4,484,168,7.1,Authorized Dealer,GB-T/CCS2,3/4/2024,Synthetic (New Formula)
AITO,AITO M5,2023,48828.49869521569,30336.0,Excellent,Kampot,White,40,200 PHEV,200,4.8,Authorized Dealer,GB-T/CCS2,17-05-2023,Synthetic (New Formula)
BYD,BYD Atto 3,2024,29147.447761167154,4230.0,New,Phnom Penh,Black,50/60.5,340-420,150,7.3,Private,GB-T/CCS2,12/7/2023,Synthetic (New Formula)
Avatr,Avatr 07,2023,50322.334451296425,7224.0,Like New,Phnom Penh,Grey,62.2/100.5,420-621,190,4.9,Dealer,GB-T/CCS2,26-05-2025,Synthetic (New Formula)
BYD,BYD Seal,2024,34331.31906634048,4060.0,Fair,Phnom Penh,Grey,61.4/82.5,400-550,150,3.8,Authorized Dealer,GB-T/CCS2,17-02-2023,Synthetic (New Formula)
Tesla,Tesla Model 3,2022,53676.3247723311,57869.0,Like New,Phnom Penh,White,60/82,430-576,208,6.1,Dealer,GB-T/CCS2,12/10/2024,Synthetic (New Formula)
AITO,AITO M5,2024,47485.37539676335,5760.0,Like New,Battambang,Grey,40,200 PHEV,200,4.8,Private,GB-T/CCS2,2/1/2025,Synthetic (New Formula)
Nissan,Nissan Leaf,2023,30076.060824144533,12912.0,New,Phnom Penh,Grey,40/62,240-385,110,7.0,Authorized Dealer,GB-T/CCS2,12/2/2024,Synthetic (New Formula)
BYD,BYD Dolphin,2024,27279.610346751797,38988.0,Like New,Phnom Penh,Cosmos Black,44.9/60.5,310-420,70,7.5,Dealer,GB-T/CCS2,28-07-2023,Synthetic (New Formula)
Zeekr,Zeekr 001,2023,77236.84741053553,20856.0,New,Phnom Penh,Grey,86/100,560-620,200,3.3,Dealer,GB-T/CCS2,20-09-2022,Synthetic (New Formula)
Mercedes,Mercedes EQB,2024,65009.88169413093,11718.0,Excellent,Kampot,Grey,66.5,419,168,8.0,Dealer,GB-T/CCS2,14-04-2024,Synthetic (New Formula)
BYD,BYD Sealion 5,2025,27246.50426754047,8808.0,New,Phnom Penh,White,60/72.8,410-520,150,7.5,Dealer,GB-T/CCS2,10/7/2025,Synthetic (New Formula)
BYD,BYD Atto 3,2023,30415.85487067978,21275.0,New,Phnom Penh,Orange,50/60.5,340-420,150,7.3,Private,GB-T/CCS2,21-04-2025,Synthetic (New Formula)
BYD,BYD Atto 3,2025,30767.505039916174,20660.0,New,Phnom Penh,White,50/60.5,340-420,150,7.3,Private,GB-T/CCS2,9/11/2024,Synthetic (New Formula)
BYD,BYD Seal,2025,36943.64353660884,43350.0,Like New,Sihanoukville,White,61.4/82.5,400-550,150,3.8,Dealer,GB-T/CCS2,2/11/2023,Synthetic (New Formula)
XPeng,XPeng G6,2024,45824.87132342169,7504.0,Like New,Battambang,Green,66/87.5,435-570,190,6.2,Authorized Dealer,GB-T/CCS2,15-12-2023,Synthetic (New Formula)
Deepal,Deepal L07,2024,49905.282674054215,35938.0,Excellent,Kratie,Black,31.6,200 PHEV,160,7.3,Authorized Dealer,GB-T/CCS2,5/5/2025,Synthetic (New Formula)
Nissan,Nissan Leaf,2025,29128.035803740393,33528.0,Excellent,Phnom Penh,White,40/62,240-385,110,7.0,Dealer,GB-T/CCS2,26-08-2020,Synthetic (New Formula)
Kia,Kia EV6,2024,48622.377547443364,8071.0,Like New,Phnom Penh,Black,77.4,484,168,7.1,Dealer,GB-T/CCS2,20-06-2022,Synthetic (New Formula)
BYD,BYD Sealion 7,2023,41021.44042604895,1062.0,New,Kampot,White,71.8/91.3,460-567,230,4.5,Private,GB-T/CCS2,15-02-2025,Synthetic (New Formula)
MG,MG ZS EV,2024,26764.48719339411,0.0,New,Phnom Penh,Silver,50.3/72.6,320-440,115,8.6,Dealer,GB-T/CCS2,21-10-2024,Synthetic (New Formula)
Arcfox,Arcfox Koala S,2023,26776.705182764716,1033.0,New,Phnom Penh,White,42.8,301,120,8.5,Authorized Dealer,GB-T/CCS2,24-07-2024,Synthetic (New Formula)
VinFast,VinFast VF 9,2024,63061.823152377714,1100.0,New,Phnom Penh,Silver,123,438,300,6.5,Private,GB-T/CCS2,16-11-2023,Synthetic (New Formula)
Nissan,Nissan Leaf,2025,31363.64327271745,54229.0,Good,Siem Reap,Black,40/62,240-385,110,7.0,Authorized Dealer,GB-T/CCS2,23-11-2022,Synthetic (New Formula)
Hyundai,Hyundai Ioniq 6,2024,50934.519545315656,9016.0,Excellent,Phnom Penh,Red,53/77.4,429-614,151,8.1,Dealer,GB-T/CCS2,23-02-2023,Synthetic (New Formula)
Nissan,Nissan Leaf,2022,32000.428857052477,29700.0,New,Kampong Cham,White,40/62,240-385,110,7.0,Dealer,GB-T/CCS2,20-05-2022,Synthetic (New Formula)
AION,AION ES,2023,32383.49750069357,38064.0,New,Kep,White,55.6,410,150,7.5,Private,GB-T/CCS2,28-12-2024,Synthetic (New Formula)
VinFast,VinFast VF 9,2025,67636.17029987842,33490.0,Good,Kampong Cham,White,123,438,300,6.5,Authorized Dealer,GB-T/CCS2,17-11-2022,Synthetic (New Formula)
Nissan,Nissan Leaf,2024,27111.90011794564,0.0,Excellent,Phnom Penh,Red,40/62,240-385,110,7.0,Dealer,GB-T/CCS2,22-08-2023,Synthetic (New Formula)
BYD,BYD Han,2022,66663.21023997515,24486.0,New,Phnom Penh,White,76.9/85.4,500-610,180,3.9,Dealer,GB-T/CCS2,18-05-2025,Synthetic (New Formula)
BYD,BYD Seagull,2025,19793.761452377203,17312.0,Excellent,Siem Reap,White,30/38.88,190-305,55,,Private,GB-T/CCS2,23-02-2024,Synthetic (New Formula)
Avatr,Avatr 11,2025,65272.50522568318,11209.0,New,Phnom Penh,Red,90/116,555-700,230,3.9,Private,GB-T/CCS2,3/8/2023,Synthetic (New Formula)
BYD,BYD Seal,2020,42657.92541872535,33252.0,New,Siem Reap,Grey,61.4/82.5,400-550,150,3.8,Authorized Dealer,GB-T/CCS2,17-05-2025,Synthetic (New Formula)
Tesla,Tesla Model 3,2022,49732.57152869699,44935.0,Excellent,Kep,Black,60/82,430-576,208,6.1,Authorized Dealer,GB-T/CCS2,23-07-2024,Synthetic (New Formula)
VinFast,VinFast VF 9,2025,67606.41219134907,26499.0,Good,Phnom Penh,White,123,438,300,6.5,Authorized Dealer,GB-T/CCS2,11/2/2023,Synthetic (New Formula)
VinFast,VinFast VF 6,2024,29563.658417254337,47025.0,Good,Siem Reap,Grey,59.6,399,110,,Private,GB-T/CCS2,3/2/2025,Synthetic (New Formula)
MG,MG 4 EV,2025,25659.78159444658,22480.0,Like New,Battambang,Silver,51/64/77,350-520,125,7.7,Dealer,GB-T/CCS2,14-04-2023,Synthetic (New Formula)
BYD,BYD Dolphin,2025,24210.59080118049,0.0,Fair,Phnom Penh,White,44.9/60.5,310-420,70,7.5,Private,GB-T/CCS2,1/1/2024,Synthetic (New Formula)
AITO,AITO M7,2023,62614.96979021351,22885.0,New,Phnom Penh,Green,40,200 PHEV,330,4.8,Authorized Dealer,GB-T/CCS2,15-10-2024,Synthetic (New Formula)
Mercedes,Mercedes EQB,2024,64069.907238703476,4740.0,New,Sihanoukville,Red,66.5,419,168,8.0,Dealer,GB-T/CCS2,26-07-2024,Synthetic (New Formula)
Denza,Denza D9,2025,73559.51132540683,960.0,New,Battambang,Silver,103,600,230,6.9,Authorized Dealer,GB-T/CCS2,18-04-2022,Synthetic (New Formula)
AITO,AITO M5,2024,42603.56208352359,4152.0,Like New,Siem Reap,White,40,200 PHEV,200,4.8,Authorized Dealer,GB-T/CCS2,11/2/2023,Synthetic (New Formula)
Deepal,Deepal L07,2024,46010.343624008296,0.0,Excellent,Kampot,Green,31.6,200 PHEV,160,7.3,Private,GB-T/CCS2,3/3/2024,Synthetic (New Formula)
MG,MG 4 EV,2024,25541.24905407053,15521.0,New,Phnom Penh,Grey,51/64/77,350-520,125,7.7,Private,GB-T/CCS2,28-08-2021,Synthetic (New Formula)
AION,AION Y Plus,2021,36464.84847680727,808.0,Excellent,Phnom Penh,Black,51.9/63.9,410-510,150,7.8,Dealer,GB-T/CCS2,17-10-2024,Synthetic (New Formula)
Zeekr,Zeekr 001,2022,80245.47795358306,34632.0,Excellent,Kampot,White,86/100,560-620,200,3.3,Dealer,GB-T/CCS2,15-02-2025,Synthetic (New Formula)
Kia,Kia EV6,2024,49516.417543385935,33490.0,New,Sihanoukville,Green,77.4,484,168,7.1,Authorized Dealer,GB-T/CCS2,3/1/2024,Synthetic (New Formula)
BYD,BYD Seal 5,2023,22131.961995070134,28440.0,New,Battambang,White,15.8,80 PHEV,110,7.9,Authorized Dealer,GB-T/CCS2,21-04-2025,Synthetic (New Formula)
Mercedes,Mercedes EQB,2024,62863.944122926994,37296.0,Fair,Kampong Cham,Black,66.5,419,168,8.0,Authorized Dealer,GB-T/CCS2,7/7/2023,Synthetic (New Formula)
Leapmotor,Leapmotor T03,2025,13705.081807875249,46942.0,Fair,Phnom Penh,Blue,41.3,403,80,,Dealer,GB-T/CCS2,19-08-2023,Synthetic (New Formula)
VinFast,VinFast VF 8,2021,46124.21750545124,14476.0,Good,Preah Vihear,Blue,82/87.5,420-500,150,5.5,Private,GB-T/CCS2,9/4/2022,Synthetic (New Formula)
Zeekr,Zeekr 001,2024,70850.45212810954,4836.0,Like New,Sihanoukville,Black,86/100,560-620,200,3.3,Authorized Dealer,GB-T/CCS2,14-07-2024,Synthetic (New Formula)
Hyundai,Hyundai Ioniq 6,2024,62354.118821514145,56880.0,Excellent,Phnom Penh,Grey,53/77.4,429-614,151,8.1,Authorized Dealer,GB-T/CCS2,17-10-2024,Synthetic (New Formula)
Denza,Denza D9,2021,90944.81942716493,13258.0,Excellent,Preah Vihear,Red,103,600,230,6.9,Dealer,GB-T/CCS2,10/1/2024,Synthetic (New Formula)
MG,MG 5,2023,24430.434046516802,47300.0,New,Battambang,White,61.1,403,130,7.7,Authorized Dealer,GB-T/CCS2,15-01-2025,Synthetic (New Formula)
Kia,Kia EV6,2024,49963.40294791999,39100.0,New,Phnom Penh,White,77.4,484,168,7.1,Private,GB-T/CCS2,18-02-2023,Synthetic (New Formula)
Hyundai,Hyundai Ioniq 5,2025,44829.73779138728,29988.0,Excellent,Kampong Cham,Grey,58/72.6,354-488,125,7.4,Dealer,GB-T/CCS2,20-06-2021,Synthetic (New Formula)
Kia,Kia EV5,2021,43803.84075670871,56880.0,New,Phnom Penh,Silver,64.2/88,400-600,160,7.5,Authorized Dealer,GB-T/CCS2,13-08-2024,Synthetic (New Formula)
XPeng,XPeng G6,2022,52372.2505535929,41667.0,Like New,Kep,White,66/87.5,435-570,190,6.2,Dealer,GB-T/CCS2,15-04-2025,Synthetic (New Formula)
AION,AION ES,2024,30323.887155217093,2238.0,Like New,Siem Reap,Silver,55.6,410,150,7.5,Authorized Dealer,GB-T/CCS2,14-08-2025,Synthetic (New Formula)
BYD,BYD Dolphin,2021,26097.21459260682,11154.0,New,Sihanoukville,Black,44.9/60.5,310-420,70,7.5,Authorized Dealer,GB-T/CCS2,3/4/2023,Synthetic (New Formula)
Mercedes,Mercedes EQB,2023,67625.32047362768,0.0,New,Kampot,White,66.5,419,168,8.0,Dealer,GB-T/CCS2,28-08-2025,Synthetic (New Formula)
BYD,BYD Sealion 6,2023,46663.06549473707,26208.0,Like New,Kampot,Blue,18.3,80-100 PHEV,145,8.5,Authorized Dealer,GB-T/CCS2,13-05-2024,Synthetic (New Formula)
Toyota,Toyota bZ4X,2025,46727.83504509905,20832.0,Good,Phnom Penh,Black,71.4,500,150,7.1,Private,GB-T/CCS2,9/11/2023,Synthetic (New Formula)
Hyundai,Hyundai Ioniq 6,2023,51498.574253009494,4240.0,New,Kampong Cham,Grey,53/77.4,429-614,151,8.1,Private,GB-T/CCS2,25-08-2025,Synthetic (New Formula)
XPeng,XPeng G6,2024,48220.465922540694,43563.0,New,Kampot,Blue,66/87.5,435-570,190,6.2,Dealer,GB-T/CCS2,13-04-2024,Synthetic (New Formula)
VinFast,VinFast VF 6,2024,26065.070843315105,5760.0,Excellent,Sihanoukville,Silver,59.6,399,110,,Dealer,GB-T/CCS2,27-08-2025,Synthetic (New Formula)
BYD,BYD Atto 3,2024,31819.71182740037,38760.0,New,Battambang,Green,50/60.5,340-420,150,7.3,Private,GB-T/CCS2,3/6/2022,Synthetic (New Formula)
Denza,Denza D9,2024,81880.67386050825,3376.0,Good,Siem Reap,White,103,600,230,6.9,Authorized Dealer,GB-T/CCS2,14-02-2025,Synthetic (New Formula)
Hyundai,Hyundai Ioniq 6,2022,59296.31257685051,32445.0,Like New,Siem Reap,White,53/77.4,429-614,151,8.1,Private,GB-T/CCS2,17-04-2024,Synthetic (New Formula)
AION,AION V,2022,44306.1669631472,39732.0,Like New,Phnom Penh,Silver,68.8/80,480-610,165,7.1,Dealer,GB-T/CCS2,20-03-2024,Synthetic (New Formula)
Nissan,Nissan Leaf,2025,30447.448164775014,26505.0,Excellent,Koh Kong,White,40/62,240-385,110,7.0,Authorized Dealer,GB-T/CCS2,25-01-2025,Synthetic (New Formula)
BMW,BMW iX1,2024,58111.56772719054,23550.0,Like New,Phnom Penh,Black,64.7,417,150,8.6,Authorized Dealer,GB-T/CCS2,6/10/2025,Synthetic (New Formula)
AITO,AITO M5,2024,45950.49090637519,36642.0,New,Kep,Cosmos Black,40,200 PHEV,200,4.8,Dealer,GB-T/CCS2,10/12/2022,Synthetic (New Formula)
BYD,BYD Atto 3,2024,29944.80181379734,24024.0,Like New,Phnom Penh,Orange,50/60.5,340-420,150,7.3,Private,GB-T/CCS2,21-04-2025,Synthetic (New Formula)
Mercedes,Mercedes EQB,2022,68902.65194993408,12320.0,New,Phnom Penh,Grey,66.5,419,168,8.0,Private,GB-T/CCS2,23-09-2021,Synthetic (New Formula)
Kia,Kia EV5,2025,38979.07658258283,43989.0,Good,Preah Vihear,Grey,64.2/88,400-600,160,7.5,Dealer,GB-T/CCS2,12/3/2023,Synthetic (New Formula)
BYD,BYD Seal,2025,34102.20020533843,10630.0,Good,Phnom Penh,Grey,61.4/82.5,400-550,150,3.8,Authorized Dealer,GB-T/CCS2,17-02-2023,Synthetic (New Formula)
BYD,BYD M9,2022,66485.2602939717,29280.0,New,Phnom Penh,Black,52,180 PHEV,180,,Private,GB-T/CCS2,4/7/2025,Synthetic (New Formula)
MG,MG ZS EV,2023,28889.032791536403,14127.0,New,Phnom Penh,White,50.3/72.6,320-440,115,8.6,Authorized Dealer,GB-T/CCS2,23-02-2024,Synthetic (New Formula)
BYD,BYD Dolphin,2024,26135.338566318937,26130.0,Excellent,Phnom Penh,White,44.9/60.5,310-420,70,7.5,Authorized Dealer,GB-T/CCS2,12/2/2025,Synthetic (New Formula)
BYD,BYD Tang,2023,65904.15811569915,33024.0,New,Phnom Penh,Green,86.4/108.8,400-530,180,4.6,Dealer,GB-T/CCS2,26-08-2021,Synthetic (New Formula)
MG,MG 4 EV,2024,24601.135190301466,3376.0,New,Phnom Penh,White,51/64/77,350-520,125,7.7,Dealer,GB-T/CCS2,14-04-2024,Synthetic (New Formula)
Tesla,Tesla Model Y,2022,61311.76456953705,19719.0,New,Siem Reap,Silver,60/75/82,430-600,220,6.9,Private,GB-T/CCS2,11/5/2025,Synthetic (New Formula)
Kia,Kia EV9,2024,82982.03546336823,29146.0,Excellent,Phnom Penh,Silver,99.8,541,283,5.3,Private,GB-T/CCS2,26-02-2024,Synthetic (New Formula)
Avatr,Avatr 11,2022,69523.78483505653,0.0,Like New,Phnom Penh,Red,90/116,555-700,230,3.9,Authorized Dealer,GB-T/CCS2,19-07-2024,Synthetic (New Formula)
Zeekr,Zeekr X,2020,69565.84567712572,75264.0,New,Kampot,White,66,440,200,5.6,Private,GB-T/CCS2,25-09-2023,Synthetic (New Formula)
Avatr,Avatr 07,2024,46388.7623448066,12698.0,Good,Phnom Penh,White,62.2/100.5,420-621,190,4.9,Private,GB-T/CCS2,23-08-2025,Synthetic (New Formula)
Nissan,Nissan Leaf,2024,32252.429633226948,55440.0,New,Phnom Penh,White,40/62,240-385,110,7.0,Dealer,GB-T/CCS2,26-08-2020,Synthetic (New Formula)
Nissan,Nissan Leaf,2025,27029.278373688423,3376.0,Excellent,Phnom Penh,Grey,40/62,240-385,110,7.0,Authorized Dealer,GB-T/CCS2,10/4/2021,Synthetic (New Formula)
Hyundai,Hyundai Ioniq 6,2024,51959.23845658377,12698.0,New,Sihanoukville,Grey,53/77.4,429-614,151,8.1,Dealer,GB-T/CCS2,26-11-2022,Synthetic (New Formula)
AITO,AITO M7,2025,57173.08265329059,23722.0,New,Kampong Cham,Grey,40,200 PHEV,330,4.8,Dealer,GB-T/CCS2,20-08-2022,Synthetic (New Formula)
BYD,BYD Atto 3,2022,30535.054585880353,12265.0,New,Battambang,White,50/60.5,340-420,150,7.3,Authorized Dealer,GB-T/CCS2,8/5/2024,Synthetic (New Formula)
Hyundai,Hyundai Ioniq 5,2024,42249.800199012236,16338.0,Excellent,Phnom Penh,Grey,58/72.6,354-488,125,7.4,Authorized Dealer,GB-T/CCS2,3/12/2021,Synthetic (New Formula)
VinFast,VinFast VF 9,2022,69854.228526488,8071.0,New,Phnom Penh,Grey,123,438,300,6.5,Private,GB-T/CCS2,2/1/2025,Synthetic (New Formula)
Kia,Kia EV9,2024,80908.02357846983,19152.0,Fair,Kampot,Grey,99.8,541,283,5.3,Authorized Dealer,GB-T/CCS2,5/3/2023,Synthetic (New Formula)
MG,MG ZS EV,2024,26691.698427604722,7288.0,New,Kratie,Red,50.3/72.6,320-440,115,8.6,Dealer,GB-T/CCS2,10/12/2020,Synthetic (New Formula)
Hyundai,Hyundai Ioniq 5,2024,43116.42129358544,10630.0,New,Phnom Penh,White,58/72.6,354-488,125,7.4,Private,GB-T/CCS2,23-04-2023,Synthetic (New Formula)
Mercedes,Mercedes EQB,2023,65983.16166117914,17824.0,Like New,Phnom Penh,Orange,66.5,419,168,8.0,Authorized Dealer,GB-T/CCS2,15-10-2023,Synthetic (New Formula)
Nissan,Nissan Leaf,2024,28108.18417373701,0.0,Excellent,Sihanoukville,Grey,40/62,240-385,110,7.0,Dealer,GB-T/CCS2,15-11-2023,Synthetic (New Formula)
Leapmotor,Leapmotor T03,2021,14050.0857583226,20856.0,New,Phnom Penh,Cosmos Black,41.3,403,80,,Private,GB-T/CCS2,5/2/2023,Synthetic (New Formula)
Hyundai,Hyundai Ioniq 5,2024,41375.063060733475,13392.0,New,Sihanoukville,White,58/72.6,354-488,125,7.4,Authorized Dealer,GB-T/CCS2,8/5/2025,Synthetic (New Formula)
BYD,BYD Sealion 7,2023,41390.753958968366,17040.0,Excellent,Sihanoukville,Silver,71.8/91.3,460-567,230,4.5,Dealer,GB-T/CCS2,11/12/2024,Synthetic (New Formula)
BYD,BYD Atto 2,2025,24795.08033535145,38760.0,New,Phnom Penh,Cosmos Black,45.1,312-401,130,7.9,Authorized Dealer,GB-T/CCS2,14-06-2024,Synthetic (New Formula)
Tesla,Tesla Model 3,2024,47522.53217451817,11100.0,Excellent,Phnom Penh,White,60/82,430-576,208,6.1,Dealer,GB-T/CCS2,18-11-2023,Synthetic (New Formula)
MG,MG 4 EV,2025,24170.059436341293,22885.0,New,Phnom Penh,Black,51/64/77,350-520,125,7.7,Authorized Dealer,GB-T/CCS2,27-10-2024,Synthetic (New Formula)
Nissan,Nissan Leaf,2024,28794.576138811146,8030.0,Fair,Kampong Cham,Green,40/62,240-385,110,7.0,Authorized Dealer,GB-T/CCS2,13-11-2021,Synthetic (New Formula)
BMW,BMW iX1,2025,56566.89025663488,5440.0,Like New,Sihanoukville,Silver,64.7,417,150,8.6,Authorized Dealer,GB-T/CCS2,12/4/2024,Synthetic (New Formula)
AION,AION V,2023,39152.141915861386,1147.0,Like New,Phnom Penh,Black,68.8/80,480-610,165,7.1,Dealer,GB-T/CCS2,28-12-2024,Synthetic (New Formula)
MG,MG 4 EV,2021,28927.731707372484,26676.0,New,Phnom Penh,Grey,51/64/77,350-520,125,7.7,Dealer,GB-T/CCS2,28-08-2022,Synthetic (New Formula)
Denza,Denza D9,2025,84229.60001726504,40663.0,Good,Siem Reap,White,103,600,230,6.9,Authorized Dealer,GB-T/CCS2,8/1/2023,Synthetic (New Formula)
Kia,Kia EV6,2023,56975.302336049026,63056.0,Fair,Phnom Penh,Black,77.4,484,168,7.1,Authorized Dealer,GB-T/CCS2,3/4/2024,Synthetic (New Formula)
VinFast,VinFast VF 6,2023,24008.24114152126,0.0,New,Sihanoukville,Silver,59.6,399,110,,Dealer,GB-T/CCS2,27-08-2025,Synthetic (New Formula)
Mercedes,Mercedes EQB,2024,62069.98501435172,26900.0,New,Siem Reap,Black,66.5,419,168,8.0,Authorized Dealer,GB-T/CCS2,18-04-2023,Synthetic (New Formula)
Hyundai,Hyundai Ioniq 6,2025,59950.50365940339,54510.0,Excellent,Siem Reap,White,53/77.4,429-614,151,8.1,Private,GB-T/CCS2,17-04-2024,Synthetic (New Formula)
BYD,BYD Dolphin,2024,25462.358325896188,25029.0,Good,Phnom Penh,White,44.9/60.5,310-420,70,7.5,Dealer,GB-T/CCS2,4/1/2023,Synthetic (New Formula)
Hyundai,Hyundai Ioniq 5,2024,42147.67575644743,8020.0,Like New,Phnom Penh,Silver,58/72.6,354-488,125,7.4,Private,GB-T/CCS2,12/11/2024,Synthetic (New Formula)
BYD,BYD Atto 3,2025,28388.446444226727,18432.0,New,Phnom Penh,Black,50/60.5,340-420,150,7.3,Dealer,GB-T/CCS2,8/3/2022,Synthetic (New Formula)
BYD,BYD Sealion 7,2024,38853.22156641056,824.0,New,Battambang,Black,71.8/91.3,460-567,230,4.5,Private,GB-T/CCS2,24-06-2024,Synthetic (New Formula)
BYD,BYD Seagull,2025,20972.149494913934,44820.0,New,Siem Reap,White,30/38.88,190-305,55,,Private,GB-T/CCS2,23-02-2024,Synthetic (New Formula)
Tesla,Tesla Model 3,2022,46274.67985167425,2142.0,Like New,Kampot,Blue,60/82,430-576,208,6.1,Private,GB-T/CCS2,13-04-2022,Synthetic (New Formula)
Toyota,Toyota bZ4X,2023,49822.38112744671,33139.0,Good,Phnom Penh,Blue,71.4,500,150,7.1,Private,GB-T/CCS2,18-09-2025,Synthetic (New Formula)
BYD,BYD Han,2022,60983.241298347675,0.0,Like New,Phnom Penh,White,76.9/85.4,500-610,180,3.9,Dealer,GB-T/CCS2,18-05-2025,Synthetic (New Formula)
MG,MG 4 EV,2024,28794.685025448012,54229.0,Like New,Phnom Penh,Pearl White,51/64/77,350-520,125,7.7,Private,GB-T/CCS2,15-10-2023,Synthetic (New Formula)
Tesla,Tesla Model 3,2024,47763.187032081434,17824.0,New,Kampot,Grey,60/82,430-576,208,6.1,Authorized Dealer,GB-T/CCS2,27-04-2024,Synthetic (New Formula)
BYD,BYD Atto 3,2024,31515.32964952369,14127.0,Like New,Phnom Penh,White,50/60.5,340-420,150,7.3,Private,GB-T/CCS2,9/11/2024,Synthetic (New Formula)
BMW,BMW iX1,2024,56295.87933711655,20102.0,New,Phnom Penh,Black,64.7,417,150,8.6,Authorized Dealer,GB-T/CCS2,23-08-2022,Synthetic (New Formula)
Hyundai,Hyundai Ioniq 5,2023,45653.77962864381,26600.0,Excellent,Phnom Penh,White,58/72.6,354-488,125,7.4,Private,GB-T/CCS2,23-04-2023,Synthetic (New Formula)
Kia,Kia EV6,2022,52213.93888618965,1033.0,New,Phnom Penh,Grey,77.4,484,168,7.1,Authorized Dealer,GB-T/CCS2,19-03-2022,Synthetic (New Formula)
Tesla,Tesla Model Y,2025,62620.51300193489,30711.0,Excellent,Phnom Penh,Blue,60/75/82,430-600,220,6.9,Authorized Dealer,GB-T/CCS2,19-02-2022,Synthetic (New Formula)
Kia,Kia EV6,2024,46318.47839067501,4025.0,Excellent,Phnom Penh,Black,77.4,484,168,7.1,Authorized Dealer,GB-T/CCS2,3/4/2024,Synthetic (New Formula)
BYD,BYD Sealion 5,2021,31960.816461705366,50820.0,Excellent,Phnom Penh,Blue,60/72.8,410-520,150,7.5,Authorized Dealer,GB-T/CCS2,23-04-2025,Synthetic (New Formula)
Tesla,Tesla Model Y,2023,61378.58129459397,2238.0,New,Phnom Penh,White,60/75/82,430-600,220,6.9,Private,GB-T/CCS2,14-05-2022,Synthetic (New Formula)
Nissan,Nissan Leaf,2021,30023.200288503987,0.0,Excellent,Battambang,Black,40/62,240-385,110,7.0,Private,GB-T/CCS2,26-02-2022,Synthetic (New Formula)
MG,MG 5,2022,22815.96109963068,10700.0,Excellent,Siem Reap,Silver,61.1,403,130,7.7,Dealer,GB-T/CCS2,22-10-2024,Synthetic (New Formula)
BYD,BYD Seagull,2025,19455.136265076613,18108.0,Like New,Battambang,Black,30/38.88,190-305,55,,Authorized Dealer,GB-T/CCS2,14-01-2025,Synthetic (New Formula)
Tesla,Tesla Model Y,2023,58657.62575862486,5760.0,Like New,Phnom Penh,Silver,60/75/82,430-600,220,6.9,Authorized Dealer,GB-T/CCS2,10/10/2023,Synthetic (New Formula)
MG,MG 5,2023,23121.836489168516,22512.0,Like New,Siem Reap,White,61.1,403,130,7.7,Dealer,GB-T/CCS2,19-06-2024,Synthetic (New Formula)
BMW,BMW iX1,2025,55492.14578664874,10700.0,New,Kampong Cham,Green,64.7,417,150,8.6,Private,GB-T/CCS2,15-11-2023,Synthetic (New Formula)
Zeekr,Zeekr X,2024,56329.54705364177,25550.0,New,Koh Kong,Grey,66,440,200,5.6,Dealer,GB-T/CCS2,23-05-2024,Synthetic (New Formula)
MG,MG 5,2024,25127.13610493354,56524.0,New,Preah Vihear,Grey,61.1,403,130,7.7,Authorized Dealer,GB-T/CCS2,25-09-2022,Synthetic (New Formula)
Zeekr,Zeekr X,2024,54961.55916898344,26499.0,New,Siem Reap,Blue,66,440,200,5.6,Authorized Dealer,GB-T/CCS2,13-08-2024,Synthetic (New Formula)
Hyundai,Hyundai Ioniq 6,2022,56919.90717407745,12950.0,Like New,Phnom Penh,White,53/77.4,429-614,151,8.1,Dealer,GB-T/CCS2,12/7/2024,Synthetic (New Formula)
MG,MG 4 EV,2023,29793.859659615147,29316.0,Like New,Kampot,Blue,51/64/77,350-520,125,7.7,Authorized Dealer,GB-T/CCS2,20-05-2021,Synthetic (New Formula)
AITO,AITO M5,2022,44372.20806153812,5525.0,Excellent,Sihanoukville,Black,40,200 PHEV,200,4.8,Authorized Dealer,GB-T/CCS2,24-08-2023,Synthetic (New Formula)
Nissan,Nissan Leaf,2023,29451.39371087294,8640.0,Excellent,Phnom Penh,White,40/62,240-385,110,7.0,Authorized Dealer,GB-T/CCS2,22-08-2022,Synthetic (New Formula)
VinFast,VinFast VF 8,2025,45381.87984634583,52871.0,Excellent,Siem Reap,White,82/87.5,420-500,150,5.5,Private,GB-T/CCS2,21-07-2022,Synthetic (New Formula)
Denza,Denza D9,2023,91472.31368481218,39970.0,New,Siem Reap,White,103,600,230,6.9,Authorized Dealer,GB-T/CCS2,14-02-2025,Synthetic (New Formula)
BYD,BYD Atto 3,2024,30043.644581664863,17616.0,Fair,Kampong Cham,Silver,50/60.5,340-420,150,7.3,Dealer,GB-T/CCS2,13-10-2023,Synthetic (New Formula)
VinFast,VinFast VF 8,2022,44968.45313997547,4680.0,Like New,Phnom Penh,Silver,82/87.5,420-500,150,5.5,Authorized Dealer,GB-T/CCS2,9/8/2023,Synthetic (New Formula)
BYD,BYD M9,2024,62285.98814635965,0.0,Excellent,Phnom Penh,Blue,52,180 PHEV,180,,Authorized Dealer,GB-T/CCS2,11/4/2025,Synthetic (New Formula)
VinFast,VinFast VF 9,2025,67768.98793933938,24024.0,New,Kampong Cham,White,123,438,300,6.5,Authorized Dealer,GB-T/CCS2,17-11-2022,Synthetic (New Formula)
VinFast,VinFast VF 9,2023,72293.1851258324,24574.0,Excellent,Siem Reap,Blue,123,438,300,6.5,Private,GB-T/CCS2,24-04-2024,Synthetic (New Formula)
Mercedes,Mercedes EQB,2025,58201.79431300102,7928.0,Excellent,Phnom Penh,Silver,66.5,419,168,8.0,Authorized Dealer,GB-T/CCS2,6/10/2024,Synthetic (New Formula)
BMW,BMW iX1,2024,59667.34567188534,10630.0,Excellent,Kampong Cham,Green,64.7,417,150,8.6,Private,GB-T/CCS2,15-11-2023,Synthetic (New Formula)
BYD,BYD Seal,2020,43004.229003932334,42883.0,Like New,Phnom Penh,Cosmos Black,61.4/82.5,400-550,150,3.8,Private,GB-T/CCS2,8/8/2023,Synthetic (New Formula)
MG,MG 5,2022,23613.73338339794,10197.0,New,Kampot,Black,61.1,403,130,7.7,Authorized Dealer,GB-T/CCS2,17-11-2021,Synthetic (New Formula)
Tesla,Tesla Model 3,2024,44874.051506576434,14196.0,Like New,Siem Reap,Green,60/82,430-576,208,6.1,Dealer,GB-T/CCS2,21-02-2021,Synthetic (New Formula)
Nissan,Nissan Leaf,2024,27798.336236760504,12844.0,Good,Siem Reap,Blue,40/62,240-385,110,7.0,Dealer,GB-T/CCS2,2/5/2023,Synthetic (New Formula)
BYD,BYD Sealion 7,2020,44641.091905344525,3760.0,New,Battambang,Black,71.8/91.3,460-567,230,4.5,Private,GB-T/CCS2,24-06-2024,Synthetic (New Formula)
Tesla,Tesla Model Y,2025,56771.988000015685,5316.0,New,Phnom Penh,Blue,60/75/82,430-600,220,6.9,Private,GB-T/CCS2,17-08-2022,Synthetic (New Formula)
Zeekr,Zeekr X,2024,56645.81693316173,25029.0,Excellent,Koh Kong,Grey,66,440,200,5.6,Dealer,GB-T/CCS2,23-05-2024,Synthetic (New Formula)
Zeekr,Zeekr 001,2024,75213.34356284456,10700.0,Excellent,Sihanoukville,Blue,86/100,560-620,200,3.3,Private,GB-T/CCS2,11/8/2023,Synthetic (New Formula)
BYD,BYD Seal 5,2022,23335.513990263422,42441.0,New,Phnom Penh,Grey,15.8,80 PHEV,110,7.9,Private,GB-T/CCS2,3/8/2024,Synthetic (New Formula)
MG,MG ZS EV,2024,28547.975253671375,1062.0,Excellent,Phnom Penh,White,50.3/72.6,320-440,115,8.6,Authorized Dealer,GB-T/CCS2,23-02-2024,Synthetic (New Formula)
Deepal,Deepal L07,2025,44244.03054447386,0.0,Good,Phnom Penh,White,31.6,200 PHEV,160,7.3,Dealer,GB-T/CCS2,26-08-2025,Synthetic (New Formula)
Nissan,Nissan Leaf,2024,28205.629916191243,4640.0,Excellent,Phnom Penh,Grey,40/62,240-385,110,7.0,Authorized Dealer,GB-T/CCS2,10/4/2021,Synthetic (New Formula)
VinFast,VinFast VF 8,2024,41959.87985166128,19152.0,Like New,Phnom Penh,White,82/87.5,420-500,150,5.5,Private,GB-T/CCS2,13-07-2024,Synthetic (New Formula)
BYD,BYD Atto 3,2023,30372.108080256086,6902.0,Like New,Phnom Penh,Black,50/60.5,340-420,150,7.3,Dealer,GB-T/CCS2,8/3/2022,Synthetic (New Formula)
MG,MG ZS EV,2024,27841.60963384342,31944.0,Excellent,Phnom Penh,Silver,50.3/72.6,320-440,115,8.6,Dealer,GB-T/CCS2,21-10-2024,Synthetic (New Formula)
Hyundai,Hyundai Ioniq 6,2022,55219.44103789651,1147.0,Fair,Sihanoukville,Grey,53/77.4,429-614,151,8.1,Dealer,GB-T/CCS2,26-11-2022,Synthetic (New Formula)
BYD,BYD Han,2023,62696.38178251521,36680.0,New,Kep,White,76.9/85.4,500-610,180,3.9,Authorized Dealer,GB-T/CCS2,23-05-2023,Synthetic (New Formula)
Nissan,Nissan Leaf,2024,30429.214542652742,33087.0,New,Kampot,Black,40/62,240-385,110,7.0,Authorized Dealer,GB-T/CCS2,4/8/2021,Synthetic (New Formula)
BYD,BYD Tang,2024,62492.50527384115,8832.0,Excellent,Phnom Penh,Pearl White,86.4/108.8,400-530,180,4.6,Authorized Dealer,GB-T/CCS2,26-04-2022,Synthetic (New Formula)
VinFast,VinFast VF 9,2025,79460.98035957039,72513.0,New,Phnom Penh,Grey,123,438,300,6.5,Private,GB-T/CCS2,2/1/2025,Synthetic (New Formula)
Tesla,Tesla Model Y,2024,57784.763482519695,11820.0,Excellent,Phnom Penh,Cosmos Black,60/75/82,430-600,220,6.9,Authorized Dealer,GB-T/CCS2,2/1/2023,Synthetic (New Formula)
Leapmotor,Leapmotor T03,2023,12750.988040061304,6880.0,Like New,Sihanoukville,Blue,41.3,403,80,,Dealer,GB-T/CCS2,4/11/2022,Synthetic (New Formula)
Leapmotor,Leapmotor T03,2020,13682.039325918327,5525.0,Like New,Phnom Penh,Red,41.3,403,80,,Private,GB-T/CCS2,10/5/2025,Synthetic (New Formula)
MG,MG 4 EV,2025,26765.908300199495,22512.0,New,Phnom Penh,Pearl White,51/64/77,350-520,125,7.7,Private,GB-T/CCS2,15-10-2023,Synthetic (New Formula)
BYD,BYD Seal,2025,40731.1830775765,56784.0,Excellent,Phnom Penh,White,61.4/82.5,400-550,150,3.8,Private,GB-T/CCS2,21-04-2024,Synthetic (New Formula)
Leapmotor,Leapmotor T03,2023,13165.715462995497,15376.0,Good,Phnom Penh,Red,41.3,403,80,,Private,GB-T/CCS2,10/5/2025,Synthetic (New Formula)
MG,MG 4 EV,2021,26237.697089486064,1167.0,New,Battambang,Silver,51/64/77,350-520,125,7.7,Dealer,GB-T/CCS2,14-04-2023,Synthetic (New Formula)
BMW,BMW iX1,2025,59463.31350237735,54229.0,New,Phnom Penh,Silver,64.7,417,150,8.6,Private,GB-T/CCS2,7/4/2022,Synthetic (New Formula)
VinFast,VinFast VF 6,2025,24937.309799608087,6888.0,Like New,Sihanoukville,White,59.6,399,110,,Private,GB-T/CCS2,18-03-2023,Synthetic (New Formula)
AITO,AITO M5,2025,41517.15789613531,4960.0,New,Kep,Cosmos Black,40,200 PHEV,200,4.8,Dealer,GB-T/CCS2,10/12/2022,Synthetic (New Formula)
BYD,BYD Sealion 6,2022,49024.438974932214,20608.0,Good,Phnom Penh,Black,18.3,80-100 PHEV,145,8.5,Dealer,GB-T/CCS2,16-11-2024,Synthetic (New Formula)
BMW,BMW iX1,2025,56835.34647073132,20856.0,Good,Siem Reap,White,64.7,417,150,8.6,Authorized Dealer,GB-T/CCS2,22-08-2023,Synthetic (New Formula)
BYD,BYD Dolphin,2023,28513.03504819456,23517.0,Good,Koh Kong,Black,44.9/60.5,310-420,70,7.5,Dealer,GB-T/CCS2,8/11/2022,Synthetic (New Formula)
Avatr,Avatr 07,2025,45543.70672575017,22097.0,Like New,Phnom Penh,Blue,62.2/100.5,420-621,190,4.9,Private,GB-T/CCS2,26-03-2024,Synthetic (New Formula)
Toyota,Toyota bZ4X,2022,46258.80424552972,0.0,Excellent,Phnom Penh,White,71.4,500,150,7.1,Authorized Dealer,GB-T/CCS2,22-10-2024,Synthetic (New Formula)
AITO,AITO M7,2023,60693.530994520246,1128.0,Good,Siem Reap,White,40,200 PHEV,330,4.8,Private,GB-T/CCS2,11/1/2023,Synthetic (New Formula)
Hyundai,Hyundai Ioniq 5,2023,48208.60673469669,32445.0,Like New,Preah Vihear,Blue,58/72.6,354-488,125,7.4,Dealer,GB-T/CCS2,27-01-2024,Synthetic (New Formula)
Denza,Denza D9,2022,83499.09705702306,10030.0,Like New,Phnom Penh,Black,103,600,230,6.9,Authorized Dealer,GB-T/CCS2,6/7/2022,Synthetic (New Formula)
VinFast,VinFast VF 6,2020,29259.526277892186,30711.0,Like New,Sihanoukville,Black,59.6,399,110,,Private,GB-T/CCS2,21-11-2024,Synthetic (New Formula)
VinFast,VinFast VF 8,2024,46581.02149790475,43350.0,New,Phnom Penh,White,82/87.5,420-500,150,5.5,Authorized Dealer,GB-T/CCS2,17-04-2024,Synthetic (New Formula)
Avatr,Avatr 07,2022,50238.581129320766,26625.0,Excellent,Phnom Penh,Cosmos Black,62.2/100.5,420-621,190,4.9,Dealer,GB-T/CCS2,2/6/2024,Synthetic (New Formula)
BYD,BYD Tang,2024,60932.208017273326,5346.0,Like New,Sihanoukville,Silver,86.4/108.8,400-530,180,4.6,Authorized Dealer,GB-T/CCS2,5/5/2021,Synthetic (New Formula)
BYD,BYD Tang,2024,63552.52348111613,15521.0,Excellent,Siem Reap,Silver,86.4/108.8,400-530,180,4.6,Private,GB-T/CCS2,13-05-2024,Synthetic (New Formula)
MG,MG ZS EV,2025,25458.785472331263,0.0,Fair,Siem Reap,Black,50.3/72.6,320-440,115,8.6,Dealer,GB-T/CCS2,3/5/2023,Synthetic (New Formula)
Toyota,Toyota bZ4X,2024,47597.18612791014,26208.0,Like New,Phnom Penh,Black,71.4,500,150,7.1,Authorized Dealer,GB-T/CCS2,11/9/2022,Synthetic (New Formula)
Zeekr,Zeekr 001,2023,81495.24164053325,40663.0,Excellent,Siem Reap,White,86/100,560-620,200,3.3,Private,GB-T/CCS2,12/4/2024,Synthetic (New Formula)
Nissan,Nissan Leaf,2025,27940.27818041157,9185.0,New,Kampong Cham,Green,40/62,240-385,110,7.0,Authorized Dealer,GB-T/CCS2,13-11-2021,Synthetic (New Formula)
BMW,BMW iX1,2023,57713.60877685177,29146.0,Excellent,Sihanoukville,Silver,64.7,417,150,8.6,Authorized Dealer,GB-T/CCS2,12/4/2024,Synthetic (New Formula)
Hyundai,Hyundai Ioniq 6,2025,55774.729909476635,26400.0,Like New,Phnom Penh,Black,53/77.4,429-614,151,8.1,Dealer,GB-T/CCS2,10/11/2023,Synthetic (New Formula)
BYD,BYD Sealion 6,2023,49688.58011136089,39303.0,Fair,Phnom Penh,Black,18.3,80-100 PHEV,145,8.5,Dealer,GB-T/CCS2,16-11-2024,Synthetic (New Formula)
Kia,Kia EV9,2024,85091.38307345218,55440.0,New,Phnom Penh,White,99.8,541,283,5.3,Authorized Dealer,GB-T/CCS2,22-08-2025,Synthetic (New Formula)
BYD,BYD Atto 3,2024,29753.708880931492,12342.0,New,Phnom Penh,White,50/60.5,340-420,150,7.3,Private,GB-T/CCS2,17-09-2022,Synthetic (New Formula)
BYD,BYD Seal,2024,36598.30693363293,33012.0,Excellent,Battambang,Black,61.4/82.5,400-550,150,3.8,Private,GB-T/CCS2,22-05-2023,Synthetic (New Formula)
VinFast,VinFast VF 6,2025,24201.844003531958,10710.0,Excellent,Phnom Penh,Silver,59.6,399,110,,Private,GB-T/CCS2,5/2/2024,Synthetic (New Formula)
Avatr,Avatr 11,2022,71963.40521460125,20482.0,New,Kep,Grey,90/116,555-700,230,3.9,Private,GB-T/CCS2,9/10/2024,Synthetic (New Formula)
Avatr,Avatr 07,2024,51275.86548879838,33012.0,New,Phnom Penh,Blue,62.2/100.5,420-621,190,4.9,Private,GB-T/CCS2,26-03-2024,Synthetic (New Formula)
Tesla,Tesla Model Y,2025,58209.24901645232,26130.0,Like New,Battambang,Silver,60/75/82,430-600,220,6.9,Dealer,GB-T/CCS2,15-04-2023,Synthetic (New Formula)
MG,MG 4 EV,2023,26428.411402509802,8030.0,Excellent,Phnom Penh,Grey,51/64/77,350-520,125,7.7,Dealer,GB-T/CCS2,9/2/2022,Synthetic (New Formula)
BYD,BYD Atto 3,2023,29322.135829066014,1616.0,Like New,Phnom Penh,White,50/60.5,340-420,150,7.3,Private,GB-T/CCS2,9/11/2024,Synthetic (New Formula)
MG,MG ZS EV,2024,28775.59045211575,16282.0,Like New,Kratie,Red,50.3/72.6,320-440,115,8.6,Dealer,GB-T/CCS2,10/12/2020,Synthetic (New Formula)
Nissan,Nissan Leaf,2022,29747.779253092496,10030.0,Like New,Kampot,Black,40/62,240-385,110,7.0,Authorized Dealer,GB-T/CCS2,4/8/2021,Synthetic (New Formula)
Hyundai,Hyundai Ioniq 6,2022,56564.78603774129,6090.0,New,Siem Reap,White,53/77.4,429-614,151,8.1,Private,GB-T/CCS2,17-04-2024,Synthetic (New Formula)
Nissan,Nissan Leaf,2022,29490.614298652712,11100.0,New,Kratie,Silver,40/62,240-385,110,7.0,Dealer,GB-T/CCS2,6/5/2020,Synthetic (New Formula)
BYD,BYD Han,2025,58929.095444049904,33292.0,Excellent,Kampot,White,76.9/85.4,500-610,180,3.9,Private,GB-T/CCS2,26-12-2020,Synthetic (New Formula)
VinFast,VinFast VF 8,2025,42344.82756825789,25564.0,Excellent,Preah Vihear,Green,82/87.5,420-500,150,5.5,Authorized Dealer,GB-T/CCS2,27-01-2024,Synthetic (New Formula)
VinFast,VinFast VF 6,2024,26172.41937397564,25048.0,Like New,Phnom Penh,Grey,59.6,399,110,,Private,GB-T/CCS2,16-09-2023,Synthetic (New Formula)
BMW,BMW iX1,2023,56608.394863780406,13536.0,Excellent,Phnom Penh,Grey,64.7,417,150,8.6,Private,GB-T/CCS2,16-07-2024,Synthetic (New Formula)
Denza,Denza D9,2022,83786.82419548449,1185.0,Fair,Battambang,Silver,103,600,230,6.9,Authorized Dealer,GB-T/CCS2,18-04-2022,Synthetic (New Formula)
Zeekr,Zeekr X,2025,58853.561132828174,56601.0,Like New,Koh Kong,Grey,66,440,200,5.6,Dealer,GB-T/CCS2,23-05-2024,Synthetic (New Formula)
BYD,BYD Dolphin,2023,26946.399131955775,0.0,New,Sihanoukville,Black,44.9/60.5,310-420,70,7.5,Authorized Dealer,GB-T/CCS2,3/4/2023,Synthetic (New Formula)
AITO,AITO M7,2025,54306.33679902413,14170.0,New,Kampong Cham,White,40,200 PHEV,330,4.8,Dealer,GB-T/CCS2,1/7/2025,Synthetic (New Formula)
VinFast,VinFast VF 8,2025,40910.05138635013,0.0,New,Siem Reap,White,82/87.5,420-500,150,5.5,Private,GB-T/CCS2,21-07-2022,Synthetic (New Formula)
BYD,BYD Seal 5,2023,21093.018681687663,7928.0,New,Battambang,White,15.8,80 PHEV,110,7.9,Authorized Dealer,GB-T/CCS2,21-04-2025,Synthetic (New Formula)
BYD,BYD Sealion 7,2021,44155.071987216135,14008.0,Like New,Phnom Penh,Blue,71.8/91.3,460-567,230,4.5,Authorized Dealer,GB-T/CCS2,11/8/2025,Synthetic (New Formula)
AITO,AITO M7,2025,55351.83645248718,0.0,Like New,Sihanoukville,Silver,40,200 PHEV,330,4.8,Authorized Dealer,GB-T/CCS2,17-07-2023,Synthetic (New Formula)
BYD,BYD Han,2023,55231.28435890552,1846.0,Excellent,Battambang,White,76.9/85.4,500-610,180,3.9,Private,GB-T/CCS2,4/11/2022,Synthetic (New Formula)
VinFast,VinFast VF 6,2025,25147.741048603635,12950.0,Good,Sihanoukville,White,59.6,399,110,,Private,GB-T/CCS2,18-03-2023,Synthetic (New Formula)
MG,MG ZS EV,2025,28699.798903044142,1720.0,Excellent,Phnom Penh,Black,50.3/72.6,320-440,115,8.6,Private,GB-T/CCS2,28-10-2022,Synthetic (New Formula)
Xiaomi,Xiaomi SU7,2025,74110.92118198883,10065.0,New,Phnom Penh,Black,73.6/94.3,495-830,220,5.3,Authorized Dealer,GB-T/CCS2,13-08-2025,Synthetic (New Formula)
VinFast,VinFast VF 6,2021,27263.245760555983,11495.0,New,Sihanoukville,Silver,59.6,399,110,,Dealer,GB-T/CCS2,27-08-2025,Synthetic (New Formula)
Denza,Denza D9,2023,94171.13512296755,44935.0,Excellent,Phnom Penh,Silver,103,600,230,6.9,Private,GB-T/CCS2,18-07-2024,Synthetic (New Formula)
AION,AION Y Plus,2024,33929.92163507304,12698.0,Excellent,Phnom Penh,Black,51.9/63.9,410-510,150,7.8,Private,GB-T/CCS2,4/4/2025,Synthetic (New Formula)
BMW,BMW iX1,2023,61065.261904860105,40330.0,Good,Siem Reap,White,64.7,417,150,8.6,Authorized Dealer,GB-T/CCS2,22-08-2023,Synthetic (New Formula)
Deepal,Deepal S07,2024,54774.9695873274,57869.0,New,Phnom Penh,Black,31.6/80,200 PHEV,190,6.7,Dealer,GB-T/CCS2,13-03-2024,Synthetic (New Formula)
MG,MG 4 EV,2022,27671.455689449373,16626.0,New,Phnom Penh,Grey,51/64/77,350-520,125,7.7,Dealer,GB-T/CCS2,28-08-2022,Synthetic (New Formula)
Hyundai,Hyundai Ioniq 6,2020,57698.36347433305,11154.0,Good,Phnom Penh,Black,53/77.4,429-614,151,8.1,Dealer,GB-T/CCS2,10/11/2023,Synthetic (New Formula)
MG,MG ZS EV,2025,27519.04301315764,18972.0,New,Siem Reap,White,50.3/72.6,320-440,115,8.6,Authorized Dealer,GB-T/CCS2,14-09-2023,Synthetic (New Formula)
BYD,BYD Atto 2,2021,26555.766952102327,26505.0,New,Phnom Penh,Black,45.1,312-401,130,7.9,Authorized Dealer,GB-T/CCS2,15-03-2024,Synthetic (New Formula)
Zeekr,Zeekr 001,2023,75001.30542811398,20608.0,Fair,Kampot,White,86/100,560-620,200,3.3,Dealer,GB-T/CCS2,15-02-2025,Synthetic (New Formula)
BYD,BYD Atto 3,2024,29033.855752837968,6825.0,Excellent,Battambang,Green,50/60.5,340-420,150,7.3,Private,GB-T/CCS2,3/6/2022,Synthetic (New Formula)
BYD,BYD Seal,2025,35569.547652381894,4152.0,Excellent,Sihanoukville,White,61.4/82.5,400-550,150,3.8,Private,GB-T/CCS2,26-08-2024,Synthetic (New Formula)
VinFast,VinFast VF 8,2023,47148.18498032936,55016.0,Like New,Phnom Penh,White,82/87.5,420-500,150,5.5,Private,GB-T/CCS2,13-07-2024,Synthetic (New Formula)
VinFast,VinFast VF 9,2021,79882.98806728478,45068.0,Like New,Phnom Penh,Silver,123,438,300,6.5,Authorized Dealer,GB-T/CCS2,18-05-2022,Synthetic (New Formula)
Avatr,Avatr 07,2023,47788.457013577114,27027.0,Like New,Phnom Penh,Grey,62.2/100.5,420-621,190,4.9,Dealer,GB-T/CCS2,26-05-2025,Synthetic (New Formula)
Kia,Kia EV9,2023,79250.61607688977,26505.0,Excellent,Phnom Penh,Cosmos Black,99.8,541,283,5.3,Dealer,GB-T/CCS2,15-08-2024,Synthetic (New Formula)
VinFast,VinFast VF 9,2025,67993.01405193485,4640.0,New,Phnom Penh,White,123,438,300,6.5,Authorized Dealer,GB-T/CCS2,12/8/2022,Synthetic (New Formula)
BYD,BYD Atto 2,2024,26468.194829378728,39558.0,New,Phnom Penh,Silver,45.1,312-401,130,7.9,Dealer,GB-T/CCS2,12/9/2024,Synthetic (New Formula)
Leapmotor,Leapmotor T03,2023,13656.621583511609,24771.0,New,Phnom Penh,Red,41.3,403,80,,Dealer,GB-T/CCS2,5/8/2025,Synthetic (New Formula)
BYD,BYD Seagull,2022,19427.80966583397,0.0,New,Battambang,Black,30/38.88,190-305,55,,Authorized Dealer,GB-T/CCS2,14-01-2025,Synthetic (New Formula)
MG,MG 4 EV,2025,24752.677740679857,15418.0,New,Battambang,Silver,51/64/77,350-520,125,7.7,Dealer,GB-T/CCS2,14-04-2023,Synthetic (New Formula)
Leapmotor,Leapmotor T03,2025,12893.56719294113,16626.0,Like New,Phnom Penh,Black,41.3,403,80,,Authorized Dealer,GB-T/CCS2,11/10/2024,Synthetic (New Formula)
Nissan,Nissan Leaf,2024,28740.08647575589,14310.0,New,Phnom Penh,Red,40/62,240-385,110,7.0,Dealer,GB-T/CCS2,22-08-2023,Synthetic (New Formula)
Kia,Kia EV5,2022,39241.32464632515,30740.0,New,Phnom Penh,White,64.2/88,400-600,160,7.5,Dealer,GB-T/CCS2,17-07-2025,Synthetic (New Formula)
Avatr,Avatr 11,2024,69462.69808286313,25146.0,New,Phnom Penh,Red,90/116,555-700,230,3.9,Private,GB-T/CCS2,3/8/2023,Synthetic (New Formula)
Hyundai,Hyundai Ioniq 6,2024,53720.37794012946,13908.0,Good,Kampong Cham,Grey,53/77.4,429-614,151,8.1,Private,GB-T/CCS2,25-08-2025,Synthetic (New Formula)
BYD,BYD Seagull,2023,19835.874327206726,20559.0,New,Phnom Penh,White,30/38.88,190-305,55,,Dealer,GB-T/CCS2,11/5/2024,Synthetic (New Formula)
BYD,BYD Seal,2022,36729.09114420373,871.0,New,Phnom Penh,Grey,61.4/82.5,400-550,150,3.8,Authorized Dealer,GB-T/CCS2,17-02-2023,Synthetic (New Formula)
Avatr,Avatr 11,2025,68520.56084978867,17238.0,Good,Kampong Cham,Grey,90/116,555-700,230,3.9,Dealer,GB-T/CCS2,13-05-2025,Synthetic (New Formula)
AITO,AITO M5,2025,43660.413250779005,19566.0,Good,Battambang,White,40,200 PHEV,200,4.8,Authorized Dealer,GB-T/CCS2,11/11/2023,Synthetic (New Formula)
MG,MG 5,2022,22571.93975694711,7008.0,New,Phnom Penh,Blue,61.1,403,130,7.7,Authorized Dealer,GB-T/CCS2,2/2/2021,Synthetic (New Formula)
Denza,Denza D9,2024,79333.06628763785,6902.0,New,Phnom Penh,Blue,103,600,230,6.9,Private,GB-T/CCS2,1/5/2025,Synthetic (New Formula)
VinFast,VinFast VF 9,2025,69922.68236915344,40330.0,Excellent,Phnom Penh,Black,123,438,300,6.5,Dealer,GB-T/CCS2,14-05-2025,Synthetic (New Formula)
AION,AION V,2022,40145.15897461391,3408.0,New,Phnom Penh,White,68.8/80,480-610,165,7.1,Dealer,GB-T/CCS2,1/8/2025,Synthetic (New Formula)
MG,MG ZS EV,2024,29848.73492651675,12573.0,New,Phnom Penh,Black,50.3/72.6,320-440,115,8.6,Private,GB-T/CCS2,28-10-2022,Synthetic (New Formula)
BYD,BYD Seal 5,2025,20561.252182093078,0.0,Good,Sihanoukville,Red,15.8,80 PHEV,110,7.9,Authorized Dealer,GB-T/CCS2,4/7/2025,Synthetic (New Formula)
Hyundai,Hyundai Ioniq 5,2024,41632.215640915536,16128.0,Like New,Phnom Penh,Black,58/72.6,354-488,125,7.4,Dealer,GB-T/CCS2,24-07-2023,Synthetic (New Formula)
Tesla,Tesla Model Y,2020,67204.64430240422,26625.0,New,Phnom Penh,Cosmos Black,60/75/82,430-600,220,6.9,Authorized Dealer,GB-T/CCS2,2/1/2023,Synthetic (New Formula)
BYD,BYD Dolphin,2024,23963.650111152885,0.0,Excellent,Sihanoukville,Silver,44.9/60.5,310-420,70,7.5,Dealer,GB-T/CCS2,7/7/2024,Synthetic (New Formula)
XPeng,XPeng G6,2025,43675.79081536134,11209.0,New,Battambang,Red,66/87.5,435-570,190,6.2,Private,GB-T/CCS2,25-03-2023,Synthetic (New Formula)
BYD,BYD Atto 3,2023,29781.748575344423,0.0,New,Battambang,White,50/60.5,340-420,150,7.3,Authorized Dealer,GB-T/CCS2,8/5/2024,Synthetic (New Formula)
AITO,AITO M5,2020,54267.081518885345,50820.0,New,Kampong Cham,Black,40,200 PHEV,200,4.8,Private,GB-T/CCS2,10/3/2022,Synthetic (New Formula)
Leapmotor,Leapmotor T03,2022,14007.849254210783,8728.0,New,Preah Vihear,White,41.3,403,80,,Authorized Dealer,GB-T/CCS2,10/2/2025,Synthetic (New Formula)
MG,MG 4 EV,2023,25264.156970054093,3468.0,New,Phnom Penh,Grey,51/64/77,350-520,125,7.7,Private,GB-T/CCS2,28-08-2021,Synthetic (New Formula)
BYD,BYD Han,2022,62282.66703138131,19362.0,New,Kampong Cham,White,76.9/85.4,500-610,180,3.9,Authorized Dealer,GB-T/CCS2,19-05-2022,Synthetic (New Formula)
MG,MG 4 EV,2021,27411.432448616084,19362.0,New,Phnom Penh,Grey,51/64/77,350-520,125,7.7,Dealer,GB-T/CCS2,9/2/2022,Synthetic (New Formula)
Hyundai,Hyundai Ioniq 6,2024,52740.45851633525,11984.0,New,Siem Reap,White,53/77.4,429-614,151,8.1,Private,GB-T/CCS2,17-04-2024,Synthetic (New Formula)
Leapmotor,Leapmotor T03,2025,13276.346085507506,16524.0,New,Battambang,White,41.3,403,80,,Authorized Dealer,GB-T/CCS2,10/1/2024,Synthetic (New Formula)
BYD,BYD Han,2024,61327.57481866557,17385.0,Like New,Phnom Penh,Silver,76.9/85.4,500-610,180,3.9,Dealer,GB-T/CCS2,28-08-2022,Synthetic (New Formula)
XPeng,XPeng G6,2023,48097.29716140684,928.0,Good,Phnom Penh,Grey,66/87.5,435-570,190,6.2,Private,GB-T/CCS2,5/7/2025,Synthetic (New Formula)
BYD,BYD Han,2025,61532.97894558645,7525.0,New,Phnom Penh,White,76.9/85.4,500-610,180,3.9,Dealer,GB-T/CCS2,11/8/2025,Synthetic (New Formula)
MG,MG 4 EV,2022,26333.64666345398,17388.0,New,Kampot,Black,51/64/77,350-520,125,7.7,Authorized Dealer,GB-T/CCS2,26-05-2025,Synthetic (New Formula)
Tesla,Tesla Model 3,2025,47586.54551887204,29853.0,Fair,Koh Kong,White,60/82,430-576,208,6.1,Private,GB-T/CCS2,3/5/2023,Synthetic (New Formula)
MG,MG ZS EV,2024,26844.487645838042,0.0,New,Phnom Penh,White,50.3/72.6,320-440,115,8.6,Private,GB-T/CCS2,9/6/2024,Synthetic (New Formula)
Zeekr,Zeekr 007,2022,63204.941185344556,4740.0,New,Phnom Penh,Silver,75/100,530-688,310,3.5,Dealer,GB-T/CCS2,12/8/2025,Synthetic (New Formula)
Kia,Kia EV6,2023,49812.25008175233,11209.0,New,Phnom Penh,Grey,77.4,484,168,7.1,Authorized Dealer,GB-T/CCS2,19-03-2022,Synthetic (New Formula)
Leapmotor,Leapmotor T03,2024,13249.5851302385,34632.0,Good,Battambang,Blue,41.3,403,80,,Authorized Dealer,GB-T/CCS2,11/4/2024,Synthetic (New Formula)
AION,AION Y Plus,2024,33392.551352275936,15330.0,New,Phnom Penh,Blue,51.9/63.9,410-510,150,7.8,Private,GB-T/CCS2,9/7/2024,Synthetic (New Formula)
Toyota,Toyota bZ4X,2022,48043.22831985086,14926.0,New,Siem Reap,Grey,71.4,500,150,7.1,Authorized Dealer,GB-T/CCS2,21-01-2025,Synthetic (New Formula)
BYD,BYD Atto 2,2021,24231.70337248556,7434.0,Excellent,Phnom Penh,Silver,45.1,312-401,130,7.9,Dealer,GB-T/CCS2,12/9/2024,Synthetic (New Formula)
Tesla,Tesla Model Y,2024,64663.41592832542,37653.0,New,Phnom Penh,White,60/75/82,430-600,220,6.9,Authorized Dealer,GB-T/CCS2,14-08-2024,Synthetic (New Formula)
Zeekr,Zeekr X,2023,56101.217693133556,26600.0,New,Phnom Penh,Pearl White,66,440,200,5.6,Private,GB-T/CCS2,19-09-2025,Synthetic (New Formula)
Zeekr,Zeekr 001,2025,82339.8259136465,34545.0,New,Phnom Penh,Blue,86/100,560-620,200,3.3,Dealer,GB-T/CCS2,16-10-2024,Synthetic (New Formula)
Avatr,Avatr 07,2025,47605.205527758044,39732.0,Good,Phnom Penh,Cosmos Black,62.2/100.5,420-621,190,4.9,Dealer,GB-T/CCS2,2/6/2024,Synthetic (New Formula)
MG,MG 4 EV,2024,26740.1598304088,31528.0,Excellent,Siem Reap,Silver,51/64/77,350-520,125,7.7,Dealer,GB-T/CCS2,15-07-2023,Synthetic (New Formula)
XPeng,XPeng G6,2025,44438.65561440417,24360.0,New,Phnom Penh,Blue,66/87.5,435-570,190,6.2,Dealer,GB-T/CCS2,25-09-2023,Synthetic (New Formula)
BYD,BYD Tang,2024,65866.6703387861,6888.0,New,Phnom Penh,Black,86.4/108.8,400-530,180,4.6,Private,GB-T/CCS2,17-09-2024,Synthetic (New Formula)
Mercedes,Mercedes EQB,2025,63402.87996665682,3468.0,Good,Sihanoukville,White,66.5,419,168,8.0,Authorized Dealer,GB-T/CCS2,2/11/2022,Synthetic (New Formula)
Avatr,Avatr 11,2020,75810.96377047303,21060.0,Like New,Phnom Penh,Blue,90/116,555-700,230,3.9,Authorized Dealer,GB-T/CCS2,18-08-2022,Synthetic (New Formula)
Kia,Kia EV6,2024,48008.80296547981,16439.0,New,Phnom Penh,White,77.4,484,168,7.1,Dealer,GB-T/CCS2,7/1/2025,Synthetic (New Formula)
Nissan,Nissan Leaf,2025,28736.123925735195,22242.0,Good,Phnom Penh,Red,40/62,240-385,110,7.0,Dealer,GB-T/CCS2,15-07-2025,Synthetic (New Formula)
Kia,Kia EV9,2024,74589.54996175524,15372.0,New,Phnom Penh,Cosmos Black,99.8,541,283,5.3,Dealer,GB-T/CCS2,15-08-2024,Synthetic (New Formula)
AION,AION V,2021,46288.62047428777,29988.0,New,Phnom Penh,Silver,68.8/80,480-610,165,7.1,Dealer,GB-T/CCS2,7/6/2024,Synthetic (New Formula)
Denza,Denza D9,2024,82746.15734207,7344.0,Like New,Phnom Penh,Blue,103,600,230,6.9,Dealer,GB-T/CCS2,8/10/2024,Synthetic (New Formula)
MG,MG 4 EV,2025,24482.211602297728,1650.0,Like New,Kampot,Black,51/64/77,350-520,125,7.7,Authorized Dealer,GB-T/CCS2,26-05-2025,Synthetic (New Formula)
Avatr,Avatr 07,2025,42003.51820343423,5120.0,Like New,Phnom Penh,Grey,62.2/100.5,420-621,190,4.9,Dealer,GB-T/CCS2,26-05-2025,Synthetic (New Formula)
Hyundai,Hyundai Ioniq 5,2023,42480.38114813445,10270.0,Excellent,Phnom Penh,Black,58/72.6,354-488,125,7.4,Private,GB-T/CCS2,13-05-2024,Synthetic (New Formula)
Nissan,Nissan Leaf,2024,28769.61574356339,0.0,Like New,Kep,Silver,40/62,240-385,110,7.0,Private,GB-T/CCS2,27-01-2021,Synthetic (New Formula)
XPeng,XPeng G6,2024,47239.90221137277,7504.0,Excellent,Phnom Penh,Grey,66/87.5,435-570,190,6.2,Private,GB-T/CCS2,5/7/2025,Synthetic (New Formula)
Leapmotor,Leapmotor T03,2020,15065.765139228273,24384.0,Like New,Battambang,White,41.3,403,80,,Authorized Dealer,GB-T/CCS2,10/1/2024,Synthetic (New Formula)
Tesla,Tesla Model Y,2023,57318.569804348954,10270.0,New,Phnom Penh,Blue,60/75/82,430-600,220,6.9,Private,GB-T/CCS2,17-08-2022,Synthetic (New Formula)
BYD,BYD Sealion 6,2022,46091.80559586953,0.0,New,Phnom Penh,Black,18.3,80-100 PHEV,145,8.5,Dealer,GB-T/CCS2,16-11-2024,Synthetic (New Formula)
AION,AION V,2025,40831.45337239394,20102.0,Like New,Phnom Penh,Silver,68.8/80,480-610,165,7.1,Dealer,GB-T/CCS2,7/6/2024,Synthetic (New Formula)
Hyundai,Hyundai Ioniq 6,2025,50658.74197284386,20658.0,Like New,Phnom Penh,Red,53/77.4,429-614,151,8.1,Dealer,GB-T/CCS2,23-02-2023,Synthetic (New Formula)
MG,MG 4 EV,2023,26254.69747553351,12912.0,New,Kampot,Black,51/64/77,350-520,125,7.7,Authorized Dealer,GB-T/CCS2,26-05-2025,Synthetic (New Formula)
BYD,BYD Seagull,2025,20888.43715275552,39100.0,Excellent,Phnom Penh,White,30/38.88,190-305,55,,Dealer,GB-T/CCS2,11/5/2024,Synthetic (New Formula)
VinFast,VinFast VF 9,2025,67418.66917561673,27347.0,Like New,Phnom Penh,White,123,438,300,6.5,Authorized Dealer,GB-T/CCS2,11/2/2023,Synthetic (New Formula)
BYD,BYD Tang,2023,67159.59108486513,43563.0,Like New,Preah Vihear,Black,86.4/108.8,400-530,180,4.6,Private,GB-T/CCS2,21-05-2023,Synthetic (New Formula)
VinFast,VinFast VF 9,2025,65455.71213583355,16524.0,Excellent,Phnom Penh,White,123,438,300,6.5,Authorized Dealer,GB-T/CCS2,11/2/2023,Synthetic (New Formula)
BYD,BYD Tang,2024,62044.303317582824,7512.0,Like New,Phnom Penh,Blue,86.4/108.8,400-530,180,4.6,Authorized Dealer,GB-T/CCS2,4/7/2022,Synthetic (New Formula)
Zeekr,Zeekr X,2024,52199.10865693346,0.0,New,Phnom Penh,Red,66,440,200,5.6,Authorized Dealer,GB-T/CCS2,11/12/2023,Synthetic (New Formula)
AION,AION Y Plus,2024,39348.06354798048,75264.0,Excellent,Phnom Penh,Blue,51.9/63.9,410-510,150,7.8,Private,GB-T/CCS2,9/7/2024,Synthetic (New Formula)
Mercedes,Mercedes EQB,2022,64673.127263662,2202.0,Excellent,Phnom Penh,Silver,66.5,419,168,8.0,Authorized Dealer,GB-T/CCS2,6/10/2024,Synthetic (New Formula)
Zeekr,Zeekr X,2025,51034.99791797268,0.0,Good,Siem Reap,Blue,66,440,200,5.6,Authorized Dealer,GB-T/CCS2,13-08-2024,Synthetic (New Formula)
Deepal,Deepal S07,2024,52779.28137341775,12573.0,Like New,Phnom Penh,Black,31.6/80,200 PHEV,190,6.7,Dealer,GB-T/CCS2,13-03-2024,Synthetic (New Formula)
MG,MG 4 EV,2024,24441.35026295238,0.0,Like New,Siem Reap,Silver,51/64/77,350-520,125,7.7,Dealer,GB-T/CCS2,15-07-2023,Synthetic (New Formula)
MG,MG ZS EV,2021,29775.30398489155,6888.0,New,Phnom Penh,Silver,50.3/72.6,320-440,115,8.6,Private,GB-T/CCS2,10/5/2025,Synthetic (New Formula)
Tesla,Tesla Model Y,2025,57156.86968282744,4425.0,New,Phnom Penh,Green,60/75/82,430-600,220,6.9,Authorized Dealer,GB-T/CCS2,25-08-2025,Synthetic (New Formula)
AION,AION Y Plus,2024,32350.90025460705,15195.0,New,Phnom Penh,Black,51.9/63.9,410-510,150,7.8,Dealer,GB-T/CCS2,17-10-2024,Synthetic (New Formula)
BYD,BYD Tang,2024,66946.79859872449,26564.0,New,Battambang,Grey,86.4/108.8,400-530,180,4.6,Private,GB-T/CCS2,12/11/2021,Synthetic (New Formula)
AITO,AITO M5,2024,46398.51575149741,20016.0,New,Kep,Cosmos Black,40,200 PHEV,200,4.8,Dealer,GB-T/CCS2,10/12/2022,Synthetic (New Formula)
BYD,BYD Han,2025,61096.88698090719,33136.0,Like New,Battambang,Silver,76.9/85.4,500-610,180,3.9,Dealer,GB-T/CCS2,22-01-2025,Synthetic (New Formula)
Kia,Kia EV9,2022,81145.53040930469,4390.0,Excellent,Phnom Penh,Black,99.8,541,283,5.3,Dealer,GB-T/CCS2,15-09-2023,Synthetic (New Formula)
VinFast,VinFast VF 8,2024,41057.96106134665,16966.0,New,Phnom Penh,Black,82/87.5,420-500,150,5.5,Private,GB-T/CCS2,13-11-2023,Synthetic (New Formula)
BYD,BYD M9,2025,55571.649971117324,0.0,Good,Phnom Penh,Black,52,180 PHEV,180,,Private,GB-T/CCS2,4/7/2025,Synthetic (New Formula)
MG,MG 5,2023,24453.525230495066,43650.0,Fair,Phnom Penh,Blue,61.1,403,130,7.7,Authorized Dealer,GB-T/CCS2,2/2/2021,Synthetic (New Formula)
Tesla,Tesla Model 3,2024,46471.50682019052,19343.0,Like New,Phnom Penh,Cosmos Black,60/82,430-576,208,6.1,Dealer,GB-T/CCS2,12/1/2025,Synthetic (New Formula)
VinFast,VinFast VF 9,2024,65354.00188584156,0.0,Excellent,Phnom Penh,Green,123,438,300,6.5,Authorized Dealer,GB-T/CCS2,5/5/2023,Synthetic (New Formula)
Toyota,Toyota bZ4X,2025,42725.417208644016,0.0,New,Sihanoukville,Black,71.4,500,150,7.1,Authorized Dealer,GB-T/CCS2,11/3/2022,Synthetic (New Formula)
BYD,BYD Seal 5,2025,21135.24005469572,6792.0,Fair,Sihanoukville,Silver,15.8,80 PHEV,110,7.9,Authorized Dealer,GB-T/CCS2,2/1/2025,Synthetic (New Formula)
Kia,Kia EV9,2022,87381.49134412315,29904.0,Like New,Phnom Penh,White,99.8,541,283,5.3,Private,GB-T/CCS2,8/11/2024,Synthetic (New Formula)
Avatr,Avatr 11,2023,69560.17495037761,10065.0,New,Sihanoukville,Green,90/116,555-700,230,3.9,Dealer,GB-T/CCS2,4/11/2022,Synthetic (New Formula)
AION,AION ES,2024,33962.50262431616,56601.0,Like New,Phnom Penh,Grey,55.6,410,150,7.5,Private,GB-T/CCS2,3/9/2024,Synthetic (New Formula)
Avatr,Avatr 11,2023,63751.90647506802,5346.0,Excellent,Phnom Penh,White,90/116,555-700,230,3.9,Authorized Dealer,GB-T/CCS2,27-08-2025,Synthetic (New Formula)
Toyota,Toyota bZ4X,2022,50301.73812895139,25800.0,Excellent,Phnom Penh,Black,71.4,500,150,7.1,Dealer,GB-T/CCS2,23-08-2023,Synthetic (New Formula)
Hyundai,Hyundai Ioniq 6,2022,62284.08897795134,39865.0,New,Sihanoukville,Grey,53/77.4,429-614,151,8.1,Dealer,GB-T/CCS2,26-11-2022,Synthetic (New Formula)
Nissan,Nissan Leaf,2024,32127.387474921157,45068.0,New,Phnom Penh,Grey,40/62,240-385,110,7.0,Authorized Dealer,GB-T/CCS2,10/4/2021,Synthetic (New Formula)
Nissan,Nissan Leaf,2024,28221.343244854677,19343.0,Good,Siem Reap,Blue,40/62,240-385,110,7.0,Dealer,GB-T/CCS2,2/5/2023,Synthetic (New Formula)
Tesla,Tesla Model 3,2022,50429.87266709358,20608.0,New,Phnom Penh,White,60/82,430-576,208,6.1,Dealer,GB-T/CCS2,12/10/2024,Synthetic (New Formula)
Avatr,Avatr 11,2023,70408.77166951566,11648.0,Excellent,Phnom Penh,Black,90/116,555-700,230,3.9,Authorized Dealer,GB-T/CCS2,18-11-2023,Synthetic (New Formula)
BYD,BYD Han,2025,66124.16528334259,42441.0,New,Phnom Penh,Grey,76.9/85.4,500-610,180,3.9,Dealer,GB-T/CCS2,19-02-2024,Synthetic (New Formula)
BYD,BYD Atto 3,2024,28731.993596522287,5950.0,Like New,Phnom Penh,White,50/60.5,340-420,150,7.3,Private,GB-T/CCS2,9/11/2024,Synthetic (New Formula)
AITO,AITO M7,2021,60534.7362754544,4424.0,Excellent,Siem Reap,Grey,40,200 PHEV,330,4.8,Private,GB-T/CCS2,10/10/2023,Synthetic (New Formula)
Mercedes,Mercedes EQB,2024,71235.02790444758,42372.0,Like New,Kampot,Grey,66.5,419,168,8.0,Dealer,GB-T/CCS2,14-04-2024,Synthetic (New Formula)
Deepal,Deepal S07,2023,52004.13163909789,2142.0,Good,Kampot,White,31.6/80,200 PHEV,190,6.7,Dealer,GB-T/CCS2,4/12/2024,Synthetic (New Formula)
Kia,Kia EV5,2022,38437.71845486941,34680.0,Good,Phnom Penh,Silver,64.2/88,400-600,160,7.5,Authorized Dealer,GB-T/CCS2,13-08-2024,Synthetic (New Formula)
Hyundai,Hyundai Ioniq 5,2023,43450.62452949968,0.0,New,Preah Vihear,Blue,58/72.6,354-488,125,7.4,Dealer,GB-T/CCS2,27-01-2024,Synthetic (New Formula)
VinFast,VinFast VF 8,2024,45927.75736103174,36618.0,Fair,Kampong Cham,Blue,82/87.5,420-500,150,5.5,Dealer,GB-T/CCS2,12/5/2025,Synthetic (New Formula)
BYD,BYD Sealion 6,2025,43881.32608199523,6090.0,Excellent,Kratie,Silver,18.3,80-100 PHEV,145,8.5,Private,GB-T/CCS2,13-05-2025,Synthetic (New Formula)
Mercedes,Mercedes EQB,2025,63918.6408932241,14310.0,New,Phnom Penh,Silver,66.5,419,168,8.0,Authorized Dealer,GB-T/CCS2,6/10/2024,Synthetic (New Formula)
Kia,Kia EV6,2022,50540.14011677479,5745.0,New,Kampot,Silver,77.4,484,168,7.1,Authorized Dealer,GB-T/CCS2,19-08-2023,Synthetic (New Formula)
Denza,Denza D9,2024,83858.21815026487,4120.0,New,Battambang,Silver,103,600,230,6.9,Authorized Dealer,GB-T/CCS2,18-04-2022,Synthetic (New Formula)
VinFast,VinFast VF 6,2021,28553.40797185023,43475.0,Excellent,Kratie,Red,59.6,399,110,,Authorized Dealer,GB-T/CCS2,28-06-2022,Synthetic (New Formula)
Hyundai,Hyundai Ioniq 6,2024,51996.57541373406,6624.0,New,Phnom Penh,White,53/77.4,429-614,151,8.1,Dealer,GB-T/CCS2,8/8/2022,Synthetic (New Formula)
MG,MG ZS EV,2024,30339.32444056837,35800.0,Excellent,Phnom Penh,Silver,50.3/72.6,320-440,115,8.6,Private,GB-T/CCS2,10/5/2025,Synthetic (New Formula)
BYD,BYD Seal,2023,38697.64333433713,13824.0,New,Phnom Penh,Grey,61.4/82.5,400-550,150,3.8,Authorized Dealer,GB-T/CCS2,17-02-2023,Synthetic (New Formula)
AITO,AITO M7,2025,56338.330308748635,26130.0,Like New,Phnom Penh,Orange,40,200 PHEV,330,4.8,Private,GB-T/CCS2,13-04-2025,Synthetic (New Formula)
Avatr,Avatr 07,2024,48019.38636812711,39100.0,Excellent,Sihanoukville,Black,62.2/100.5,420-621,190,4.9,Private,GB-T/CCS2,25-09-2024,Synthetic (New Formula)
MG,MG 4 EV,2025,23460.27718034604,9207.0,Like New,Phnom Penh,Pearl White,51/64/77,350-520,125,7.7,Private,GB-T/CCS2,15-10-2023,Synthetic (New Formula)
Avatr,Avatr 07,2021,49550.74248959026,8400.0,Good,Phnom Penh,White,62.2/100.5,420-621,190,4.9,Private,GB-T/CCS2,23-08-2025,Synthetic (New Formula)
AION,AION ES,2024,28420.65898958111,0.0,Like New,Phnom Penh,White,55.6,410,150,7.5,Dealer,GB-T/CCS2,16-02-2025,Synthetic (New Formula)
BMW,BMW iX1,2025,60681.26135312526,48256.0,New,Sihanoukville,Grey,64.7,417,150,8.6,Private,GB-T/CCS2,27-02-2025,Synthetic (New Formula)
Mercedes,Mercedes EQB,2025,63812.485446945226,9735.0,New,Sihanoukville,White,66.5,419,168,8.0,Authorized Dealer,GB-T/CCS2,2/11/2022,Synthetic (New Formula)
Toyota,Toyota bZ4X,2024,45285.58131801423,16966.0,Excellent,Sihanoukville,Black,71.4,500,150,7.1,Private,GB-T/CCS2,26-07-2024,Synthetic (New Formula)
BYD,BYD Seal 5,2024,23135.1698002635,33024.0,New,Phnom Penh,Grey,15.8,80 PHEV,110,7.9,Private,GB-T/CCS2,3/8/2024,Synthetic (New Formula)
Leapmotor,Leapmotor T03,2021,14004.132420079273,20856.0,Like New,Phnom Penh,Blue,41.3,403,80,,Dealer,GB-T/CCS2,19-08-2023,Synthetic (New Formula)
VinFast,VinFast VF 9,2025,66912.62274607569,11154.0,Like New,Phnom Penh,Grey,123,438,300,6.5,Private,GB-T/CCS2,2/1/2025,Synthetic (New Formula)
VinFast,VinFast VF 8,2023,44376.23670803335,11209.0,Like New,Phnom Penh,Silver,82/87.5,420-500,150,5.5,Authorized Dealer,GB-T/CCS2,9/8/2023,Synthetic (New Formula)
Avatr,Avatr 11,2025,67400.5827042236,29880.0,New,Phnom Penh,Red,90/116,555-700,230,3.9,Authorized Dealer,GB-T/CCS2,19-07-2024,Synthetic (New Formula)
MG,MG 5,2025,20859.714050041748,0.0,Like New,Phnom Penh,White,61.1,403,130,7.7,Private,GB-T/CCS2,21-01-2023,Synthetic (New Formula)
AITO,AITO M7,2024,58600.42642492602,3704.0,New,Kampong Cham,White,40,200 PHEV,330,4.8,Dealer,GB-T/CCS2,1/7/2025,Synthetic (New Formula)
Tesla,Tesla Model 3,2024,46281.82884249007,8736.0,Like New,Sihanoukville,Black,60/82,430-576,208,6.1,Authorized Dealer,GB-T/CCS2,27-11-2021,Synthetic (New Formula)
Xiaomi,Xiaomi SU7,2023,74226.19355079324,7928.0,Excellent,Siem Reap,White,73.6/94.3,495-830,220,5.3,Dealer,GB-T/CCS2,13-09-2024,Synthetic (New Formula)
Nissan,Nissan Leaf,2024,30639.762488735796,33024.0,Like New,Siem Reap,Blue,40/62,240-385,110,7.0,Dealer,GB-T/CCS2,2/5/2023,Synthetic (New Formula)
Kia,Kia EV9,2023,83483.34543782755,43734.0,New,Koh Kong,Silver,99.8,541,283,5.3,Authorized Dealer,GB-T/CCS2,7/5/2024,Synthetic (New Formula)
Zeekr,Zeekr 001,2025,74230.23849247703,10329.0,Like New,Phnom Penh,Blue,86/100,560-620,200,3.3,Dealer,GB-T/CCS2,16-10-2024,Synthetic (New Formula)
AITO,AITO M7,2025,62052.554890828505,36686.0,Fair,Phnom Penh,Orange,40,200 PHEV,330,4.8,Private,GB-T/CCS2,13-04-2025,Synthetic (New Formula)
MG,MG ZS EV,2024,29753.41754660721,29636.0,Like New,Siem Reap,Black,50.3/72.6,320-440,115,8.6,Dealer,GB-T/CCS2,3/5/2023,Synthetic (New Formula)
VinFast,VinFast VF 8,2024,44373.98422407643,24800.0,Good,Phnom Penh,Black,82/87.5,420-500,150,5.5,Private,GB-T/CCS2,13-11-2023,Synthetic (New Formula)
Nissan,Nissan Leaf,2023,29423.876938147227,16282.0,Like New,Siem Reap,Silver,40/62,240-385,110,7.0,Authorized Dealer,GB-T/CCS2,13-08-2024,Synthetic (New Formula)
BYD,BYD Sealion 6,2024,45783.83107887467,8400.0,New,Phnom Penh,Black,18.3,80-100 PHEV,145,8.5,Authorized Dealer,GB-T/CCS2,27-08-2024,Synthetic (New Formula)
Kia,Kia EV6,2025,46368.00889400323,0.0,Good,Phnom Penh,White,77.4,484,168,7.1,Authorized Dealer,GB-T/CCS2,5/9/2022,Synthetic (New Formula)
BMW,BMW iX1,2025,54300.263412295055,922.0,Good,Phnom Penh,Black,64.7,417,150,8.6,Authorized Dealer,GB-T/CCS2,23-08-2022,Synthetic (New Formula)
BYD,BYD Atto 3,2025,31446.76203587264,29316.0,New,Phnom Penh,White,50/60.5,340-420,150,7.3,Private,GB-T/CCS2,9/11/2024,Synthetic (New Formula)
Kia,Kia EV5,2023,36426.92479401254,14008.0,Excellent,Kampot,White,64.2/88,400-600,160,7.5,Private,GB-T/CCS2,25-01-2025,Synthetic (New Formula)
AION,AION Y Plus,2024,33928.09028833779,18108.0,Good,Phnom Penh,Blue,51.9/63.9,410-510,150,7.8,Private,GB-T/CCS2,9/7/2024,Synthetic (New Formula)
BYD,BYD Han,2023,65935.36909454715,56524.0,Like New,Phnom Penh,White,76.9/85.4,500-610,180,3.9,Authorized Dealer,GB-T/CCS2,6/7/2020,Synthetic (New Formula)
Zeekr,Zeekr X,2022,55963.83076911198,20330.0,Excellent,Phnom Penh,Black,66,440,200,5.6,Authorized Dealer,GB-T/CCS2,16-11-2024,Synthetic (New Formula)
MG,MG 4 EV,2025,23991.58320981242,16558.0,Excellent,Phnom Penh,Black,51/64/77,350-520,125,7.7,Authorized Dealer,GB-T/CCS2,4/1/2023,Synthetic (New Formula)
Tesla,Tesla Model Y,2025,63681.68770735119,42441.0,New,Phnom Penh,Blue,60/75/82,430-600,220,6.9,Authorized Dealer,GB-T/CCS2,19-02-2022,Synthetic (New Formula)
Avatr,Avatr 12,2023,70162.34540056853,25146.0,Excellent,Kampong Cham,White,94.5,650,230,3.9,Dealer,GB-T/CCS2,3/4/2025,Synthetic (New Formula)
MG,MG ZS EV,2024,29759.764187322384,10197.0,Like New,Phnom Penh,Grey,50.3/72.6,320-440,115,8.6,Authorized Dealer,GB-T/CCS2,5/2/2021,Synthetic (New Formula)
BYD,BYD Tang,2025,60152.42221178851,17594.0,Like New,Battambang,Grey,86.4/108.8,400-530,180,4.6,Private,GB-T/CCS2,12/11/2021,Synthetic (New Formula)
BYD,BYD Atto 3,2025,28963.696453563134,0.0,New,Phnom Penh,Black,50/60.5,340-420,150,7.3,Private,GB-T/CCS2,12/7/2023,Synthetic (New Formula)
XPeng,XPeng G6,2024,49831.19940167421,30996.0,Good,Kampot,Blue,66/87.5,435-570,190,6.2,Dealer,GB-T/CCS2,13-04-2024,Synthetic (New Formula)
BYD,BYD Tang,2024,63297.505783975255,12195.0,New,Preah Vihear,Black,86.4/108.8,400-530,180,4.6,Private,GB-T/CCS2,21-05-2023,Synthetic (New Formula)
AITO,AITO M7,2025,55481.14799086639,868.0,New,Sihanoukville,Silver,40,200 PHEV,330,4.8,Authorized Dealer,GB-T/CCS2,17-07-2023,Synthetic (New Formula)
AITO,AITO M7,2020,59179.64025236819,9016.0,Like New,Battambang,Grey,40,200 PHEV,330,4.8,Dealer,GB-T/CCS2,18-01-2025,Synthetic (New Formula)
Leapmotor,Leapmotor T03,2023,15046.192543585108,59472.0,Like New,Phnom Penh,Blue,41.3,403,80,,Dealer,GB-T/CCS2,19-08-2023,Synthetic (New Formula)
BYD,BYD M9,2024,62880.41130393242,29172.0,Excellent,Phnom Penh,Black,52,180 PHEV,180,,Private,GB-T/CCS2,4/7/2025,Synthetic (New Formula)
Xiaomi,Xiaomi SU7,2023,83109.51380970635,33024.0,New,Siem Reap,White,73.6/94.3,495-830,220,5.3,Dealer,GB-T/CCS2,13-09-2024,Synthetic (New Formula)
Tesla,Tesla Model 3,2025,43886.943470279504,14170.0,Like New,Kampot,Grey,60/82,430-576,208,6.1,Authorized Dealer,GB-T/CCS2,27-04-2024,Synthetic (New Formula)
Kia,Kia EV9,2023,89449.29669695458,55944.0,Excellent,Phnom Penh,Black,99.8,541,283,5.3,Dealer,GB-T/CCS2,20-05-2025,Synthetic (New Formula)
Deepal,Deepal L07,2021,56842.09779859999,52560.0,Good,Kratie,Black,31.6,200 PHEV,160,7.3,Authorized Dealer,GB-T/CCS2,5/5/2025,Synthetic (New Formula)
Kia,Kia EV6,2022,54788.8085416381,43475.0,New,Phnom Penh,White,77.4,484,168,7.1,Authorized Dealer,GB-T/CCS2,25-10-2024,Synthetic (New Formula)
Hyundai,Hyundai Ioniq 6,2024,54596.96875926647,33139.0,Excellent,Phnom Penh,White,53/77.4,429-614,151,8.1,Dealer,GB-T/CCS2,3/5/2023,Synthetic (New Formula)
MG,MG 4 EV,2020,25993.04889889858,8760.0,New,Phnom Penh,White,51/64/77,350-520,125,7.7,Dealer,GB-T/CCS2,27-07-2024,Synthetic (New Formula)
BYD,BYD Sealion 6,2025,45617.61035399789,27175.0,New,Sihanoukville,Black,18.3,80-100 PHEV,145,8.5,Private,GB-T/CCS2,25-03-2023,Synthetic (New Formula)
BYD,BYD Atto 2,2022,24522.306765231773,12912.0,Excellent,Sihanoukville,Grey,45.1,312-401,130,7.9,Dealer,GB-T/CCS2,8/2/2025,Synthetic (New Formula)
VinFast,VinFast VF 8,2021,43553.15075055043,11984.0,Excellent,Siem Reap,White,82/87.5,420-500,150,5.5,Private,GB-T/CCS2,21-07-2022,Synthetic (New Formula)
Kia,Kia EV5,2024,39403.12782126825,42269.0,New,Phnom Penh,Black,64.2/88,400-600,160,7.5,Private,GB-T/CCS2,11/11/2024,Synthetic (New Formula)
AITO,AITO M5,2023,45745.631550256374,11664.0,Like New,Kep,Cosmos Black,40,200 PHEV,200,4.8,Dealer,GB-T/CCS2,10/12/2022,Synthetic (New Formula)
Zeekr,Zeekr 007,2024,59311.24232155731,1846.0,Excellent,Phnom Penh,Blue,75/100,530-688,310,3.5,Dealer,GB-T/CCS2,16-12-2024,Synthetic (New Formula)
Toyota,Toyota bZ4X,2025,45107.80254703239,20196.0,New,Siem Reap,Grey,71.4,500,150,7.1,Authorized Dealer,GB-T/CCS2,21-01-2025,Synthetic (New Formula)
BYD,BYD Dolphin,2023,28563.01044138231,37398.0,New,Kratie,Blue,44.9/60.5,310-420,70,7.5,Dealer,GB-T/CCS2,17-04-2024,Synthetic (New Formula)
BYD,BYD Seal 5,2023,23057.643868980544,23575.0,Like New,Battambang,White,15.8,80 PHEV,110,7.9,Authorized Dealer,GB-T/CCS2,21-04-2025,Synthetic (New Formula)
Toyota,Toyota bZ4X,2021,47625.847004343,3316.0,Excellent,Phnom Penh,White,71.4,500,150,7.1,Authorized Dealer,GB-T/CCS2,22-10-2024,Synthetic (New Formula)
AITO,AITO M5,2022,52124.206851574054,39039.0,Excellent,Battambang,Grey,40,200 PHEV,200,4.8,Authorized Dealer,GB-T/CCS2,10/7/2025,Synthetic (New Formula)
Deepal,Deepal L07,2024,45173.7987943566,11648.0,Like New,Kratie,Black,31.6,200 PHEV,160,7.3,Authorized Dealer,GB-T/CCS2,5/5/2025,Synthetic (New Formula)
BYD,BYD Tang,2023,65127.5243354106,14922.0,Excellent,Battambang,White,86.4/108.8,400-530,180,4.6,Private,GB-T/CCS2,10/4/2025,Synthetic (New Formula)
Leapmotor,Leapmotor T03,2020,15222.45797075364,38988.0,New,Battambang,White,41.3,403,80,,Authorized Dealer,GB-T/CCS2,10/1/2024,Synthetic (New Formula)
MG,MG 5,2022,21800.87840828506,0.0,New,Battambang,Red,61.1,403,130,7.7,Private,GB-T/CCS2,13-05-2021,Synthetic (New Formula)
BYD,BYD Atto 3,2025,29419.801449154136,8640.0,Like New,Phnom Penh,White,50/60.5,340-420,150,7.3,Private,GB-T/CCS2,9/11/2024,Synthetic (New Formula)
BYD,BYD M9,2023,62866.421624673254,15330.0,New,Phnom Penh,Silver,52,180 PHEV,180,,Private,GB-T/CCS2,16-01-2025,Synthetic (New Formula)
BYD,BYD Seal,2024,37420.3262451416,14729.0,Like New,Sihanoukville,Grey,61.4/82.5,400-550,150,3.8,Private,GB-T/CCS2,18-02-2025,Synthetic (New Formula)
Deepal,Deepal S07,2024,51280.08990593116,1062.0,Excellent,Siem Reap,Black,31.6/80,200 PHEV,190,6.7,Authorized Dealer,GB-T/CCS2,14-02-2025,Synthetic (New Formula)
Deepal,Deepal L07,2023,45812.93348275258,26280.0,Good,Kampot,Green,31.6,200 PHEV,160,7.3,Private,GB-T/CCS2,3/3/2024,Synthetic (New Formula)
Avatr,Avatr 11,2022,78604.18816056765,42372.0,New,Battambang,White,90/116,555-700,230,3.9,Authorized Dealer,GB-T/CCS2,28-01-2024,Synthetic (New Formula)
AITO,AITO M5,2025,43201.055781735886,33139.0,Fair,Battambang,Grey,40,200 PHEV,200,4.8,Private,GB-T/CCS2,2/1/2025,Synthetic (New Formula)
BYD,BYD Han,2024,58228.4747679117,9666.0,Good,Kampot,White,76.9/85.4,500-610,180,3.9,Private,GB-T/CCS2,26-12-2020,Synthetic (New Formula)
Kia,Kia EV6,2020,56482.62999387088,20332.0,Excellent,Phnom Penh,White,77.4,484,168,7.1,Dealer,GB-T/CCS2,7/1/2025,Synthetic (New Formula)
BYD,BYD M9,2023,64407.53475581198,22097.0,Good,Phnom Penh,Black,52,180 PHEV,180,,Private,GB-T/CCS2,4/7/2025,Synthetic (New Formula)
BYD,BYD Han,2023,58287.31081076255,12195.0,New,Phnom Penh,White,76.9/85.4,500-610,180,3.9,Dealer,GB-T/CCS2,11/8/2025,Synthetic (New Formula)
Xiaomi,Xiaomi SU7,2025,73245.757331919,15330.0,Fair,Phnom Penh,Silver,73.6/94.3,495-830,220,5.3,Dealer,GB-T/CCS2,3/12/2024,Synthetic (New Formula)
Hyundai,Hyundai Ioniq 6,2024,54071.90679148171,4425.0,Excellent,Sihanoukville,Grey,53/77.4,429-614,151,8.1,Dealer,GB-T/CCS2,26-11-2022,Synthetic (New Formula)
Mercedes,Mercedes EQB,2021,65207.886719229384,14476.0,Good,Phnom Penh,Silver,66.5,419,168,8.0,Authorized Dealer,GB-T/CCS2,6/10/2024,Synthetic (New Formula)
Xiaomi,Xiaomi SU7,2024,77634.0322268285,2202.0,New,Phnom Penh,Silver,73.6/94.3,495-830,220,5.3,Dealer,GB-T/CCS2,3/12/2024,Synthetic (New Formula)
VinFast,VinFast VF 8,2025,41974.18270221487,11984.0,Excellent,Phnom Penh,White,82/87.5,420-500,150,5.5,Private,GB-T/CCS2,13-07-2024,Synthetic (New Formula)
AITO,AITO M5,2024,43219.50534831442,4170.0,Like New,Siem Reap,White,40,200 PHEV,200,4.8,Authorized Dealer,GB-T/CCS2,11/2/2023,Synthetic (New Formula)
Kia,Kia EV6,2024,49203.10252984268,17323.0,Good,Phnom Penh,White,77.4,484,168,7.1,Authorized Dealer,GB-T/CCS2,25-10-2024,Synthetic (New Formula)
BYD,BYD Han,2024,55891.052233291724,0.0,Excellent,Phnom Penh,White,76.9/85.4,500-610,180,3.9,Dealer,GB-T/CCS2,12/5/2024,Synthetic (New Formula)
Avatr,Avatr 12,2025,68121.5451754616,39732.0,New,Phnom Penh,Silver,94.5,650,230,3.9,Dealer,GB-T/CCS2,14-07-2025,Synthetic (New Formula)
Avatr,Avatr 07,2025,50141.96074763839,35800.0,Like New,Preah Vihear,Black,62.2/100.5,420-621,190,4.9,Authorized Dealer,GB-T/CCS2,21-12-2024,Synthetic (New Formula)
BYD,BYD Seal,2022,36425.82076344162,14476.0,Excellent,Phnom Penh,Blue,61.4/82.5,400-550,150,3.8,Private,GB-T/CCS2,20-12-2022,Synthetic (New Formula)
BYD,BYD Sealion 6,2025,45720.472343016045,28730.0,New,Phnom Penh,Black,18.3,80-100 PHEV,145,8.5,Authorized Dealer,GB-T/CCS2,7/2/2024,Synthetic (New Formula)
MG,MG ZS EV,2024,27697.225429118953,8998.0,New,Phnom Penh,Silver,50.3/72.6,320-440,115,8.6,Private,GB-T/CCS2,10/5/2025,Synthetic (New Formula)
VinFast,VinFast VF 6,2023,27694.07176814162,22770.0,Excellent,Kampong Cham,White,59.6,399,110,,Dealer,GB-T/CCS2,17-05-2024,Synthetic (New Formula)
MG,MG 4 EV,2023,25219.34636451638,11964.0,Like New,Phnom Penh,Grey,51/64/77,350-520,125,7.7,Dealer,GB-T/CCS2,28-08-2022,Synthetic (New Formula)
Tesla,Tesla Model 3,2023,50668.259860771184,20482.0,Fair,Phnom Penh,Silver,60/82,430-576,208,6.1,Private,GB-T/CCS2,22-06-2020,Synthetic (New Formula)
BMW,BMW iX1,2023,60426.48823775589,28890.0,Like New,Siem Reap,White,64.7,417,150,8.6,Authorized Dealer,GB-T/CCS2,22-08-2023,Synthetic (New Formula)
Kia,Kia EV9,2025,78638.1028278504,45068.0,New,Phnom Penh,Cosmos Black,99.8,541,283,5.3,Dealer,GB-T/CCS2,15-08-2024,Synthetic (New Formula)
BYD,BYD Tang,2021,69024.07753943546,29880.0,New,Battambang,Black,86.4/108.8,400-530,180,4.6,Authorized Dealer,GB-T/CCS2,23-07-2025,Synthetic (New Formula)
AITO,AITO M7,2024,61060.70765395936,38760.0,New,Siem Reap,Grey,40,200 PHEV,330,4.8,Private,GB-T/CCS2,10/10/2023,Synthetic (New Formula)
Kia,Kia EV9,2023,80150.92758859106,33263.0,Like New,Sihanoukville,White,99.8,541,283,5.3,Dealer,GB-T/CCS2,28-12-2023,Synthetic (New Formula)
AION,AION ES,2025,31718.04042575259,39558.0,Good,Siem Reap,Silver,55.6,410,150,7.5,Authorized Dealer,GB-T/CCS2,14-08-2025,Synthetic (New Formula)
BYD,BYD Sealion 6,2024,42224.904443810454,0.0,Good,Phnom Penh,Black,18.3,80-100 PHEV,145,8.5,Authorized Dealer,GB-T/CCS2,27-08-2024,Synthetic (New Formula)
VinFast,VinFast VF 9,2025,60265.07768379206,8736.0,Good,Siem Reap,Black,123,438,300,6.5,Private,GB-T/CCS2,21-07-2024,Synthetic (New Formula)
AITO,AITO M5,2022,46680.7994638331,9666.0,Excellent,Phnom Penh,Red,40,200 PHEV,200,4.8,Authorized Dealer,GB-T/CCS2,2/9/2022,Synthetic (New Formula)
Tesla,Tesla Model Y,2022,56007.830373279,0.0,Good,Battambang,Silver,60/75/82,430-600,220,6.9,Dealer,GB-T/CCS2,15-04-2023,Synthetic (New Formula)
Zeekr,Zeekr 001,2025,73352.17066033802,29682.0,Excellent,Kampot,White,86/100,560-620,200,3.3,Dealer,GB-T/CCS2,15-02-2025,Synthetic (New Formula)
BYD,BYD Sealion 7,2024,46026.44242370974,59940.0,New,Phnom Penh,Blue,71.8/91.3,460-567,230,4.5,Authorized Dealer,GB-T/CCS2,11/8/2025,Synthetic (New Formula)
Zeekr,Zeekr 001,2024,77138.45620852258,43475.0,Fair,Phnom Penh,Black,86/100,560-620,200,3.3,Authorized Dealer,GB-T/CCS2,3/10/2025,Synthetic (New Formula)
Kia,Kia EV5,2025,39677.869505529736,32032.0,Excellent,Preah Vihear,Grey,64.2/88,400-600,160,7.5,Dealer,GB-T/CCS2,12/3/2023,Synthetic (New Formula)
BYD,BYD Tang,2024,61593.43898144078,0.0,New,Phnom Penh,Black,86.4/108.8,400-530,180,4.6,Authorized Dealer,GB-T/CCS2,23-10-2020,Synthetic (New Formula)
Toyota,Toyota bZ4X,2021,49182.46389350286,11664.0,Like New,Phnom Penh,Blue,71.4,500,150,7.1,Private,GB-T/CCS2,18-09-2025,Synthetic (New Formula)
Leapmotor,Leapmotor T03,2025,12996.515646075324,39732.0,New,Siem Reap,Grey,41.3,403,80,,Authorized Dealer,GB-T/CCS2,1/8/2022,Synthetic (New Formula)
Toyota,Toyota bZ4X,2024,43540.39372862898,0.0,Excellent,Siem Reap,Grey,71.4,500,150,7.1,Authorized Dealer,GB-T/CCS2,21-01-2025,Synthetic (New Formula)
Mercedes,Mercedes EQB,2022,66976.81518049279,10197.0,Like New,Phnom Penh,Blue,66.5,419,168,8.0,Dealer,GB-T/CCS2,14-05-2025,Synthetic (New Formula)
MG,MG 4 EV,2024,24228.736596564882,3300.0,Like New,Siem Reap,Silver,51/64/77,350-520,125,7.7,Authorized Dealer,GB-T/CCS2,3/5/2022,Synthetic (New Formula)
BYD,BYD Seal,2024,38611.8205848428,22480.0,Like New,Sihanoukville,Grey,61.4/82.5,400-550,150,3.8,Private,GB-T/CCS2,18-02-2025,Synthetic (New Formula)
XPeng,XPeng G6,2023,46534.35739134707,24248.0,New,Kampot,Blue,66/87.5,435-570,190,6.2,Dealer,GB-T/CCS2,13-04-2024,Synthetic (New Formula)
Avatr,Avatr 07,2025,43875.040699946025,4230.0,New,Phnom Penh,Cosmos Black,62.2/100.5,420-621,190,4.9,Dealer,GB-T/CCS2,2/6/2024,Synthetic (New Formula)
Mercedes,Mercedes EQB,2025,65934.73098844435,37296.0,Good,Phnom Penh,Silver,66.5,419,168,8.0,Authorized Dealer,GB-T/CCS2,24-01-2023,Synthetic (New Formula)
MG,MG 5,2025,23275.255686363682,43989.0,New,Siem Reap,Blue,61.1,403,130,7.7,Dealer,GB-T/CCS2,6/2/2024,Synthetic (New Formula)
AITO,AITO M5,2025,43605.116152838826,11718.0,Good,Phnom Penh,Red,40,200 PHEV,200,4.8,Authorized Dealer,GB-T/CCS2,13-01-2024,Synthetic (New Formula)
Leapmotor,Leapmotor T03,2024,12767.152246271091,7504.0,Like New,Siem Reap,Grey,41.3,403,80,,Authorized Dealer,GB-T/CCS2,1/8/2022,Synthetic (New Formula)
AITO,AITO M7,2024,57461.10500361263,10881.0,Like New,Battambang,Grey,40,200 PHEV,330,4.8,Dealer,GB-T/CCS2,18-01-2025,Synthetic (New Formula)
Kia,Kia EV6,2024,47115.17550678575,960.0,Excellent,Phnom Penh,White,77.4,484,168,7.1,Private,GB-T/CCS2,18-02-2023,Synthetic (New Formula)
Toyota,Toyota bZ4X,2025,45491.382310739384,13787.0,New,Sihanoukville,Black,71.4,500,150,7.1,Authorized Dealer,GB-T/CCS2,11/3/2022,Synthetic (New Formula)
Zeekr,Zeekr X,2025,52169.804964303345,5316.0,Good,Phnom Penh,Red,66,440,200,5.6,Authorized Dealer,GB-T/CCS2,2/6/2023,Synthetic (New Formula)
BYD,BYD Tang,2024,63238.927015575,14476.0,Fair,Sihanoukville,Silver,86.4/108.8,400-530,180,4.6,Authorized Dealer,GB-T/CCS2,5/5/2021,Synthetic (New Formula)
BYD,BYD Atto 3,2025,29420.594134944153,22770.0,Like New,Siem Reap,White,50/60.5,340-420,150,7.3,Dealer,GB-T/CCS2,24-01-2025,Synthetic (New Formula)
Tesla,Tesla Model Y,2025,58666.696469120616,15521.0,Fair,Siem Reap,Red,60/75/82,430-600,220,6.9,Authorized Dealer,GB-T/CCS2,8/4/2021,Synthetic (New Formula)
Kia,Kia EV6,2025,50005.145449656215,26625.0,Good,Phnom Penh,Grey,77.4,484,168,7.1,Authorized Dealer,GB-T/CCS2,19-03-2022,Synthetic (New Formula)
BMW,BMW iX1,2025,61938.68877068666,59472.0,New,Siem Reap,Black,64.7,417,150,8.6,Authorized Dealer,GB-T/CCS2,14-05-2023,Synthetic (New Formula)
Tesla,Tesla Model Y,2025,59348.58990042599,26992.0,Excellent,Siem Reap,Red,60/75/82,430-600,220,6.9,Authorized Dealer,GB-T/CCS2,8/4/2021,Synthetic (New Formula)
VinFast,VinFast VF 8,2025,46693.26813591957,34304.0,Excellent,Phnom Penh,White,82/87.5,420-500,150,5.5,Authorized Dealer,GB-T/CCS2,15-12-2022,Synthetic (New Formula)
MG,MG 5,2025,22706.530452765433,52871.0,Good,Battambang,Red,61.1,403,130,7.7,Private,GB-T/CCS2,13-05-2021,Synthetic (New Formula)
MG,MG 4 EV,2024,25870.714305026613,8630.0,Good,Phnom Penh,White,51/64/77,350-520,125,7.7,Dealer,GB-T/CCS2,27-07-2024,Synthetic (New Formula)
Xiaomi,Xiaomi SU7,2021,81731.27315347998,30740.0,New,Phnom Penh,Black,73.6/94.3,495-830,220,5.3,Private,GB-T/CCS2,3/6/2024,Synthetic (New Formula)
BMW,BMW iX1,2021,63405.86152990684,27175.0,New,Sihanoukville,Silver,64.7,417,150,8.6,Authorized Dealer,GB-T/CCS2,12/4/2024,Synthetic (New Formula)
AITO,AITO M7,2024,60316.38569562978,7434.0,New,Kampong Cham,Grey,40,200 PHEV,330,4.8,Dealer,GB-T/CCS2,20-08-2022,Synthetic (New Formula)
Nissan,Nissan Leaf,2024,30262.733775522098,26900.0,Fair,Phnom Penh,White,40/62,240-385,110,7.0,Authorized Dealer,GB-T/CCS2,22-08-2022,Synthetic (New Formula)
MG,MG 5,2022,22335.123389818564,3376.0,Excellent,Siem Reap,Blue,61.1,403,130,7.7,Dealer,GB-T/CCS2,6/2/2024,Synthetic (New Formula)
Mercedes,Mercedes EQB,2025,64744.72336630669,29841.0,Good,Phnom Penh,Silver,66.5,419,168,8.0,Authorized Dealer,GB-T/CCS2,24-01-2023,Synthetic (New Formula)
AION,AION ES,2024,29445.311507976912,0.0,Excellent,Phnom Penh,Silver,55.6,410,150,7.5,Authorized Dealer,GB-T/CCS2,24-03-2024,Synthetic (New Formula)
AION,AION Y Plus,2022,35123.81230293652,9900.0,Like New,Phnom Penh,Black,51.9/63.9,410-510,150,7.8,Private,GB-T/CCS2,4/4/2025,Synthetic (New Formula)
Tesla,Tesla Model Y,2023,63702.01079384549,45068.0,Good,Phnom Penh,White,60/75/82,430-600,220,6.9,Dealer,GB-T/CCS2,16-11-2024,Synthetic (New Formula)
Zeekr,Zeekr 007,2022,65374.879385244414,14196.0,Excellent,Phnom Penh,Blue,75/100,530-688,310,3.5,Dealer,GB-T/CCS2,16-12-2024,Synthetic (New Formula)
Zeekr,Zeekr 001,2024,81401.95258445342,50820.0,Like New,Phnom Penh,Black,86/100,560-620,200,3.3,Authorized Dealer,GB-T/CCS2,3/10/2025,Synthetic (New Formula)
AION,AION V,2024,38840.85966851441,11964.0,New,Phnom Penh,Silver,68.8/80,480-610,165,7.1,Dealer,GB-T/CCS2,7/6/2024,Synthetic (New Formula)
BYD,BYD Dolphin,2023,28827.501457086062,63056.0,New,Sihanoukville,Black,44.9/60.5,310-420,70,7.5,Authorized Dealer,GB-T/CCS2,3/4/2023,Synthetic (New Formula)
AION,AION V,2025,39711.45930863835,35938.0,New,Phnom Penh,Silver,68.8/80,480-610,165,7.1,Dealer,GB-T/CCS2,7/6/2024,Synthetic (New Formula)
AITO,AITO M7,2022,63756.68507435233,26675.0,New,Siem Reap,White,40,200 PHEV,330,4.8,Private,GB-T/CCS2,11/1/2023,Synthetic (New Formula)
BYD,BYD Sealion 6,2020,51691.618689655654,25885.0,Fair,Phnom Penh,Black,18.3,80-100 PHEV,145,8.5,Authorized Dealer,GB-T/CCS2,28-09-2025,Synthetic (New Formula)
Tesla,Tesla Model 3,2025,44942.66532806939,4680.0,Excellent,Phnom Penh,White,60/82,430-576,208,6.1,Private,GB-T/CCS2,9/12/2020,Synthetic (New Formula)
BYD,BYD Dolphin,2020,29276.380307099473,20957.0,New,Phnom Penh,Silver,44.9/60.5,310-420,70,7.5,Authorized Dealer,GB-T/CCS2,21-05-2022,Synthetic (New Formula)
BYD,BYD Sealion 7,2023,41647.34494075037,0.0,New,Siem Reap,Green,71.8/91.3,460-567,230,4.5,Authorized Dealer,GB-T/CCS2,25-09-2024,Synthetic (New Formula)
AITO,AITO M7,2025,57565.59541934347,11304.0,Excellent,Phnom Penh,White,40,200 PHEV,330,4.8,Authorized Dealer,GB-T/CCS2,5/2/2022,Synthetic (New Formula)
Zeekr,Zeekr X,2025,55579.5138406246,28440.0,Like New,Phnom Penh,Red,66,440,200,5.6,Authorized Dealer,GB-T/CCS2,11/12/2023,Synthetic (New Formula)
BYD,BYD M9,2020,66115.47649103015,3704.0,Like New,Phnom Penh,Blue,52,180 PHEV,180,,Authorized Dealer,GB-T/CCS2,11/4/2025,Synthetic (New Formula)
BYD,BYD M9,2024,62048.13564573971,17816.0,Excellent,Phnom Penh,Black,52,180 PHEV,180,,Private,GB-T/CCS2,4/7/2025,Synthetic (New Formula)
Arcfox,Arcfox Koala S,2022,33541.55352615623,54510.0,Excellent,Phnom Penh,Silver,42.8,301,120,8.5,Dealer,GB-T/CCS2,16-08-2025,Synthetic (New Formula)
AION,AION Y Plus,2024,36495.33469318946,44935.0,Excellent,Phnom Penh,Blue,51.9/63.9,410-510,150,7.8,Authorized Dealer,GB-T/CCS2,24-04-2024,Synthetic (New Formula)
BYD,BYD Dolphin,2023,25513.73735269395,12480.0,New,Phnom Penh,Silver,44.9/60.5,310-420,70,7.5,Dealer,GB-T/CCS2,3/5/2025,Synthetic (New Formula)
BYD,BYD Sealion 6,2025,47639.09944226743,37296.0,Good,Phnom Penh,Silver,18.3,80-100 PHEV,145,8.5,Dealer,GB-T/CCS2,5/9/2023,Synthetic (New Formula)
BYD,BYD Atto 3,2023,31930.80567353543,28106.0,New,Battambang,White,50/60.5,340-420,150,7.3,Authorized Dealer,GB-T/CCS2,8/5/2024,Synthetic (New Formula)
Kia,Kia EV6,2024,48109.93364546825,14882.0,New,Phnom Penh,Grey,77.4,484,168,7.1,Authorized Dealer,GB-T/CCS2,19-03-2022,Synthetic (New Formula)
Kia,Kia EV5,2021,39450.10058970311,12265.0,Good,Phnom Penh,Silver,64.2/88,400-600,160,7.5,Dealer,GB-T/CCS2,28-06-2023,Synthetic (New Formula)
Hyundai,Hyundai Ioniq 5,2022,43212.241370265576,0.0,Fair,Sihanoukville,White,58/72.6,354-488,125,7.4,Authorized Dealer,GB-T/CCS2,8/5/2025,Synthetic (New Formula)
Tesla,Tesla Model 3,2023,44460.18319330078,0.0,Excellent,Battambang,Grey,60/82,430-576,208,6.1,Authorized Dealer,GB-T/CCS2,19-10-2022,Synthetic (New Formula)
BYD,BYD Tang,2023,65135.81334463975,1185.0,Like New,Battambang,White,86.4/108.8,400-530,180,4.6,Private,GB-T/CCS2,10/4/2025,Synthetic (New Formula)
MG,MG 5,2024,23331.452479455384,30996.0,New,Battambang,Red,61.1,403,130,7.7,Private,GB-T/CCS2,13-05-2021,Synthetic (New Formula)
Xiaomi,Xiaomi SU7,2023,85341.8827313014,59472.0,Excellent,Phnom Penh,Silver,73.6/94.3,495-830,220,5.3,Dealer,GB-T/CCS2,3/12/2024,Synthetic (New Formula)
Leapmotor,Leapmotor T03,2022,13830.184176262088,1033.0,Like New,Battambang,Blue,41.3,403,80,,Authorized Dealer,GB-T/CCS2,11/4/2024,Synthetic (New Formula)
Zeekr,Zeekr 001,2022,85800.79425718711,46942.0,New,Phnom Penh,White,86/100,560-620,200,3.3,Private,GB-T/CCS2,19-01-2024,Synthetic (New Formula)
Avatr,Avatr 11,2024,65108.59031587134,0.0,New,Phnom Penh,Red,90/116,555-700,230,3.9,Authorized Dealer,GB-T/CCS2,19-07-2024,Synthetic (New Formula)
BYD,BYD Seal,2024,41175.146272963444,43512.0,Like New,Sihanoukville,White,61.4/82.5,400-550,150,3.8,Dealer,GB-T/CCS2,2/11/2023,Synthetic (New Formula)
BYD,BYD Sealion 6,2022,46552.426443957214,5535.0,Good,Phnom Penh,Black,18.3,80-100 PHEV,145,8.5,Authorized Dealer,GB-T/CCS2,27-08-2024,Synthetic (New Formula)
BYD,BYD Atto 3,2025,28127.940381652606,0.0,Excellent,Kampong Cham,Silver,50/60.5,340-420,150,7.3,Dealer,GB-T/CCS2,13-10-2023,Synthetic (New Formula)
Tesla,Tesla Model 3,2024,44970.69876812638,8272.0,Good,Battambang,Grey,60/82,430-576,208,6.1,Authorized Dealer,GB-T/CCS2,19-10-2022,Synthetic (New Formula)
Mercedes,Mercedes EQB,2025,71760.77755486239,56880.0,Good,Phnom Penh,White,66.5,419,168,8.0,Authorized Dealer,GB-T/CCS2,11/12/2021,Synthetic (New Formula)
BYD,BYD Seal,2025,38408.25971273358,37398.0,Like New,Sihanoukville,White,61.4/82.5,400-550,150,3.8,Dealer,GB-T/CCS2,2/11/2023,Synthetic (New Formula)
BYD,BYD Han,2022,62830.70414101957,14926.0,Excellent,Kampot,White,76.9/85.4,500-610,180,3.9,Private,GB-T/CCS2,26-12-2020,Synthetic (New Formula)
AITO,AITO M5,2022,49824.057672741896,38991.0,Excellent,Battambang,White,40,200 PHEV,200,4.8,Authorized Dealer,GB-T/CCS2,11/11/2023,Synthetic (New Formula)
Zeekr,Zeekr 007,2024,68222.82363920203,35039.0,Excellent,Preah Vihear,Grey,75/100,530-688,310,3.5,Authorized Dealer,GB-T/CCS2,16-09-2024,Synthetic (New Formula)
Zeekr,Zeekr 001,2025,71619.11437120035,12480.0,New,Battambang,Silver,86/100,560-620,200,3.3,Authorized Dealer,GB-T/CCS2,18-03-2022,Synthetic (New Formula)
Toyota,Toyota bZ4X,2022,44674.76634889643,0.0,New,Siem Reap,Grey,71.4,500,150,7.1,Authorized Dealer,GB-T/CCS2,21-01-2025,Synthetic (New Formula)
BYD,BYD Dolphin,2023,24868.97416141868,11154.0,Excellent,Phnom Penh,Silver,44.9/60.5,310-420,70,7.5,Authorized Dealer,GB-T/CCS2,21-05-2022,Synthetic (New Formula)
MG,MG ZS EV,2025,29432.24933615539,25146.0,Like New,Phnom Penh,White,50.3/72.6,320-440,115,8.6,Private,GB-T/CCS2,10/1/2025,Synthetic (New Formula)
Hyundai,Hyundai Ioniq 5,2024,40719.765129411615,21720.0,New,Phnom Penh,Black,58/72.6,354-488,125,7.4,Dealer,GB-T/CCS2,24-07-2023,Synthetic (New Formula)
Kia,Kia EV5,2024,36822.91056717311,20540.0,Excellent,Phnom Penh,Silver,64.2/88,400-600,160,7.5,Dealer,GB-T/CCS2,28-06-2023,Synthetic (New Formula)
Denza,Denza D9,2020,90277.89912076568,18432.0,Excellent,Phnom Penh,Grey,103,600,230,6.9,Private,GB-T/CCS2,28-10-2022,Synthetic (New Formula)
Tesla,Tesla Model Y,2022,67456.97570177336,32032.0,New,Phnom Penh,White,60/75/82,430-600,220,6.9,Authorized Dealer,GB-T/CCS2,24-01-2025,Synthetic (New Formula)
Zeekr,Zeekr 007,2025,60900.85259707839,14008.0,Excellent,Phnom Penh,Blue,75/100,530-688,310,3.5,Dealer,GB-T/CCS2,16-12-2024,Synthetic (New Formula)
AITO,AITO M7,2024,62553.6804515906,33694.0,Like New,Sihanoukville,Silver,40,200 PHEV,330,4.8,Authorized Dealer,GB-T/CCS2,17-07-2023,Synthetic (New Formula)
Tesla,Tesla Model 3,2022,47475.1362552432,9666.0,New,Battambang,Grey,60/82,430-576,208,6.1,Dealer,GB-T/CCS2,20-08-2025,Synthetic (New Formula)
AITO,AITO M5,2021,51540.39505016633,31745.0,Like New,Phnom Penh,Black,40,200 PHEV,200,4.8,Private,GB-T/CCS2,17-04-2025,Synthetic (New Formula)
BMW,BMW iX1,2024,57277.898791179505,8998.0,Fair,Siem Reap,Grey,64.7,417,150,8.6,Dealer,GB-T/CCS2,19-10-2024,Synthetic (New Formula)
Deepal,Deepal S07,2025,53200.58677667783,31426.0,Like New,Phnom Penh,Silver,31.6/80,200 PHEV,190,6.7,Private,GB-T/CCS2,20-06-2024,Synthetic (New Formula)
AION,AION Y Plus,2025,34681.33994066009,14922.0,New,Phnom Penh,Silver,51.9/63.9,410-510,150,7.8,Authorized Dealer,GB-T/CCS2,2/1/2025,Synthetic (New Formula)
BMW,BMW iX1,2021,57910.66281029795,8760.0,Like New,Phnom Penh,Red,64.7,417,150,8.6,Dealer,GB-T/CCS2,4/12/2022,Synthetic (New Formula)
Avatr,Avatr 11,2025,69772.49644631671,30336.0,New,Sihanoukville,Green,90/116,555-700,230,3.9,Dealer,GB-T/CCS2,4/11/2022,Synthetic (New Formula)
Kia,Kia EV9,2022,83497.99554070928,12950.0,Excellent,Phnom Penh,Silver,99.8,541,283,5.3,Private,GB-T/CCS2,26-02-2024,Synthetic (New Formula)
VinFast,VinFast VF 9,2025,65092.750736063164,3316.0,Excellent,Phnom Penh,Silver,123,438,300,6.5,Authorized Dealer,GB-T/CCS2,18-05-2022,Synthetic (New Formula)
VinFast,VinFast VF 9,2021,75942.58162519026,17238.0,Fair,Kampong Cham,White,123,438,300,6.5,Authorized Dealer,GB-T/CCS2,17-11-2022,Synthetic (New Formula)
Mercedes,Mercedes EQB,2023,68276.99887852346,37128.0,Good,Kampot,White,66.5,419,168,8.0,Dealer,GB-T/CCS2,28-08-2025,Synthetic (New Formula)
Nissan,Nissan Leaf,2023,29163.24102102496,29400.0,Good,Phnom Penh,Red,40/62,240-385,110,7.0,Dealer,GB-T/CCS2,15-07-2025,Synthetic (New Formula)
MG,MG ZS EV,2025,26562.999362273134,4250.0,Fair,Phnom Penh,White,50.3/72.6,320-440,115,8.6,Private,GB-T/CCS2,21-01-2022,Synthetic (New Formula)
AION,AION ES,2024,32295.25858562602,29316.0,New,Phnom Penh,White,55.6,410,150,7.5,Dealer,GB-T/CCS2,16-02-2025,Synthetic (New Formula)
Denza,Denza D9,2022,83583.97646702644,1033.0,Like New,Phnom Penh,Cosmos Black,103,600,230,6.9,Authorized Dealer,GB-T/CCS2,10/4/2023,Synthetic (New Formula)
Tesla,Tesla Model Y,2023,60048.14048939132,14235.0,New,Phnom Penh,Cosmos Black,60/75/82,430-600,220,6.9,Authorized Dealer,GB-T/CCS2,2/1/2023,Synthetic (New Formula)
VinFast,VinFast VF 8,2021,46817.44515623905,35938.0,New,Phnom Penh,Red,82/87.5,420-500,150,5.5,Authorized Dealer,GB-T/CCS2,22-10-2022,Synthetic (New Formula)
Tesla,Tesla Model Y,2024,63931.73893972156,34340.0,New,Phnom Penh,Silver,60/75/82,430-600,220,6.9,Authorized Dealer,GB-T/CCS2,10/10/2023,Synthetic (New Formula)
VinFast,VinFast VF 9,2024,62293.11586490548,0.0,Good,Kampong Cham,Silver,123,438,300,6.5,Private,GB-T/CCS2,6/10/2024,Synthetic (New Formula)
VinFast,VinFast VF 6,2023,26834.637937632244,11412.0,Like New,Kampong Cham,White,59.6,399,110,,Dealer,GB-T/CCS2,17-05-2024,Synthetic (New Formula)
Avatr,Avatr 12,2025,72200.40528481826,39732.0,New,Phnom Penh,Silver,94.5,650,230,3.9,Dealer,GB-T/CCS2,14-07-2025,Synthetic (New Formula)
AION,AION Y Plus,2022,36470.019744074474,17824.0,Excellent,Phnom Penh,Blue,51.9/63.9,410-510,150,7.8,Private,GB-T/CCS2,9/7/2024,Synthetic (New Formula)
AITO,AITO M5,2024,45102.91041934524,1062.0,Excellent,Siem Reap,White,40,200 PHEV,200,4.8,Authorized Dealer,GB-T/CCS2,11/2/2023,Synthetic (New Formula)
MG,MG 5,2025,21419.31468444025,16928.0,Excellent,Sihanoukville,Silver,61.1,403,130,7.7,Authorized Dealer,GB-T/CCS2,22-03-2020,Synthetic (New Formula)
Tesla,Tesla Model Y,2022,58556.63151149735,11664.0,New,Phnom Penh,White,60/75/82,430-600,220,6.9,Private,GB-T/CCS2,14-05-2022,Synthetic (New Formula)
AITO,AITO M5,2022,47933.29311436824,20196.0,New,Kampong Cham,Black,40,200 PHEV,200,4.8,Private,GB-T/CCS2,10/3/2022,Synthetic (New Formula)
BYD,BYD Sealion 7,2022,40692.92120825371,0.0,Good,Battambang,Black,71.8/91.3,460-567,230,4.5,Private,GB-T/CCS2,24-06-2024,Synthetic (New Formula)
Tesla,Tesla Model 3,2021,53214.35814720416,56880.0,Excellent,Phnom Penh,Silver,60/82,430-576,208,6.1,Private,GB-T/CCS2,22-06-2020,Synthetic (New Formula)
Denza,Denza D9,2025,82691.44032253316,2238.0,New,Phnom Penh,Silver,103,600,230,6.9,Authorized Dealer,GB-T/CCS2,18-10-2023,Synthetic (New Formula)
MG,MG ZS EV,2025,28485.851868439226,16966.0,Good,Phnom Penh,Silver,50.3/72.6,320-440,115,8.6,Private,GB-T/CCS2,10/5/2025,Synthetic (New Formula)
Toyota,Toyota bZ5,2022,41283.17410139108,9207.0,Excellent,Kep,White,71.2,630,180,6.8,Private,GB-T/CCS2,27-07-2025,Synthetic (New Formula)
Denza,Denza D9,2024,87524.68333860075,41750.0,New,Phnom Penh,Blue,103,600,230,6.9,Dealer,GB-T/CCS2,8/10/2024,Synthetic (New Formula)
MG,MG 4 EV,2023,25684.06868016746,9031.0,New,Siem Reap,Silver,51/64/77,350-520,125,7.7,Dealer,GB-T/CCS2,15-07-2023,Synthetic (New Formula)
VinFast,VinFast VF 9,2022,73036.59277097667,18432.0,New,Phnom Penh,White,123,438,300,6.5,Authorized Dealer,GB-T/CCS2,12/8/2022,Synthetic (New Formula)
Hyundai,Hyundai Ioniq 6,2024,51729.997648388184,1766.0,Like New,Phnom Penh,Red,53/77.4,429-614,151,8.1,Dealer,GB-T/CCS2,23-02-2023,Synthetic (New Formula)
Hyundai,Hyundai Ioniq 6,2023,53677.11622524085,871.0,New,Phnom Penh,Red,53/77.4,429-614,151,8.1,Dealer,GB-T/CCS2,23-02-2023,Synthetic (New Formula)
Tesla,Tesla Model Y,2022,59673.479695044225,1100.0,New,Phnom Penh,White,60/75/82,430-600,220,6.9,Authorized Dealer,GB-T/CCS2,14-08-2024,Synthetic (New Formula)
XPeng,XPeng G6,2021,47149.407206683005,3408.0,Like New,Phnom Penh,Blue,66/87.5,435-570,190,6.2,Dealer,GB-T/CCS2,25-09-2023,Synthetic (New Formula)
XPeng,XPeng G6,2020,47929.35557574278,10538.0,Good,Phnom Penh,Grey,66/87.5,435-570,190,6.2,Authorized Dealer,GB-T/CCS2,21-06-2023,Synthetic (New Formula)
Hyundai,Hyundai Ioniq 5,2025,38637.04026121705,0.0,Like New,Phnom Penh,White,58/72.6,354-488,125,7.4,Authorized Dealer,GB-T/CCS2,25-08-2022,Synthetic (New Formula)
AITO,AITO M7,2022,63757.20689679408,33136.0,Like New,Phnom Penh,Grey,40,200 PHEV,330,4.8,Dealer,GB-T/CCS2,18-04-2024,Synthetic (New Formula)
MG,MG 5,2024,23602.594248872887,42269.0,New,Siem Reap,Blue,61.1,403,130,7.7,Dealer,GB-T/CCS2,6/2/2024,Synthetic (New Formula)
Toyota,Toyota bZ5,2025,37076.72647215262,12446.0,Fair,Kep,White,71.2,630,180,6.8,Private,GB-T/CCS2,27-07-2025,Synthetic (New Formula)
BYD,BYD Sealion 7,2023,41761.29114235351,4230.0,Excellent,Phnom Penh,Blue,71.8/91.3,460-567,230,4.5,Authorized Dealer,GB-T/CCS2,11/8/2025,Synthetic (New Formula)
Zeekr,Zeekr 001,2022,83011.7888736197,44935.0,Good,Sihanoukville,Blue,86/100,560-620,200,3.3,Private,GB-T/CCS2,11/8/2023,Synthetic (New Formula)
MG,MG 5,2023,22586.831197945852,40330.0,Fair,Phnom Penh,Blue,61.1,403,130,7.7,Authorized Dealer,GB-T/CCS2,2/2/2021,Synthetic (New Formula)
Hyundai,Hyundai Ioniq 6,2025,53802.97539204653,35800.0,Like New,Phnom Penh,Red,53/77.4,429-614,151,8.1,Dealer,GB-T/CCS2,23-02-2023,Synthetic (New Formula)
Zeekr,Zeekr 007,2023,74267.46531717197,56784.0,Excellent,Preah Vihear,Grey,75/100,530-688,310,3.5,Authorized Dealer,GB-T/CCS2,16-09-2024,Synthetic (New Formula)
BYD,BYD Seal 5,2023,22808.89004181839,15376.0,New,Preah Vihear,White,15.8,80 PHEV,110,7.9,Authorized Dealer,GB-T/CCS2,1/5/2024,Synthetic (New Formula)
BYD,BYD Sealion 7,2025,40988.14402811688,24248.0,Like New,Kampot,White,71.8/91.3,460-567,230,4.5,Private,GB-T/CCS2,15-02-2025,Synthetic (New Formula)
Deepal,Deepal S07,2024,52933.1272387098,14076.0,Excellent,Phnom Penh,White,31.6/80,200 PHEV,190,6.7,Private,GB-T/CCS2,18-05-2025,Synthetic (New Formula)
Tesla,Tesla Model Y,2024,64577.57502412287,36618.0,New,Siem Reap,White,60/75/82,430-600,220,6.9,Private,GB-T/CCS2,9/7/2023,Synthetic (New Formula)
BYD,BYD Seagull,2023,21917.121593728545,37653.0,Good,Battambang,Black,30/38.88,190-305,55,,Authorized Dealer,GB-T/CCS2,14-01-2025,Synthetic (New Formula)
BMW,BMW iX1,2025,61962.62323509307,56524.0,Excellent,Sihanoukville,Silver,64.7,417,150,8.6,Authorized Dealer,GB-T/CCS2,12/4/2024,Synthetic (New Formula)
Kia,Kia EV5,2022,37534.32254820076,17385.0,New,Phnom Penh,Black,64.2/88,400-600,160,7.5,Authorized Dealer,GB-T/CCS2,8/9/2023,Synthetic (New Formula)
XPeng,XPeng G6,2024,44207.82763706283,2202.0,New,Kep,White,66/87.5,435-570,190,6.2,Dealer,GB-T/CCS2,15-04-2025,Synthetic (New Formula)
MG,MG ZS EV,2024,28351.87986760549,3408.0,Like New,Phnom Penh,Silver,50.3/72.6,320-440,115,8.6,Private,GB-T/CCS2,10/5/2025,Synthetic (New Formula)
AITO,AITO M7,2022,59158.686520406874,0.0,Like New,Siem Reap,White,40,200 PHEV,330,4.8,Private,GB-T/CCS2,11/1/2023,Synthetic (New Formula)
Nissan,Nissan Leaf,2025,30648.94774724797,33490.0,New,Kep,Silver,40/62,240-385,110,7.0,Private,GB-T/CCS2,27-01-2021,Synthetic (New Formula)
VinFast,VinFast VF 9,2025,71634.33498166577,47300.0,Excellent,Kampong Cham,Silver,123,438,300,6.5,Private,GB-T/CCS2,6/10/2024,Synthetic (New Formula)
Kia,Kia EV5,2023,42804.25661841843,64206.0,Fair,Phnom Penh,Black,64.2/88,400-600,160,7.5,Private,GB-T/CCS2,11/11/2024,Synthetic (New Formula)
Kia,Kia EV5,2025,36697.32037048807,28650.0,Excellent,Kampot,Silver,64.2/88,400-600,160,7.5,Dealer,GB-T/CCS2,13-05-2024,Synthetic (New Formula)
Tesla,Tesla Model 3,2024,50929.45311355523,43734.0,Good,Siem Reap,White,60/82,430-576,208,6.1,Dealer,GB-T/CCS2,2/8/2023,Synthetic (New Formula)
Kia,Kia EV6,2023,50348.672754796244,0.0,New,Phnom Penh,Silver,77.4,484,168,7.1,Authorized Dealer,GB-T/CCS2,19-08-2025,Synthetic (New Formula)
Kia,Kia EV5,2023,36960.12171908107,24384.0,Excellent,Phnom Penh,Blue,64.2/88,400-600,160,7.5,Authorized Dealer,GB-T/CCS2,11/2/2024,Synthetic (New Formula)
VinFast,VinFast VF 8,2022,41311.39583898703,0.0,Like New,Phnom Penh,White,82/87.5,420-500,150,5.5,Private,GB-T/CCS2,13-07-2024,Synthetic (New Formula)
Deepal,Deepal L07,2023,50883.688159021614,22088.0,New,Siem Reap,Blue,31.6,200 PHEV,160,7.3,Dealer,GB-T/CCS2,25-09-2024,Synthetic (New Formula)
Xiaomi,Xiaomi SU7,2025,80774.81763683187,38064.0,New,Siem Reap,White,73.6/94.3,495-830,220,5.3,Dealer,GB-T/CCS2,13-09-2024,Synthetic (New Formula)
Deepal,Deepal S07,2025,53898.32263321621,54229.0,Fair,Phnom Penh,White,31.6/80,200 PHEV,190,6.7,Dealer,GB-T/CCS2,24-09-2024,Synthetic (New Formula)
Tesla,Tesla Model Y,2023,57074.688020236936,4132.0,Excellent,Siem Reap,Red,60/75/82,430-600,220,6.9,Authorized Dealer,GB-T/CCS2,8/4/2021,Synthetic (New Formula)
Avatr,Avatr 12,2023,67188.69683731787,18496.0,New,Phnom Penh,Silver,94.5,650,230,3.9,Dealer,GB-T/CCS2,14-07-2025,Synthetic (New Formula)
Zeekr,Zeekr 007,2021,64802.92632323315,1158.0,New,Phnom Penh,Blue,75/100,530-688,310,3.5,Dealer,GB-T/CCS2,16-12-2024,Synthetic (New Formula)
Hyundai,Hyundai Ioniq 5,2023,42015.93379898339,808.0,Excellent,Phnom Penh,Blue,58/72.6,354-488,125,7.4,Authorized Dealer,GB-T/CCS2,9/2/2025,Synthetic (New Formula)
AION,AION Y Plus,2020,40029.45795359824,26992.0,New,Phnom Penh,Black,51.9/63.9,410-510,150,7.8,Dealer,GB-T/CCS2,17-10-2024,Synthetic (New Formula)
Avatr,Avatr 12,2022,62104.8641479061,0.0,New,Phnom Penh,Silver,94.5,650,230,3.9,Dealer,GB-T/CCS2,14-07-2025,Synthetic (New Formula)
AITO,AITO M7,2022,66037.26004190343,55440.0,Like New,Kampong Cham,White,40,200 PHEV,330,4.8,Dealer,GB-T/CCS2,1/7/2025,Synthetic (New Formula)
BYD,BYD Seal,2022,42862.14521519254,55016.0,Like New,Phnom Penh,Green,61.4/82.5,400-550,150,3.8,Dealer,GB-T/CCS2,19-01-2024,Synthetic (New Formula)
BYD,BYD Han,2024,60944.807639782724,19171.0,New,Battambang,Silver,76.9/85.4,500-610,180,3.9,Dealer,GB-T/CCS2,1/3/2021,Synthetic (New Formula)
Avatr,Avatr 12,2024,64631.88438969517,13024.0,New,Phnom Penh,White,94.5,650,230,3.9,Authorized Dealer,GB-T/CCS2,1/1/2025,Synthetic (New Formula)
Hyundai,Hyundai Ioniq 5,2023,47883.97497097812,36642.0,Good,Kampong Cham,Blue,58/72.6,354-488,125,7.4,Private,GB-T/CCS2,8/10/2023,Synthetic (New Formula)
Zeekr,Zeekr 001,2023,85262.17501172345,55154.0,New,Preah Vihear,Silver,86/100,560-620,200,3.3,Authorized Dealer,GB-T/CCS2,5/6/2025,Synthetic (New Formula)
VinFast,VinFast VF 9,2025,65831.7157860675,8400.0,New,Phnom Penh,White,123,438,300,6.5,Authorized Dealer,GB-T/CCS2,11/2/2023,Synthetic (New Formula)
Mercedes,Mercedes EQB,2024,62104.8053588413,0.0,Like New,Kampot,Grey,66.5,419,168,8.0,Dealer,GB-T/CCS2,14-04-2024,Synthetic (New Formula)
BYD,BYD Dolphin,2022,26719.42789100025,15195.0,Like New,Koh Kong,Black,44.9/60.5,310-420,70,7.5,Dealer,GB-T/CCS2,8/11/2022,Synthetic (New Formula)
BYD,BYD Dolphin,2023,26589.337171663126,20286.0,Like New,Battambang,Silver,44.9/60.5,310-420,70,7.5,Private,GB-T/CCS2,9/10/2023,Synthetic (New Formula)
Zeekr,Zeekr 001,2022,75016.48456713893,1100.0,New,Kampong Cham,Blue,86/100,560-620,200,3.3,Private,GB-T/CCS2,5/5/2023,Synthetic (New Formula)
BYD,BYD Dolphin,2023,27196.343282833957,29400.0,Good,Sihanoukville,Cosmos Black,44.9/60.5,310-420,70,7.5,Dealer,GB-T/CCS2,18-08-2025,Synthetic (New Formula)
BYD,BYD Atto 2,2024,24153.8260725331,10153.0,New,Phnom Penh,Silver,45.1,312-401,130,7.9,Dealer,GB-T/CCS2,12/9/2024,Synthetic (New Formula)
Denza,Denza D9,2022,90006.82441299518,32310.0,Excellent,Siem Reap,White,103,600,230,6.9,Authorized Dealer,GB-T/CCS2,8/1/2023,Synthetic (New Formula)
Hyundai,Hyundai Ioniq 5,2024,45849.045659723,43512.0,New,Preah Vihear,Red,58/72.6,354-488,125,7.4,Private,GB-T/CCS2,26-08-2024,Synthetic (New Formula)
BYD,BYD M9,2022,64267.35968996043,6825.0,Excellent,Phnom Penh,Silver,52,180 PHEV,180,,Private,GB-T/CCS2,16-01-2025,Synthetic (New Formula)
Tesla,Tesla Model Y,2024,56866.99084142836,0.0,Excellent,Siem Reap,Silver,60/75/82,430-600,220,6.9,Private,GB-T/CCS2,11/5/2025,Synthetic (New Formula)
BYD,BYD Atto 2,2023,23749.434506487814,0.0,Like New,Siem Reap,White,45.1,312-401,130,7.9,Authorized Dealer,GB-T/CCS2,23-05-2025,Synthetic (New Formula)
MG,MG ZS EV,2023,32538.811695835084,29904.0,Excellent,Phnom Penh,White,50.3/72.6,320-440,115,8.6,Authorized Dealer,GB-T/CCS2,10/8/2021,Synthetic (New Formula)
VinFast,VinFast VF 9,2023,66837.26424429075,11964.0,New,Phnom Penh,Black,123,438,300,6.5,Dealer,GB-T/CCS2,14-05-2025,Synthetic (New Formula)
MG,MG 5,2023,23597.382458445765,26854.0,New,Battambang,White,61.1,403,130,7.7,Authorized Dealer,GB-T/CCS2,15-01-2025,Synthetic (New Formula)
Leapmotor,Leapmotor T03,2024,14167.008855047348,28560.0,Like New,Preah Vihear,White,41.3,403,80,,Authorized Dealer,GB-T/CCS2,10/2/2025,Synthetic (New Formula)
BYD,BYD M9,2025,68712.83809337307,59940.0,Good,Phnom Penh,Blue,52,180 PHEV,180,,Authorized Dealer,GB-T/CCS2,11/4/2025,Synthetic (New Formula)
Kia,Kia EV9,2024,80868.52491043223,0.0,New,Phnom Penh,Silver,99.8,541,283,5.3,Private,GB-T/CCS2,26-02-2024,Synthetic (New Formula)
Mercedes,Mercedes EQB,2021,77720.51896758175,64206.0,Like New,Kampot,Grey,66.5,419,168,8.0,Dealer,GB-T/CCS2,14-04-2024,Synthetic (New Formula)
Avatr,Avatr 11,2023,69126.13177306284,12780.0,Good,Phnom Penh,Red,90/116,555-700,230,3.9,Authorized Dealer,GB-T/CCS2,19-07-2024,Synthetic (New Formula)
BYD,BYD Sealion 6,2022,49515.26552361269,38418.0,Excellent,Kratie,Silver,18.3,80-100 PHEV,145,8.5,Private,GB-T/CCS2,13-05-2025,Synthetic (New Formula)
Toyota,Toyota bZ4X,2023,50582.8938407581,47025.0,Excellent,Siem Reap,Grey,71.4,500,150,7.1,Authorized Dealer,GB-T/CCS2,21-01-2025,Synthetic (New Formula)
Tesla,Tesla Model Y,2023,60551.207229761676,8630.0,Like New,Phnom Penh,Grey,60/75/82,430-600,220,6.9,Private,GB-T/CCS2,28-02-2024,Synthetic (New Formula)
BMW,BMW iX1,2025,57074.93042290918,17238.0,Fair,Phnom Penh,Red,64.7,417,150,8.6,Dealer,GB-T/CCS2,4/12/2022,Synthetic (New Formula)
Toyota,Toyota bZ4X,2023,52255.81397896341,51852.0,New,Phnom Penh,Black,71.4,500,150,7.1,Authorized Dealer,GB-T/CCS2,11/9/2022,Synthetic (New Formula)
BYD,BYD Atto 3,2023,34045.244792013946,41750.0,New,Battambang,White,50/60.5,340-420,150,7.3,Authorized Dealer,GB-T/CCS2,8/5/2024,Synthetic (New Formula)
AITO,AITO M7,2024,57787.04293531555,11484.0,Like New,Battambang,Grey,40,200 PHEV,330,4.8,Dealer,GB-T/CCS2,18-01-2025,Synthetic (New Formula)
Nissan,Nissan Leaf,2024,28023.439925719456,871.0,New,Kep,Silver,40/62,240-385,110,7.0,Private,GB-T/CCS2,27-01-2021,Synthetic (New Formula)
Kia,Kia EV5,2025,40074.56199769692,26854.0,New,Preah Vihear,Grey,64.2/88,400-600,160,7.5,Dealer,GB-T/CCS2,12/3/2023,Synthetic (New Formula)
BYD,BYD Tang,2025,64244.179427022,19566.0,New,Phnom Penh,Green,86.4/108.8,400-530,180,4.6,Dealer,GB-T/CCS2,26-08-2021,Synthetic (New Formula)
BYD,BYD Atto 2,2023,23460.023552922175,991.0,New,Phnom Penh,Grey,45.1,312-401,130,7.9,Private,GB-T/CCS2,24-08-2025,Synthetic (New Formula)
BYD,BYD Atto 3,2025,27587.69921803932,0.0,New,Siem Reap,White,50/60.5,340-420,150,7.3,Dealer,GB-T/CCS2,24-01-2025,Synthetic (New Formula)
AITO,AITO M7,2021,58950.98596775041,1167.0,New,Phnom Penh,White,40,200 PHEV,330,4.8,Authorized Dealer,GB-T/CCS2,5/2/2022,Synthetic (New Formula)
BMW,BMW iX1,2022,67680.46038181821,51168.0,Like New,Sihanoukville,Grey,64.7,417,150,8.6,Private,GB-T/CCS2,27-02-2025,Synthetic (New Formula)
Kia,Kia EV5,2023,38880.06219836021,38760.0,Excellent,Siem Reap,Grey,64.2/88,400-600,160,7.5,Authorized Dealer,GB-T/CCS2,23-12-2023,Synthetic (New Formula)
Nissan,Nissan Leaf,2024,31292.164167795912,41667.0,Excellent,Phnom Penh,Grey,40/62,240-385,110,7.0,Authorized Dealer,GB-T/CCS2,12/2/2024,Synthetic (New Formula)
Arcfox,Arcfox Koala S,2023,26668.84790554377,0.0,Excellent,Phnom Penh,Black,42.8,301,120,8.5,Dealer,GB-T/CCS2,5/4/2024,Synthetic (New Formula)
BYD,BYD Atto 3,2024,31146.07633699386,19719.0,Excellent,Phnom Penh,White,50/60.5,340-420,150,7.3,Private,GB-T/CCS2,9/11/2024,Synthetic (New Formula)
Tesla,Tesla Model 3,2022,46088.652189156805,8325.0,New,Phnom Penh,Cosmos Black,60/82,430-576,208,6.1,Dealer,GB-T/CCS2,12/1/2025,Synthetic (New Formula)
BYD,BYD Atto 3,2022,33329.809846243996,51852.0,New,Phnom Penh,Orange,50/60.5,340-420,150,7.3,Private,GB-T/CCS2,21-04-2025,Synthetic (New Formula)
Zeekr,Zeekr 001,2023,81279.81840096667,43440.0,Excellent,Sihanoukville,Black,86/100,560-620,200,3.3,Authorized Dealer,GB-T/CCS2,14-07-2024,Synthetic (New Formula)
Zeekr,Zeekr 007,2024,64939.57512213861,17616.0,Like New,Phnom Penh,Red,75/100,530-688,310,3.5,Private,GB-T/CCS2,3/2/2025,Synthetic (New Formula)
Denza,Denza D9,2023,83501.60832603453,7288.0,Excellent,Phnom Penh,Pearl White,103,600,230,6.9,Authorized Dealer,GB-T/CCS2,16-08-2025,Synthetic (New Formula)
BYD,BYD Dolphin,2022,27297.76945389395,32973.0,Excellent,Phnom Penh,White,44.9/60.5,310-420,70,7.5,Dealer,GB-T/CCS2,4/1/2023,Synthetic (New Formula)
BYD,BYD Tang,2024,68549.61959832677,35178.0,Like New,Phnom Penh,Blue,86.4/108.8,400-530,180,4.6,Authorized Dealer,GB-T/CCS2,4/7/2022,Synthetic (New Formula)
Tesla,Tesla Model 3,2023,45463.195163791934,6090.0,Excellent,Battambang,Grey,60/82,430-576,208,6.1,Dealer,GB-T/CCS2,20-08-2025,Synthetic (New Formula)
BYD,BYD Sealion 6,2024,45926.1399809557,23400.0,New,Phnom Penh,Black,18.3,80-100 PHEV,145,8.5,Authorized Dealer,GB-T/CCS2,27-08-2024,Synthetic (New Formula)
MG,MG ZS EV,2024,30829.64101636107,52560.0,Like New,Phnom Penh,Silver,50.3/72.6,320-440,115,8.6,Private,GB-T/CCS2,24-08-2020,Synthetic (New Formula)
AITO,AITO M5,2024,50686.356927923276,40330.0,Like New,Kep,Cosmos Black,40,200 PHEV,200,4.8,Dealer,GB-T/CCS2,10/12/2022,Synthetic (New Formula)
MG,MG ZS EV,2024,30975.89284266364,35800.0,New,Phnom Penh,Silver,50.3/72.6,320-440,115,8.6,Private,GB-T/CCS2,24-08-2020,Synthetic (New Formula)
BYD,BYD Dolphin,2023,27067.430624842367,20832.0,New,Phnom Penh,White,44.9/60.5,310-420,70,7.5,Dealer,GB-T/CCS2,4/1/2023,Synthetic (New Formula)
Deepal,Deepal L07,2025,47618.229390041335,12912.0,Like New,Phnom Penh,Black,31.6,200 PHEV,160,7.3,Private,GB-T/CCS2,1/2/2025,Synthetic (New Formula)
Tesla,Tesla Model Y,2024,65310.04873701105,21489.0,Excellent,Phnom Penh,White,60/75/82,430-600,220,6.9,Dealer,GB-T/CCS2,16-11-2024,Synthetic (New Formula)
MG,MG 4 EV,2023,24434.37851218185,4164.0,Excellent,Phnom Penh,Grey,51/64/77,350-520,125,7.7,Dealer,GB-T/CCS2,9/2/2022,Synthetic (New Formula)
Xiaomi,Xiaomi SU7,2022,78823.64233378651,13536.0,New,Kampong Cham,Silver,73.6/94.3,495-830,220,5.3,Dealer,GB-T/CCS2,20-05-2025,Synthetic (New Formula)
AITO,AITO M7,2022,63295.88985464948,36372.0,Like New,Battambang,Grey,40,200 PHEV,330,4.8,Dealer,GB-T/CCS2,18-01-2025,Synthetic (New Formula)
Tesla,Tesla Model 3,2023,47936.95781693789,24384.0,New,Koh Kong,White,60/82,430-576,208,6.1,Private,GB-T/CCS2,3/5/2023,Synthetic (New Formula)
BYD,BYD Seagull,2025,19061.98874446817,18432.0,Like New,Phnom Penh,Silver,30/38.88,190-305,55,,Dealer,GB-T/CCS2,14-11-2024,Synthetic (New Formula)
MG,MG 5,2025,21835.909455023826,23914.0,Good,Phnom Penh,Black,61.1,403,130,7.7,Dealer,GB-T/CCS2,16-09-2025,Synthetic (New Formula)
BYD,BYD Han,2023,58069.37327602163,8640.0,Good,Phnom Penh,Black,76.9/85.4,500-610,180,3.9,Private,GB-T/CCS2,18-09-2024,Synthetic (New Formula)
BYD,BYD Dolphin,2023,27096.90791323147,25885.0,Good,Phnom Penh,White,44.9/60.5,310-420,70,7.5,Dealer,GB-T/CCS2,4/1/2023,Synthetic (New Formula)
Hyundai,Hyundai Ioniq 5,2024,44910.88870703527,26900.0,New,Phnom Penh,White,58/72.6,354-488,125,7.4,Authorized Dealer,GB-T/CCS2,25-08-2022,Synthetic (New Formula)
BYD,BYD Sealion 7,2020,45434.11660383039,7344.0,Like New,Battambang,Black,71.8/91.3,460-567,230,4.5,Private,GB-T/CCS2,24-06-2024,Synthetic (New Formula)
Leapmotor,Leapmotor T03,2025,13285.340498793992,23914.0,Excellent,Phnom Penh,Black,41.3,403,80,,Authorized Dealer,GB-T/CCS2,11/10/2024,Synthetic (New Formula)
Mercedes,Mercedes EQB,2024,64696.88649098271,13454.0,Good,Sihanoukville,Red,66.5,419,168,8.0,Dealer,GB-T/CCS2,26-07-2024,Synthetic (New Formula)
Tesla,Tesla Model Y,2023,57453.59736950544,1039.0,Like New,Battambang,Silver,60/75/82,430-600,220,6.9,Dealer,GB-T/CCS2,15-04-2023,Synthetic (New Formula)
XPeng,XPeng G6,2025,48451.528251863565,19362.0,Like New,Kampot,Blue,66/87.5,435-570,190,6.2,Dealer,GB-T/CCS2,13-04-2024,Synthetic (New Formula)
Mercedes,Mercedes EQB,2024,63478.80409897525,3444.0,Excellent,Kampot,Grey,66.5,419,168,8.0,Dealer,GB-T/CCS2,14-04-2024,Synthetic (New Formula)
VinFast,VinFast VF 8,2022,41079.24512325072,0.0,New,Siem Reap,White,82/87.5,420-500,150,5.5,Private,GB-T/CCS2,21-07-2022,Synthetic (New Formula)
BYD,BYD Han,2024,57383.870782085476,9185.0,Good,Phnom Penh,Grey,76.9/85.4,500-610,180,3.9,Dealer,GB-T/CCS2,19-02-2024,Synthetic (New Formula)
BMW,BMW iX1,2024,56336.21513928375,27690.0,Good,Sihanoukville,Grey,64.7,417,150,8.6,Private,GB-T/CCS2,27-02-2025,Synthetic (New Formula)
Deepal,Deepal L07,2025,46352.171977816964,16439.0,Like New,Phnom Penh,Black,31.6,200 PHEV,160,7.3,Private,GB-T/CCS2,1/2/2025,Synthetic (New Formula)
MG,MG 4 EV,2024,24989.571189184306,2202.0,New,Phnom Penh,Grey,51/64/77,350-520,125,7.7,Dealer,GB-T/CCS2,26-01-2024,Synthetic (New Formula)
MG,MG 4 EV,2024,24617.670735541527,4120.0,New,Battambang,Silver,51/64/77,350-520,125,7.7,Dealer,GB-T/CCS2,14-04-2023,Synthetic (New Formula)
MG,MG 5,2024,22546.552436297814,0.0,New,Phnom Penh,Black,61.1,403,130,7.7,Dealer,GB-T/CCS2,16-09-2025,Synthetic (New Formula)
BYD,BYD Han,2020,64646.97031322075,4425.0,New,Phnom Penh,White,76.9/85.4,500-610,180,3.9,Dealer,GB-T/CCS2,11/8/2025,Synthetic (New Formula)
Nissan,Nissan Leaf,2025,30295.643627794143,30008.0,Like New,Phnom Penh,Grey,40/62,240-385,110,7.0,Authorized Dealer,GB-T/CCS2,23-04-2025,Synthetic (New Formula)
Tesla,Tesla Model 3,2022,46320.10407759848,6624.0,Like New,Battambang,Grey,60/82,430-576,208,6.1,Dealer,GB-T/CCS2,20-08-2025,Synthetic (New Formula)
AITO,AITO M7,2024,59481.901656377006,32800.0,New,Phnom Penh,Orange,40,200 PHEV,330,4.8,Private,GB-T/CCS2,13-04-2025,Synthetic (New Formula)
BYD,BYD Atto 2,2024,23214.84378482916,1167.0,Excellent,Sihanoukville,Grey,45.1,312-401,130,7.9,Dealer,GB-T/CCS2,25-12-2024,Synthetic (New Formula)
BYD,BYD Tang,2020,70909.992914893,21275.0,Like New,Siem Reap,Silver,86.4/108.8,400-530,180,4.6,Private,GB-T/CCS2,13-05-2024,Synthetic (New Formula)
Deepal,Deepal S07,2025,48028.41021831193,8728.0,Like New,Kampot,White,31.6/80,200 PHEV,190,6.7,Dealer,GB-T/CCS2,4/12/2024,Synthetic (New Formula)
Nissan,Nissan Leaf,2024,30836.685811500323,38418.0,New,Phnom Penh,Grey,40/62,240-385,110,7.0,Authorized Dealer,GB-T/CCS2,12/2/2024,Synthetic (New Formula)
BYD,BYD Seal 5,2024,22904.84438446651,36680.0,Excellent,Battambang,White,15.8,80 PHEV,110,7.9,Authorized Dealer,GB-T/CCS2,21-04-2025,Synthetic (New Formula)
BYD,BYD Dolphin,2023,25747.2085319427,13787.0,Fair,Koh Kong,Black,44.9/60.5,310-420,70,7.5,Dealer,GB-T/CCS2,8/11/2022,Synthetic (New Formula)
Zeekr,Zeekr X,2025,50378.95019750671,0.0,New,Phnom Penh,Pearl White,66,440,200,5.6,Private,GB-T/CCS2,19-09-2025,Synthetic (New Formula)
VinFast,VinFast VF 9,2024,71313.91310687737,43513.0,New,Phnom Penh,Silver,123,438,300,6.5,Authorized Dealer,GB-T/CCS2,18-05-2022,Synthetic (New Formula)
MG,MG 5,2025,20832.20426873609,4308.0,New,Siem Reap,Blue,61.1,403,130,7.7,Dealer,GB-T/CCS2,6/2/2024,Synthetic (New Formula)
BYD,BYD Seal 5,2025,23377.67380559713,45360.0,New,Preah Vihear,White,15.8,80 PHEV,110,7.9,Authorized Dealer,GB-T/CCS2,1/5/2024,Synthetic (New Formula)
MG,MG 5,2022,23004.981525516483,8992.0,New,Siem Reap,Blue,61.1,403,130,7.7,Dealer,GB-T/CCS2,6/2/2024,Synthetic (New Formula)
Toyota,Toyota bZ4X,2024,52190.112169217355,52982.0,Excellent,Sihanoukville,Black,71.4,500,150,7.1,Private,GB-T/CCS2,26-07-2024,Synthetic (New Formula)
MG,MG ZS EV,2023,29400.915395211334,17190.0,New,Phnom Penh,White,50.3/72.6,320-440,115,8.6,Private,GB-T/CCS2,9/6/2024,Synthetic (New Formula)
BYD,BYD Seal 5,2025,20454.62895753403,1158.0,Fair,Preah Vihear,White,15.8,80 PHEV,110,7.9,Authorized Dealer,GB-T/CCS2,1/5/2024,Synthetic (New Formula)
Toyota,Toyota bZ4X,2022,51067.16694787169,34485.0,Like New,Battambang,Silver,71.4,500,150,7.1,Authorized Dealer,GB-T/CCS2,24-05-2023,Synthetic (New Formula)
Nissan,Nissan Leaf,2025,29077.431790785253,15195.0,Like New,Phnom Penh,Grey,40/62,240-385,110,7.0,Authorized Dealer,GB-T/CCS2,10/4/2021,Synthetic (New Formula)
BYD,BYD Seal 5,2025,20674.09446432749,12446.0,Excellent,Sihanoukville,Red,15.8,80 PHEV,110,7.9,Authorized Dealer,GB-T/CCS2,4/7/2025,Synthetic (New Formula)
MG,MG 4 EV,2024,25921.69314989237,7511.0,Like New,Phnom Penh,Pearl White,51/64/77,350-520,125,7.7,Private,GB-T/CCS2,15-10-2023,Synthetic (New Formula)
AITO,AITO M7,2022,66309.99220436206,33252.0,New,Phnom Penh,White,40,200 PHEV,330,4.8,Private,GB-T/CCS2,7/1/2024,Synthetic (New Formula)
Tesla,Tesla Model 3,2022,51956.1946845829,24465.0,Like New,Kampot,Blue,60/82,430-576,208,6.1,Private,GB-T/CCS2,13-04-2022,Synthetic (New Formula)
Kia,Kia EV9,2023,86596.49412745141,29636.0,Good,Sihanoukville,White,99.8,541,283,5.3,Dealer,GB-T/CCS2,28-12-2023,Synthetic (New Formula)
BYD,BYD Han,2025,58940.82981921361,28106.0,Like New,Battambang,Blue,76.9/85.4,500-610,180,3.9,Private,GB-T/CCS2,26-12-2021,Synthetic (New Formula)
AITO,AITO M7,2025,55146.07896302848,0.0,Like New,Sihanoukville,Silver,40,200 PHEV,330,4.8,Authorized Dealer,GB-T/CCS2,17-07-2023,Synthetic (New Formula)
AION,AION V,2023,42210.7666229051,26992.0,New,Phnom Penh,White,68.8/80,480-610,165,7.1,Dealer,GB-T/CCS2,1/8/2025,Synthetic (New Formula)
BYD,BYD Tang,2023,65290.58087097229,15418.0,Like New,Phnom Penh,White,86.4/108.8,400-530,180,4.6,Authorized Dealer,GB-T/CCS2,22-01-2025,Synthetic (New Formula)
BYD,BYD Sealion 7,2025,42017.31535595723,30082.0,Like New,Phnom Penh,Blue,71.8/91.3,460-567,230,4.5,Authorized Dealer,GB-T/CCS2,11/8/2025,Synthetic (New Formula)
BYD,BYD Tang,2025,57786.792612011515,0.0,Like New,Phnom Penh,Silver,86.4/108.8,400-530,180,4.6,Private,GB-T/CCS2,12/1/2024,Synthetic (New Formula)
MG,MG ZS EV,2024,29318.433941933803,27300.0,Excellent,Phnom Penh,Cosmos Black,50.3/72.6,320-440,115,8.6,Authorized Dealer,GB-T/CCS2,9/11/2021,Synthetic (New Formula)
AITO,AITO M7,2025,54844.32499433149,5120.0,Like New,Siem Reap,Grey,40,200 PHEV,330,4.8,Private,GB-T/CCS2,10/10/2023,Synthetic (New Formula)
Mercedes,Mercedes EQB,2025,67072.73479051389,34485.0,New,Phnom Penh,White,66.5,419,168,8.0,Authorized Dealer,GB-T/CCS2,11/12/2021,Synthetic (New Formula)
BMW,BMW iX1,2023,61142.77149052434,39039.0,New,Sihanoukville,Grey,64.7,417,150,8.6,Private,GB-T/CCS2,27-02-2025,Synthetic (New Formula)
Leapmotor,Leapmotor T03,2022,13982.723696616162,39790.0,Fair,Phnom Penh,Pearl White,41.3,403,80,,Dealer,GB-T/CCS2,1/5/2022,Synthetic (New Formula)
MG,MG ZS EV,2024,28432.010477549025,6902.0,Like New,Phnom Penh,White,50.3/72.6,320-440,115,8.6,Private,GB-T/CCS2,21-01-2022,Synthetic (New Formula)
BYD,BYD Han,2024,60556.34812089966,17388.0,New,Phnom Penh,Silver,76.9/85.4,500-610,180,3.9,Dealer,GB-T/CCS2,28-08-2022,Synthetic (New Formula)
Kia,Kia EV6,2024,50272.41337914223,13454.0,Excellent,Phnom Penh,White,77.4,484,168,7.1,Dealer,GB-T/CCS2,7/1/2025,Synthetic (New Formula)
AION,AION Y Plus,2024,36528.429968646764,14235.0,Excellent,Phnom Penh,Silver,51.9/63.9,410-510,150,7.8,Authorized Dealer,GB-T/CCS2,2/1/2025,Synthetic (New Formula)
Zeekr,Zeekr X,2025,53099.85560428216,10439.0,Excellent,Kep,Cosmos Black,66,440,200,5.6,Private,GB-T/CCS2,4/2/2024,Synthetic (New Formula)
AION,AION ES,2023,31171.109180567997,10439.0,Like New,Sihanoukville,Blue,55.6,410,150,7.5,Authorized Dealer,GB-T/CCS2,8/6/2024,Synthetic (New Formula)
Nissan,Nissan Leaf,2024,30268.631170913442,39732.0,New,Kep,Silver,40/62,240-385,110,7.0,Private,GB-T/CCS2,27-01-2021,Synthetic (New Formula)
Leapmotor,Leapmotor T03,2022,13739.667810926741,33635.0,Like New,Battambang,Blue,41.3,403,80,,Authorized Dealer,GB-T/CCS2,11/4/2024,Synthetic (New Formula)
VinFast,VinFast VF 8,2020,49599.58790943916,16352.0,Like New,Phnom Penh,Silver,82/87.5,420-500,150,5.5,Private,GB-T/CCS2,12/8/2025,Synthetic (New Formula)
BYD,BYD Han,2025,62863.26722491168,52871.0,Excellent,Kampong Cham,White,76.9/85.4,500-610,180,3.9,Authorized Dealer,GB-T/CCS2,19-05-2022,Synthetic (New Formula)
BYD,BYD Tang,2022,66911.42180880744,26564.0,Excellent,Kep,White,86.4/108.8,400-530,180,4.6,Dealer,GB-T/CCS2,9/8/2023,Synthetic (New Formula)
Kia,Kia EV9,2022,78555.01243406569,0.0,Excellent,Phnom Penh,Silver,99.8,541,283,5.3,Private,GB-T/CCS2,26-02-2024,Synthetic (New Formula)
VinFast,VinFast VF 9,2024,65139.14506411011,2202.0,New,Phnom Penh,Silver,123,438,300,6.5,Private,GB-T/CCS2,16-11-2023,Synthetic (New Formula)
Leapmotor,Leapmotor T03,2025,13386.399969797865,41209.0,Excellent,Phnom Penh,White,41.3,403,80,,Private,GB-T/CCS2,25-07-2024,Synthetic (New Formula)
Kia,Kia EV9,2021,79875.6207800113,4895.0,Good,Sihanoukville,White,99.8,541,283,5.3,Dealer,GB-T/CCS2,28-12-2023,Synthetic (New Formula)
Hyundai,Hyundai Ioniq 6,2022,60700.08982071391,27175.0,Like New,Phnom Penh,Grey,53/77.4,429-614,151,8.1,Authorized Dealer,GB-T/CCS2,17-10-2024,Synthetic (New Formula)
Nissan,Nissan Leaf,2022,28577.075811681247,1766.0,New,Sihanoukville,Grey,40/62,240-385,110,7.0,Dealer,GB-T/CCS2,15-11-2023,Synthetic (New Formula)
MG,MG 5,2022,21308.992134701573,0.0,New,Phnom Penh,Black,61.1,403,130,7.7,Dealer,GB-T/CCS2,5/9/2023,Synthetic (New Formula)
Denza,Denza D9,2023,83710.13768862307,2144.0,Excellent,Battambang,Silver,103,600,230,6.9,Authorized Dealer,GB-T/CCS2,18-04-2022,Synthetic (New Formula)
MG,MG 5,2023,23967.14409226456,33012.0,New,Phnom Penh,Black,61.1,403,130,7.7,Dealer,GB-T/CCS2,16-09-2025,Synthetic (New Formula)
Arcfox,Arcfox Koala S,2023,26264.16220072985,4170.0,Fair,Sihanoukville,Orange,42.8,301,120,8.5,Dealer,GB-T/CCS2,13-12-2024,Synthetic (New Formula)
Deepal,Deepal S07,2023,49949.05314885427,5760.0,New,Siem Reap,Black,31.6/80,200 PHEV,190,6.7,Authorized Dealer,GB-T/CCS2,14-02-2025,Synthetic (New Formula)
AION,AION ES,2025,28459.345814899534,1100.0,Like New,Phnom Penh,Grey,55.6,410,150,7.5,Private,GB-T/CCS2,3/9/2024,Synthetic (New Formula)
Zeekr,Zeekr 001,2023,78352.86325564141,30740.0,New,Battambang,Silver,86/100,560-620,200,3.3,Authorized Dealer,GB-T/CCS2,18-03-2022,Synthetic (New Formula)
Zeekr,Zeekr 001,2022,78892.40055440461,10630.0,New,Sihanoukville,Blue,86/100,560-620,200,3.3,Private,GB-T/CCS2,11/8/2023,Synthetic (New Formula)
VinFast,VinFast VF 8,2025,40351.57383107866,8071.0,New,Phnom Penh,Black,82/87.5,420-500,150,5.5,Private,GB-T/CCS2,13-11-2023,Synthetic (New Formula)
Tesla,Tesla Model Y,2021,61988.24292208761,11984.0,New,Phnom Penh,Cosmos Black,60/75/82,430-600,220,6.9,Authorized Dealer,GB-T/CCS2,2/1/2023,Synthetic (New Formula)
MG,MG 4 EV,2022,30766.10620611888,59940.0,Like New,Phnom Penh,White,51/64/77,350-520,125,7.7,Dealer,GB-T/CCS2,14-04-2024,Synthetic (New Formula)
Tesla,Tesla Model Y,2020,61040.72811013837,25885.0,Fair,Phnom Penh,Cosmos Black,60/75/82,430-600,220,6.9,Authorized Dealer,GB-T/CCS2,2/1/2023,Synthetic (New Formula)
Hyundai,Hyundai Ioniq 5,2022,45230.89993545135,0.0,New,Phnom Penh,Grey,58/72.6,354-488,125,7.4,Authorized Dealer,GB-T/CCS2,3/12/2021,Synthetic (New Formula)
AITO,AITO M7,2023,57741.715811860195,14235.0,Good,Siem Reap,Grey,40,200 PHEV,330,4.8,Private,GB-T/CCS2,10/10/2023,Synthetic (New Formula)
MG,MG 5,2021,24918.032459089893,33252.0,New,Phnom Penh,Black,61.1,403,130,7.7,Dealer,GB-T/CCS2,5/9/2023,Synthetic (New Formula)
Tesla,Tesla Model 3,2024,45348.96565570714,1033.0,Excellent,Phnom Penh,Pearl White,60/82,430-576,208,6.1,Private,GB-T/CCS2,23-01-2024,Synthetic (New Formula)
Leapmotor,Leapmotor T03,2022,14289.422859121802,18202.0,Like New,Phnom Penh,White,41.3,403,80,,Private,GB-T/CCS2,25-07-2024,Synthetic (New Formula)
AION,AION V,2025,40213.8694199448,20482.0,Like New,Phnom Penh,Black,68.8/80,480-610,165,7.1,Dealer,GB-T/CCS2,28-12-2024,Synthetic (New Formula)
Tesla,Tesla Model Y,2023,58398.1881978391,26102.0,New,Phnom Penh,White,60/75/82,430-600,220,6.9,Authorized Dealer,GB-T/CCS2,24-01-2025,Synthetic (New Formula)
Kia,Kia EV6,2024,47026.17481471334,0.0,New,Sihanoukville,Green,77.4,484,168,7.1,Authorized Dealer,GB-T/CCS2,3/1/2024,Synthetic (New Formula)
Avatr,Avatr 11,2025,64155.29688821577,0.0,Excellent,Phnom Penh,Blue,90/116,555-700,230,3.9,Authorized Dealer,GB-T/CCS2,18-08-2022,Synthetic (New Formula)
Deepal,Deepal L07,2025,48055.57222744141,32800.0,Excellent,Phnom Penh,Grey,31.6,200 PHEV,160,7.3,Dealer,GB-T/CCS2,21-06-2024,Synthetic (New Formula)
Tesla,Tesla Model 3,2020,54369.57319296472,37296.0,Like New,Sihanoukville,Black,60/82,430-576,208,6.1,Authorized Dealer,GB-T/CCS2,27-11-2021,Synthetic (New Formula)
Mercedes,Mercedes EQB,2025,66175.58553002615,23712.0,New,Phnom Penh,Blue,66.5,419,168,8.0,Dealer,GB-T/CCS2,14-05-2025,Synthetic (New Formula)
BYD,BYD Tang,2024,65629.33094801976,19362.0,Excellent,Phnom Penh,Blue,86.4/108.8,400-530,180,4.6,Authorized Dealer,GB-T/CCS2,4/7/2022,Synthetic (New Formula)
AITO,AITO M7,2025,54709.03147964028,0.0,Excellent,Sihanoukville,Silver,40,200 PHEV,330,4.8,Authorized Dealer,GB-T/CCS2,17-07-2023,Synthetic (New Formula)
Tesla,Tesla Model 3,2022,49388.2926554419,43440.0,New,Siem Reap,White,60/82,430-576,208,6.1,Dealer,GB-T/CCS2,2/8/2023,Synthetic (New Formula)
MG,MG ZS EV,2021,30508.50369027679,17190.0,Like New,Phnom Penh,White,50.3/72.6,320-440,115,8.6,Private,GB-T/CCS2,10/1/2025,Synthetic (New Formula)
Toyota,Toyota bZ4X,2023,50728.75732342107,39790.0,Fair,Phnom Penh,Grey,71.4,500,150,7.1,Dealer,GB-T/CCS2,23-06-2022,Synthetic (New Formula)
Tesla,Tesla Model 3,2025,42402.233726375336,0.0,Like New,Sihanoukville,White,60/82,430-576,208,6.1,Dealer,GB-T/CCS2,18-07-2022,Synthetic (New Formula)
Zeekr,Zeekr X,2025,57628.67764056454,38046.0,Like New,Kep,Cosmos Black,66,440,200,5.6,Private,GB-T/CCS2,4/2/2024,Synthetic (New Formula)
BMW,BMW iX1,2024,57317.541591100555,8736.0,Fair,Battambang,White,64.7,417,150,8.6,Dealer,GB-T/CCS2,24-02-2023,Synthetic (New Formula)
MG,MG ZS EV,2023,28120.72331266383,1060.0,Fair,Siem Reap,White,50.3/72.6,320-440,115,8.6,Dealer,GB-T/CCS2,24-01-2023,Synthetic (New Formula)
Nissan,Nissan Leaf,2025,24970.77332956901,0.0,New,Sihanoukville,Grey,40/62,240-385,110,7.0,Dealer,GB-T/CCS2,15-11-2023,Synthetic (New Formula)
MG,MG 4 EV,2023,27840.258445554715,50820.0,New,Phnom Penh,Black,51/64/77,350-520,125,7.7,Authorized Dealer,GB-T/CCS2,27-10-2024,Synthetic (New Formula)
Nissan,Nissan Leaf,2023,30740.855279367053,5525.0,Like New,Phnom Penh,Grey,40/62,240-385,110,7.0,Authorized Dealer,GB-T/CCS2,12/2/2024,Synthetic (New Formula)
BYD,BYD Dolphin,2025,24622.244231541637,15485.0,Like New,Sihanoukville,Black,44.9/60.5,310-420,70,7.5,Authorized Dealer,GB-T/CCS2,3/4/2023,Synthetic (New Formula)
BYD,BYD Seal,2025,33070.417202592376,8808.0,Like New,Siem Reap,Black,61.4/82.5,400-550,150,3.8,Dealer,GB-T/CCS2,18-09-2022,Synthetic (New Formula)
Leapmotor,Leapmotor T03,2024,13271.965586905175,7956.0,Like New,Battambang,Blue,41.3,403,80,,Authorized Dealer,GB-T/CCS2,11/4/2024,Synthetic (New Formula)
MG,MG ZS EV,2025,27809.52619562852,8973.0,New,Phnom Penh,Silver,50.3/72.6,320-440,115,8.6,Private,GB-T/CCS2,25-04-2020,Synthetic (New Formula)
Nissan,Nissan Leaf,2023,31490.03203900809,25029.0,Excellent,Kampong Cham,Green,40/62,240-385,110,7.0,Authorized Dealer,GB-T/CCS2,13-11-2021,Synthetic (New Formula)
Denza,Denza D9,2024,85638.56688097374,25550.0,Excellent,Preah Vihear,Red,103,600,230,6.9,Dealer,GB-T/CCS2,10/1/2024,Synthetic (New Formula)
AITO,AITO M5,2023,49720.44503742538,32032.0,New,Sihanoukville,Black,40,200 PHEV,200,4.8,Authorized Dealer,GB-T/CCS2,24-08-2023,Synthetic (New Formula)
Avatr,Avatr 11,2024,73845.41329447798,44680.0,New,Phnom Penh,Red,90/116,555-700,230,3.9,Private,GB-T/CCS2,3/8/2023,Synthetic (New Formula)
Zeekr,Zeekr X,2022,57822.31482806844,14127.0,Like New,Phnom Penh,Red,66,440,200,5.6,Authorized Dealer,GB-T/CCS2,11/12/2023,Synthetic (New Formula)
MG,MG 4 EV,2021,29625.12130596735,17594.0,Like New,Phnom Penh,Pearl White,51/64/77,350-520,125,7.7,Private,GB-T/CCS2,15-10-2023,Synthetic (New Formula)
MG,MG 5,2023,25528.052139982505,44560.0,Like New,Preah Vihear,Grey,61.1,403,130,7.7,Authorized Dealer,GB-T/CCS2,25-09-2022,Synthetic (New Formula)
BMW,BMW iX1,2025,53624.08137863596,16338.0,Excellent,Phnom Penh,Black,64.7,417,150,8.6,Authorized Dealer,GB-T/CCS2,23-08-2022,Synthetic (New Formula)
VinFast,VinFast VF 6,2024,25079.098610490528,0.0,Like New,Sihanoukville,White,59.6,399,110,,Private,GB-T/CCS2,11/12/2023,Synthetic (New Formula)
Hyundai,Hyundai Ioniq 6,2025,52496.36535153781,0.0,Excellent,Phnom Penh,White,53/77.4,429-614,151,8.1,Dealer,GB-T/CCS2,3/5/2023,Synthetic (New Formula)
Leapmotor,Leapmotor T03,2024,14469.341523263838,41667.0,New,Phnom Penh,Pearl White,41.3,403,80,,Dealer,GB-T/CCS2,1/5/2022,Synthetic (New Formula)
Leapmotor,Leapmotor T03,2023,12866.072553427897,5755.0,New,Phnom Penh,Pearl White,41.3,403,80,,Dealer,GB-T/CCS2,1/5/2022,Synthetic (New Formula)
VinFast,VinFast VF 9,2025,70695.660985456,26900.0,New,Phnom Penh,Green,123,438,300,6.5,Authorized Dealer,GB-T/CCS2,5/5/2023,Synthetic (New Formula)
BYD,BYD Dolphin,2020,30896.682510764684,42269.0,New,Phnom Penh,White,44.9/60.5,310-420,70,7.5,Authorized Dealer,GB-T/CCS2,12/2/2025,Synthetic (New Formula)
BYD,BYD Han,2021,67519.30535251634,4895.0,Like New,Kampot,White,76.9/85.4,500-610,180,3.9,Private,GB-T/CCS2,26-12-2020,Synthetic (New Formula)
Zeekr,Zeekr X,2021,59651.61597240437,34545.0,Like New,Phnom Penh,Red,66,440,200,5.6,Authorized Dealer,GB-T/CCS2,2/6/2023,Synthetic (New Formula)
MG,MG 5,2024,23034.585345237716,34485.0,New,Phnom Penh,Grey,61.1,403,130,7.7,Dealer,GB-T/CCS2,21-05-2022,Synthetic (New Formula)
XPeng,XPeng G6,2025,43445.53867050609,0.0,New,Phnom Penh,Grey,66/87.5,435-570,190,6.2,Authorized Dealer,GB-T/CCS2,27-01-2025,Synthetic (New Formula)
BMW,BMW iX1,2024,54457.36455201584,1183.0,New,Siem Reap,White,64.7,417,150,8.6,Authorized Dealer,GB-T/CCS2,22-08-2023,Synthetic (New Formula)
Tesla,Tesla Model 3,2024,43991.81422440235,991.0,Like New,Kampot,Blue,60/82,430-576,208,6.1,Private,GB-T/CCS2,13-04-2022,Synthetic (New Formula)
Leapmotor,Leapmotor T03,2022,12443.999889218474,7504.0,New,Phnom Penh,White,41.3,403,80,,Private,GB-T/CCS2,28-05-2023,Synthetic (New Formula)
Mercedes,Mercedes EQB,2022,65351.11115922185,5190.0,New,Phnom Penh,Silver,66.5,419,168,8.0,Authorized Dealer,GB-T/CCS2,6/10/2024,Synthetic (New Formula)
Mercedes,Mercedes EQB,2022,65376.20805401889,0.0,New,Phnom Penh,Orange,66.5,419,168,8.0,Dealer,GB-T/CCS2,25-01-2024,Synthetic (New Formula)
BYD,BYD Dolphin,2024,25845.01831264612,29880.0,Like New,Phnom Penh,Cosmos Black,44.9/60.5,310-420,70,7.5,Dealer,GB-T/CCS2,28-07-2023,Synthetic (New Formula)
BYD,BYD Atto 2,2022,25905.432625689336,1042.0,New,Phnom Penh,Grey,45.1,312-401,130,7.9,Private,GB-T/CCS2,24-08-2025,Synthetic (New Formula)
BYD,BYD Han,2022,69453.9718569818,55440.0,Like New,Phnom Penh,Black,76.9/85.4,500-610,180,3.9,Private,GB-T/CCS2,18-09-2024,Synthetic (New Formula)
BYD,BYD Tang,2022,66925.81195907696,0.0,New,Phnom Penh,Green,86.4/108.8,400-530,180,4.6,Dealer,GB-T/CCS2,26-08-2021,Synthetic (New Formula)
BYD,BYD Sealion 6,2024,45335.648907368966,8998.0,Like New,Battambang,Grey,18.3,80-100 PHEV,145,8.5,Authorized Dealer,GB-T/CCS2,3/12/2023,Synthetic (New Formula)
MG,MG ZS EV,2021,32135.19040907812,25029.0,New,Siem Reap,White,50.3/72.6,320-440,115,8.6,Authorized Dealer,GB-T/CCS2,14-09-2023,Synthetic (New Formula)
Zeekr,Zeekr 007,2023,64479.625379114936,2180.0,Like New,Preah Vihear,Grey,75/100,530-688,310,3.5,Authorized Dealer,GB-T/CCS2,16-09-2024,Synthetic (New Formula)
BYD,BYD Seal,2023,39174.942105620205,20660.0,Excellent,Phnom Penh,Cosmos Black,61.4/82.5,400-550,150,3.8,Private,GB-T/CCS2,8/8/2023,Synthetic (New Formula)
VinFast,VinFast VF 8,2022,46477.54704463215,26992.0,Fair,Phnom Penh,White,82/87.5,420-500,150,5.5,Authorized Dealer,GB-T/CCS2,17-04-2024,Synthetic (New Formula)
Hyundai,Hyundai Ioniq 6,2025,59404.21393853044,56524.0,Good,Phnom Penh,White,53/77.4,429-614,151,8.1,Dealer,GB-T/CCS2,12/7/2024,Synthetic (New Formula)
Arcfox,Arcfox Koala S,2024,26569.229851948905,0.0,Like New,Phnom Penh,Black,42.8,301,120,8.5,Authorized Dealer,GB-T/CCS2,26-05-2025,Synthetic (New Formula)
Kia,Kia EV6,2023,51232.50352786128,24248.0,Good,Phnom Penh,Black,77.4,484,168,7.1,Dealer,GB-T/CCS2,20-06-2022,Synthetic (New Formula)
AION,AION Y Plus,2023,35967.82190968687,19362.0,New,Phnom Penh,Blue,51.9/63.9,410-510,150,7.8,Private,GB-T/CCS2,9/7/2024,Synthetic (New Formula)
BYD,BYD Seagull,2025,21797.376250561752,31958.0,Good,Kep,Blue,30/38.88,190-305,55,,Dealer,GB-T/CCS2,23-06-2023,Synthetic (New Formula)
AITO,AITO M5,2024,43906.42104703793,0.0,Fair,Phnom Penh,Black,40,200 PHEV,200,4.8,Private,GB-T/CCS2,17-04-2025,Synthetic (New Formula)
Hyundai,Hyundai Ioniq 5,2024,42369.60247202914,3660.0,Excellent,Phnom Penh,Black,58/72.6,354-488,125,7.4,Dealer,GB-T/CCS2,24-07-2023,Synthetic (New Formula)
Deepal,Deepal L07,2024,52700.163924256776,40330.0,New,Kampot,Green,31.6,200 PHEV,160,7.3,Private,GB-T/CCS2,3/3/2024,Synthetic (New Formula)
MG,MG 4 EV,2024,27861.87663481825,30996.0,Like New,Phnom Penh,Grey,51/64/77,350-520,125,7.7,Dealer,GB-T/CCS2,9/2/2022,Synthetic (New Formula)
AITO,AITO M5,2025,46424.11300359889,25564.0,Good,Kampot,White,40,200 PHEV,200,4.8,Authorized Dealer,GB-T/CCS2,17-05-2023,Synthetic (New Formula)
BYD,BYD Tang,2022,62683.67679326055,16282.0,Excellent,Kep,White,86.4/108.8,400-530,180,4.6,Dealer,GB-T/CCS2,6/1/2022,Synthetic (New Formula)
Tesla,Tesla Model Y,2025,58703.764839788,16626.0,Good,Sihanoukville,Silver,60/75/82,430-600,220,6.9,Dealer,GB-T/CCS2,9/8/2021,Synthetic (New Formula)
Denza,Denza D9,2024,75560.99343750569,5346.0,Good,Phnom Penh,Blue,103,600,230,6.9,Private,GB-T/CCS2,1/5/2025,Synthetic (New Formula)
Tesla,Tesla Model Y,2024,58962.3909270549,808.0,Good,Siem Reap,Red,60/75/82,430-600,220,6.9,Authorized Dealer,GB-T/CCS2,8/4/2021,Synthetic (New Formula)
BYD,BYD Tang,2023,64897.55256512631,10940.0,New,Battambang,White,86.4/108.8,400-530,180,4.6,Private,GB-T/CCS2,10/4/2025,Synthetic (New Formula)
AITO,AITO M5,2023,46524.401632002955,1147.0,New,Kep,Cosmos Black,40,200 PHEV,200,4.8,Dealer,GB-T/CCS2,10/12/2022,Synthetic (New Formula)
BYD,BYD Han,2024,61690.504284219154,39303.0,Like New,Battambang,Silver,76.9/85.4,500-610,180,3.9,Dealer,GB-T/CCS2,22-01-2025,Synthetic (New Formula)
BYD,BYD Dolphin,2024,23967.321100108875,8992.0,Excellent,Sihanoukville,Silver,44.9/60.5,310-420,70,7.5,Dealer,GB-T/CCS2,7/7/2024,Synthetic (New Formula)
Avatr,Avatr 11,2022,76066.31496712606,41667.0,Good,Battambang,White,90/116,555-700,230,3.9,Authorized Dealer,GB-T/CCS2,28-01-2024,Synthetic (New Formula)
BYD,BYD Tang,2023,66934.80157919598,23712.0,New,Phnom Penh,Green,86.4/108.8,400-530,180,4.6,Dealer,GB-T/CCS2,26-08-2021,Synthetic (New Formula)
Kia,Kia EV6,2025,52732.358772933934,52982.0,Excellent,Phnom Penh,White,77.4,484,168,7.1,Dealer,GB-T/CCS2,7/1/2025,Synthetic (New Formula)
BYD,BYD Han,2025,57002.19976037486,4836.0,New,Battambang,Silver,76.9/85.4,500-610,180,3.9,Dealer,GB-T/CCS2,1/3/2021,Synthetic (New Formula)
BYD,BYD Sealion 6,2024,49847.56849997852,19362.0,Excellent,Phnom Penh,Silver,18.3,80-100 PHEV,145,8.5,Dealer,GB-T/CCS2,5/9/2023,Synthetic (New Formula)
AION,AION V,2022,41055.33696251978,0.0,Good,Phnom Penh,Silver,68.8/80,480-610,165,7.1,Dealer,GB-T/CCS2,7/6/2024,Synthetic (New Formula)
Tesla,Tesla Model Y,2024,67273.29357008738,52871.0,Like New,Phnom Penh,White,60/75/82,430-600,220,6.9,Dealer,GB-T/CCS2,16-11-2024,Synthetic (New Formula)
Zeekr,Zeekr 007,2025,63255.69137177029,14076.0,Good,Phnom Penh,Blue,75/100,530-688,310,3.5,Dealer,GB-T/CCS2,16-12-2024,Synthetic (New Formula)
AITO,AITO M5,2022,54158.72415152072,44680.0,Like New,Battambang,White,40,200 PHEV,200,4.8,Private,GB-T/CCS2,24-06-2022,Synthetic (New Formula)
MG,MG 5,2023,22061.324241558028,0.0,New,Preah Vihear,Grey,61.1,403,130,7.7,Authorized Dealer,GB-T/CCS2,25-09-2022,Synthetic (New Formula)
Zeekr,Zeekr X,2024,53351.674646113475,27300.0,New,Koh Kong,Grey,66,440,200,5.6,Dealer,GB-T/CCS2,23-05-2024,Synthetic (New Formula)
Nissan,Nissan Leaf,2022,31791.318945932155,38480.0,Excellent,Kampong Cham,White,40/62,240-385,110,7.0,Dealer,GB-T/CCS2,20-05-2022,Synthetic (New Formula)
Mercedes,Mercedes EQB,2024,71492.37240790819,41750.0,Excellent,Phnom Penh,Grey,66.5,419,168,8.0,Private,GB-T/CCS2,23-09-2021,Synthetic (New Formula)
Hyundai,Hyundai Ioniq 5,2025,39853.68033119144,935.0,New,Kampong Cham,Grey,58/72.6,354-488,125,7.4,Dealer,GB-T/CCS2,20-06-2021,Synthetic (New Formula)
Leapmotor,Leapmotor T03,2023,13554.975407552625,26505.0,Good,Phnom Penh,Red,41.3,403,80,,Dealer,GB-T/CCS2,5/8/2025,Synthetic (New Formula)
BYD,BYD Atto 3,2023,31761.02828020524,38484.0,Excellent,Kampong Cham,Silver,50/60.5,340-420,150,7.3,Dealer,GB-T/CCS2,13-10-2023,Synthetic (New Formula)
Mercedes,Mercedes EQB,2025,69951.68103059893,40327.0,Excellent,Phnom Penh,Red,66.5,419,168,8.0,Dealer,GB-T/CCS2,16-08-2022,Synthetic (New Formula)
Toyota,Toyota bZ4X,2023,47082.328934121666,6902.0,New,Battambang,Silver,71.4,500,150,7.1,Authorized Dealer,GB-T/CCS2,24-05-2023,Synthetic (New Formula)
Hyundai,Hyundai Ioniq 6,2025,53566.23016233361,14170.0,Excellent,Kampong Cham,Black,53/77.4,429-614,151,8.1,Authorized Dealer,GB-T/CCS2,3/5/2025,Synthetic (New Formula)
MG,MG 4 EV,2024,25655.654813683635,5525.0,New,Phnom Penh,White,51/64/77,350-520,125,7.7,Dealer,GB-T/CCS2,27-07-2024,Synthetic (New Formula)
Toyota,Toyota bZ4X,2022,49196.25344638336,22960.0,New,Phnom Penh,Blue,71.4,500,150,7.1,Private,GB-T/CCS2,18-09-2025,Synthetic (New Formula)
BYD,BYD Tang,2024,66150.27595807514,24099.0,Like New,Phnom Penh,Grey,86.4/108.8,400-530,180,4.6,Authorized Dealer,GB-T/CCS2,13-02-2023,Synthetic (New Formula)
Arcfox,Arcfox Koala S,2025,24904.625481967185,0.0,Excellent,Phnom Penh,White,42.8,301,120,8.5,Authorized Dealer,GB-T/CCS2,24-07-2024,Synthetic (New Formula)
AION,AION V,2023,37213.6149275873,3704.0,Excellent,Phnom Penh,White,68.8/80,480-610,165,7.1,Dealer,GB-T/CCS2,1/8/2025,Synthetic (New Formula)
Kia,Kia EV5,2024,34939.27408386131,0.0,Good,Phnom Penh,Black,64.2/88,400-600,160,7.5,Private,GB-T/CCS2,11/11/2024,Synthetic (New Formula)
BYD,BYD Sealion 6,2024,45872.4248545265,13395.0,Fair,Kratie,Silver,18.3,80-100 PHEV,145,8.5,Private,GB-T/CCS2,13-05-2025,Synthetic (New Formula)
Tesla,Tesla Model 3,2025,52315.17345274792,54229.0,Good,Phnom Penh,White,60/82,430-576,208,6.1,Authorized Dealer,GB-T/CCS2,28-04-2025,Synthetic (New Formula)
AION,AION V,2025,39329.37184650554,0.0,Good,Phnom Penh,Silver,68.8/80,480-610,165,7.1,Dealer,GB-T/CCS2,7/6/2024,Synthetic (New Formula)
Xiaomi,Xiaomi SU7,2020,86976.64780542607,7504.0,Excellent,Phnom Penh,Silver,73.6/94.3,495-830,220,5.3,Authorized Dealer,GB-T/CCS2,3/1/2025,Synthetic (New Formula)
Avatr,Avatr 07,2024,47024.486092118445,25564.0,Excellent,Phnom Penh,Blue,62.2/100.5,420-621,190,4.9,Private,GB-T/CCS2,26-03-2024,Synthetic (New Formula)
Hyundai,Hyundai Ioniq 5,2025,41533.860083596875,10080.0,New,Kampong Cham,Grey,58/72.6,354-488,125,7.4,Dealer,GB-T/CCS2,20-06-2021,Synthetic (New Formula)
AITO,AITO M5,2025,45381.697601746004,13024.0,New,Phnom Penh,Red,40,200 PHEV,200,4.8,Authorized Dealer,GB-T/CCS2,13-01-2024,Synthetic (New Formula)
AITO,AITO M5,2024,49152.660653258456,9900.0,Like New,Phnom Penh,Grey,40,200 PHEV,200,4.8,Dealer,GB-T/CCS2,6/4/2024,Synthetic (New Formula)
Kia,Kia EV9,2023,82630.14698891796,12987.0,New,Phnom Penh,Black,99.8,541,283,5.3,Dealer,GB-T/CCS2,15-09-2023,Synthetic (New Formula)
Hyundai,Hyundai Ioniq 5,2023,46104.82514306896,18080.0,Like New,Phnom Penh,Blue,58/72.6,354-488,125,7.4,Authorized Dealer,GB-T/CCS2,9/2/2025,Synthetic (New Formula)
BYD,BYD Seagull,2025,18377.37071384555,0.0,New,Battambang,Orange,30/38.88,190-305,55,,Dealer,GB-T/CCS2,4/4/2025,Synthetic (New Formula)
Toyota,Toyota bZ5,2025,36188.0031733293,1039.0,Like New,Phnom Penh,Black,71.2,630,180,6.8,Private,GB-T/CCS2,25-01-2025,Synthetic (New Formula)
Tesla,Tesla Model Y,2024,60060.74139054465,14882.0,New,Phnom Penh,Cosmos Black,60/75/82,430-600,220,6.9,Authorized Dealer,GB-T/CCS2,2/1/2023,Synthetic (New Formula)
BYD,BYD M9,2025,57241.20990922736,868.0,Like New,Phnom Penh,Blue,52,180 PHEV,180,,Authorized Dealer,GB-T/CCS2,11/4/2025,Synthetic (New Formula)
Mercedes,Mercedes EQB,2021,68215.16117058942,12320.0,New,Kampot,White,66.5,419,168,8.0,Dealer,GB-T/CCS2,28-08-2025,Synthetic (New Formula)
Kia,Kia EV9,2020,87749.10225198478,29700.0,New,Sihanoukville,White,99.8,541,283,5.3,Dealer,GB-T/CCS2,28-12-2023,Synthetic (New Formula)
Denza,Denza D9,2025,89925.02309613708,34340.0,New,Phnom Penh,Grey,103,600,230,6.9,Private,GB-T/CCS2,28-10-2022,Synthetic (New Formula)
Deepal,Deepal S07,2025,50014.23744465411,6624.0,Good,Phnom Penh,White,31.6/80,200 PHEV,190,6.7,Private,GB-T/CCS2,18-05-2025,Synthetic (New Formula)
XPeng,XPeng G6,2020,45631.03931274777,5346.0,Fair,Battambang,Green,66/87.5,435-570,190,6.2,Authorized Dealer,GB-T/CCS2,15-12-2023,Synthetic (New Formula)
BYD,BYD Dolphin,2021,27371.345956378755,13787.0,Good,Sihanoukville,Black,44.9/60.5,310-420,70,7.5,Dealer,GB-T/CCS2,3/2/2022,Synthetic (New Formula)
BYD,BYD M9,2025,67929.07024001473,63056.0,New,Phnom Penh,Blue,52,180 PHEV,180,,Authorized Dealer,GB-T/CCS2,11/4/2025,Synthetic (New Formula)
Leapmotor,Leapmotor T03,2024,13482.735084132368,29316.0,Excellent,Sihanoukville,Blue,41.3,403,80,,Dealer,GB-T/CCS2,4/11/2022,Synthetic (New Formula)
BYD,BYD Atto 2,2024,23460.00770683572,7224.0,Good,Sihanoukville,Grey,45.1,312-401,130,7.9,Dealer,GB-T/CCS2,25-12-2024,Synthetic (New Formula)
Deepal,Deepal L07,2025,44412.885639977896,2202.0,Like New,Phnom Penh,Grey,31.6,200 PHEV,160,7.3,Dealer,GB-T/CCS2,21-06-2024,Synthetic (New Formula)
Hyundai,Hyundai Ioniq 5,2022,49242.30741537574,40330.0,Like New,Siem Reap,White,58/72.6,354-488,125,7.4,Authorized Dealer,GB-T/CCS2,12/9/2021,Synthetic (New Formula)
MG,MG 4 EV,2025,24442.14388732412,18145.0,New,Phnom Penh,Grey,51/64/77,350-520,125,7.7,Dealer,GB-T/CCS2,26-01-2024,Synthetic (New Formula)
Kia,Kia EV9,2025,76773.2037216991,25550.0,Good,Sihanoukville,White,99.8,541,283,5.3,Dealer,GB-T/CCS2,28-12-2023,Synthetic (New Formula)
BYD,BYD Sealion 6,2025,48742.00858461336,43953.0,Excellent,Phnom Penh,Black,18.3,80-100 PHEV,145,8.5,Dealer,GB-T/CCS2,16-11-2024,Synthetic (New Formula)
Mercedes,Mercedes EQB,2023,61745.07121583768,0.0,New,Kampot,Cosmos Black,66.5,419,168,8.0,Dealer,GB-T/CCS2,16-02-2022,Synthetic (New Formula)
Arcfox,Arcfox Koala S,2023,27264.713714634134,24390.0,Like New,Phnom Penh,Black,42.8,301,120,8.5,Authorized Dealer,GB-T/CCS2,26-05-2025,Synthetic (New Formula)
Kia,Kia EV6,2025,50670.228560902484,25550.0,Good,Phnom Penh,Blue,77.4,484,168,7.1,Dealer,GB-T/CCS2,14-05-2023,Synthetic (New Formula)
Deepal,Deepal L07,2024,47180.965922790725,2006.0,New,Kratie,Black,31.6,200 PHEV,160,7.3,Authorized Dealer,GB-T/CCS2,5/5/2025,Synthetic (New Formula)
MG,MG ZS EV,2024,28583.28597252182,11984.0,New,Phnom Penh,Silver,50.3/72.6,320-440,115,8.6,Private,GB-T/CCS2,25-04-2020,Synthetic (New Formula)
VinFast,VinFast VF 9,2023,65675.38997599913,19719.0,Excellent,Phnom Penh,White,123,438,300,6.5,Authorized Dealer,GB-T/CCS2,11/2/2023,Synthetic (New Formula)
Tesla,Tesla Model 3,2022,50762.75118502884,24075.0,New,Sihanoukville,Black,60/82,430-576,208,6.1,Authorized Dealer,GB-T/CCS2,27-11-2021,Synthetic (New Formula)
AITO,AITO M5,2024,44824.6338469076,24384.0,Excellent,Siem Reap,White,40,200 PHEV,200,4.8,Authorized Dealer,GB-T/CCS2,11/2/2023,Synthetic (New Formula)
Tesla,Tesla Model Y,2024,59228.87005550378,12320.0,Good,Phnom Penh,White,60/75/82,430-600,220,6.9,Dealer,GB-T/CCS2,16-11-2024,Synthetic (New Formula)
Toyota,Toyota bZ4X,2022,45061.43659062804,0.0,New,Battambang,Silver,71.4,500,150,7.1,Authorized Dealer,GB-T/CCS2,24-05-2023,Synthetic (New Formula)
Toyota,Toyota bZ4X,2022,45615.41937909131,8992.0,Like New,Phnom Penh,Black,71.4,500,150,7.1,Dealer,GB-T/CCS2,23-08-2023,Synthetic (New Formula)
Kia,Kia EV9,2023,84466.31614430738,40330.0,Excellent,Phnom Penh,Grey,99.8,541,283,5.3,Authorized Dealer,GB-T/CCS2,12/1/2025,Synthetic (New Formula)
Denza,Denza D9,2023,81547.20306932082,2238.0,New,Phnom Penh,Black,103,600,230,6.9,Private,GB-T/CCS2,9/4/2024,Synthetic (New Formula)
Toyota,Toyota bZ5,2025,37200.897905943755,8640.0,New,Phnom Penh,Black,71.2,630,180,6.8,Private,GB-T/CCS2,25-01-2025,Synthetic (New Formula)
Zeekr,Zeekr 007,2024,66698.43600006858,29316.0,Like New,Siem Reap,Pearl White,75/100,530-688,310,3.5,Authorized Dealer,GB-T/CCS2,11/6/2024,Synthetic (New Formula)
Tesla,Tesla Model 3,2023,46092.71055722692,7569.0,Like New,Battambang,Grey,60/82,430-576,208,6.1,Dealer,GB-T/CCS2,20-08-2025,Synthetic (New Formula)
Arcfox,Arcfox Koala S,2025,29061.667634277248,36642.0,New,Phnom Penh,Silver,42.8,301,120,8.5,Dealer,GB-T/CCS2,16-08-2025,Synthetic (New Formula)
Denza,Denza D9,2025,82391.35229392063,18496.0,New,Phnom Penh,Pearl White,103,600,230,6.9,Authorized Dealer,GB-T/CCS2,16-08-2025,Synthetic (New Formula)
AITO,AITO M7,2025,55182.6611742224,7512.0,Like New,Kampong Cham,Grey,40,200 PHEV,330,4.8,Dealer,GB-T/CCS2,20-08-2022,Synthetic (New Formula)
Avatr,Avatr 11,2025,67438.92628752973,24574.0,Like New,Kep,Grey,90/116,555-700,230,3.9,Private,GB-T/CCS2,9/10/2024,Synthetic (New Formula)
Denza,Denza D9,2025,77426.45944014865,17594.0,Like New,Battambang,Silver,103,600,230,6.9,Authorized Dealer,GB-T/CCS2,18-04-2022,Synthetic (New Formula)
Avatr,Avatr 07,2025,48177.08855789753,26680.0,Fair,Preah Vihear,Black,62.2/100.5,420-621,190,4.9,Authorized Dealer,GB-T/CCS2,21-12-2024,Synthetic (New Formula)
Tesla,Tesla Model Y,2023,61742.43978746983,24771.0,New,Phnom Penh,White,60/75/82,430-600,220,6.9,Authorized Dealer,GB-T/CCS2,14-08-2024,Synthetic (New Formula)
MG,MG ZS EV,2022,28278.553472272823,17594.0,New,Phnom Penh,Silver,50.3/72.6,320-440,115,8.6,Private,GB-T/CCS2,25-04-2020,Synthetic (New Formula)
Toyota,Toyota bZ4X,2024,43747.17425632293,2238.0,Excellent,Battambang,Silver,71.4,500,150,7.1,Authorized Dealer,GB-T/CCS2,24-05-2023,Synthetic (New Formula)
Hyundai,Hyundai Ioniq 5,2023,42593.50878853877,12446.0,Excellent,Phnom Penh,Black,58/72.6,354-488,125,7.4,Dealer,GB-T/CCS2,24-07-2023,Synthetic (New Formula)
MG,MG 4 EV,2023,27490.059514833658,12265.0,Like New,Phnom Penh,Grey,51/64/77,350-520,125,7.7,Dealer,GB-T/CCS2,28-08-2022,Synthetic (New Formula)
Tesla,Tesla Model Y,2025,54003.57576808179,5525.0,Like New,Phnom Penh,Blue,60/75/82,430-600,220,6.9,Private,GB-T/CCS2,17-08-2022,Synthetic (New Formula)
Tesla,Tesla Model 3,2024,43868.59355476269,6228.0,Excellent,Phnom Penh,Silver,60/82,430-576,208,6.1,Private,GB-T/CCS2,22-06-2020,Synthetic (New Formula)
Zeekr,Zeekr 001,2022,83468.09445784344,33024.0,New,Siem Reap,White,86/100,560-620,200,3.3,Private,GB-T/CCS2,12/4/2024,Synthetic (New Formula)
AION,AION ES,2024,30647.32271311614,0.0,Like New,Phnom Penh,Silver,55.6,410,150,7.5,Authorized Dealer,GB-T/CCS2,24-03-2024,Synthetic (New Formula)
BYD,BYD Seagull,2025,20038.935042967376,37296.0,New,Kampong Cham,Red,30/38.88,190-305,55,,Dealer,GB-T/CCS2,4/7/2025,Synthetic (New Formula)
Nissan,Nissan Leaf,2024,29298.395058935184,27347.0,New,Kampong Cham,White,40/62,240-385,110,7.0,Dealer,GB-T/CCS2,20-05-2022,Synthetic (New Formula)
VinFast,VinFast VF 8,2024,45644.978707466216,29841.0,Good,Phnom Penh,White,82/87.5,420-500,150,5.5,Authorized Dealer,GB-T/CCS2,15-12-2022,Synthetic (New Formula)
Nissan,Nissan Leaf,2022,28430.98089335066,14235.0,New,Phnom Penh,Grey,40/62,240-385,110,7.0,Authorized Dealer,GB-T/CCS2,12/2/2024,Synthetic (New Formula)
BYD,BYD Tang,2022,61684.27262847931,4120.0,New,Phnom Penh,Silver,86.4/108.8,400-530,180,4.6,Private,GB-T/CCS2,12/1/2024,Synthetic (New Formula)
Hyundai,Hyundai Ioniq 5,2022,46535.68377172451,26505.0,New,Preah Vihear,Blue,58/72.6,354-488,125,7.4,Dealer,GB-T/CCS2,27-01-2024,Synthetic (New Formula)
MG,MG 5,2024,24832.718615849353,41940.0,Good,Phnom Penh,Grey,61.1,403,130,7.7,Dealer,GB-T/CCS2,5/1/2022,Synthetic (New Formula)
Hyundai,Hyundai Ioniq 5,2025,43142.567060654466,25152.0,New,Phnom Penh,White,58/72.6,354-488,125,7.4,Authorized Dealer,GB-T/CCS2,25-08-2022,Synthetic (New Formula)
Hyundai,Hyundai Ioniq 6,2022,58988.48897107452,32445.0,Excellent,Phnom Penh,White,53/77.4,429-614,151,8.1,Dealer,GB-T/CCS2,3/5/2023,Synthetic (New Formula)
Hyundai,Hyundai Ioniq 5,2025,41741.013944808314,1147.0,Fair,Siem Reap,Black,58/72.6,354-488,125,7.4,Dealer,GB-T/CCS2,12/5/2022,Synthetic (New Formula)
BYD,BYD Tang,2024,70251.87137556424,26600.0,New,Phnom Penh,Green,86.4/108.8,400-530,180,4.6,Dealer,GB-T/CCS2,26-08-2021,Synthetic (New Formula)
Toyota,Toyota bZ4X,2024,44156.6550047665,4132.0,Like New,Siem Reap,Grey,71.4,500,150,7.1,Authorized Dealer,GB-T/CCS2,21-01-2025,Synthetic (New Formula)
Kia,Kia EV6,2025,49353.349800061136,18972.0,New,Kampot,Silver,77.4,484,168,7.1,Authorized Dealer,GB-T/CCS2,19-08-2023,Synthetic (New Formula)
MG,MG 4 EV,2022,28842.591599141448,19362.0,New,Phnom Penh,Grey,51/64/77,350-520,125,7.7,Dealer,GB-T/CCS2,28-08-2022,Synthetic (New Formula)
BYD,BYD Han,2022,57974.67764663029,5316.0,Fair,Battambang,Blue,76.9/85.4,500-610,180,3.9,Private,GB-T/CCS2,26-12-2021,Synthetic (New Formula)
Avatr,Avatr 07,2025,45983.45092334118,935.0,New,Phnom Penh,Blue,62.2/100.5,420-621,190,4.9,Private,GB-T/CCS2,26-03-2024,Synthetic (New Formula)
Tesla,Tesla Model 3,2020,49071.6742448696,10329.0,New,Phnom Penh,White,60/82,430-576,208,6.1,Private,GB-T/CCS2,1/2/2023,Synthetic (New Formula)
BYD,BYD Sealion 7,2023,44093.5367490252,24024.0,Excellent,Phnom Penh,Blue,71.8/91.3,460-567,230,4.5,Authorized Dealer,GB-T/CCS2,11/8/2025,Synthetic (New Formula)
BYD,BYD Atto 3,2024,32651.07401042234,51852.0,New,Phnom Penh,Black,50/60.5,340-420,150,7.3,Dealer,GB-T/CCS2,8/3/2022,Synthetic (New Formula)
Tesla,Tesla Model 3,2024,48658.84715570112,42883.0,Excellent,Sihanoukville,Green,60/82,430-576,208,6.1,Dealer,GB-T/CCS2,25-09-2020,Synthetic (New Formula)
Leapmotor,Leapmotor T03,2023,12846.990131825272,11484.0,New,Siem Reap,Black,41.3,403,80,,Private,GB-T/CCS2,19-11-2023,Synthetic (New Formula)
Mercedes,Mercedes EQB,2023,70461.32694755465,40788.0,New,Sihanoukville,Red,66.5,419,168,8.0,Dealer,GB-T/CCS2,26-07-2024,Synthetic (New Formula)
Avatr,Avatr 11,2024,73823.86389238777,38064.0,Fair,Sihanoukville,Green,90/116,555-700,230,3.9,Dealer,GB-T/CCS2,4/11/2022,Synthetic (New Formula)
MG,MG ZS EV,2024,27415.18453028185,1766.0,New,Siem Reap,Black,50.3/72.6,320-440,115,8.6,Dealer,GB-T/CCS2,3/5/2023,Synthetic (New Formula)
Tesla,Tesla Model 3,2022,49636.068737458314,21489.0,Like New,Sihanoukville,Green,60/82,430-576,208,6.1,Dealer,GB-T/CCS2,25-09-2020,Synthetic (New Formula)
Deepal,Deepal L07,2021,51181.48290310286,14476.0,Like New,Phnom Penh,Grey,31.6,200 PHEV,160,7.3,Dealer,GB-T/CCS2,21-06-2024,Synthetic (New Formula)
Tesla,Tesla Model Y,2024,55509.83872647335,0.0,New,Phnom Penh,White,60/75/82,430-600,220,6.9,Dealer,GB-T/CCS2,16-11-2024,Synthetic (New Formula)
Nissan,Nissan Leaf,2025,28370.207854227847,7525.0,Excellent,Sihanoukville,Grey,40/62,240-385,110,7.0,Dealer,GB-T/CCS2,15-11-2023,Synthetic (New Formula)
Nissan,Nissan Leaf,2025,29075.516749467184,11605.0,Excellent,Kep,Silver,40/62,240-385,110,7.0,Private,GB-T/CCS2,27-01-2021,Synthetic (New Formula)
Avatr,Avatr 07,2020,54836.94734746973,8760.0,New,Phnom Penh,White,62.2/100.5,420-621,190,4.9,Private,GB-T/CCS2,23-08-2025,Synthetic (New Formula)
AITO,AITO M7,2022,58908.36499366127,3300.0,Excellent,Phnom Penh,White,40,200 PHEV,330,4.8,Private,GB-T/CCS2,7/1/2024,Synthetic (New Formula)
AION,AION ES,2024,31635.888517640982,33024.0,Like New,Phnom Penh,White,55.6,410,150,7.5,Authorized Dealer,GB-T/CCS2,2/5/2025,Synthetic (New Formula)
AITO,AITO M7,2024,58523.684828488855,5525.0,Good,Phnom Penh,White,40,200 PHEV,330,4.8,Authorized Dealer,GB-T/CCS2,5/2/2022,Synthetic (New Formula)
Tesla,Tesla Model 3,2023,47977.53560002558,4640.0,New,Kep,Black,60/82,430-576,208,6.1,Authorized Dealer,GB-T/CCS2,23-07-2024,Synthetic (New Formula)
Tesla,Tesla Model 3,2024,46054.55497798539,14170.0,New,Phnom Penh,White,60/82,430-576,208,6.1,Authorized Dealer,GB-T/CCS2,28-04-2025,Synthetic (New Formula)
BYD,BYD Seal 5,2020,22674.4140498368,1185.0,New,Phnom Penh,Blue,15.8,80 PHEV,110,7.9,Private,GB-T/CCS2,28-11-2024,Synthetic (New Formula)
Kia,Kia EV6,2023,49606.328796546375,0.0,Excellent,Phnom Penh,Black,77.4,484,168,7.1,Authorized Dealer,GB-T/CCS2,3/4/2024,Synthetic (New Formula)
Tesla,Tesla Model Y,2025,61026.80881631434,44935.0,Good,Phnom Penh,Pearl White,60/75/82,430-600,220,6.9,Private,GB-T/CCS2,2/11/2022,Synthetic (New Formula)
AITO,AITO M7,2025,55824.89158978475,9774.0,New,Kampong Cham,White,40,200 PHEV,330,4.8,Dealer,GB-T/CCS2,1/7/2025,Synthetic (New Formula)
Avatr,Avatr 11,2024,67827.38772664536,11412.0,Excellent,Phnom Penh,Grey,90/116,555-700,230,3.9,Authorized Dealer,GB-T/CCS2,9/2/2023,Synthetic (New Formula)
VinFast,VinFast VF 9,2025,65441.22561737804,0.0,Good,Phnom Penh,Green,123,438,300,6.5,Authorized Dealer,GB-T/CCS2,5/5/2023,Synthetic (New Formula)
AION,AION V,2024,37823.31140931933,935.0,Like New,Phnom Penh,Blue,68.8/80,480-610,165,7.1,Dealer,GB-T/CCS2,24-05-2025,Synthetic (New Formula)
AION,AION ES,2021,30002.37910183958,4770.0,Excellent,Phnom Penh,White,55.6,410,150,7.5,Dealer,GB-T/CCS2,16-02-2025,Synthetic (New Formula)
MG,MG ZS EV,2023,28809.36189214478,33528.0,Good,Siem Reap,White,50.3/72.6,320-440,115,8.6,Dealer,GB-T/CCS2,24-01-2023,Synthetic (New Formula)
BMW,BMW iX1,2024,54399.524299468765,9666.0,Like New,Koh Kong,Silver,64.7,417,150,8.6,Dealer,GB-T/CCS2,22-06-2025,Synthetic (New Formula)
AION,AION ES,2024,29166.103013694636,14922.0,Fair,Sihanoukville,Blue,55.6,410,150,7.5,Authorized Dealer,GB-T/CCS2,8/6/2024,Synthetic (New Formula)
Deepal,Deepal S07,2025,52901.12017591042,27690.0,Excellent,Kampot,White,31.6/80,200 PHEV,190,6.7,Dealer,GB-T/CCS2,4/12/2024,Synthetic (New Formula)
Mercedes,Mercedes EQB,2024,67136.93845705772,38988.0,Good,Preah Vihear,Silver,66.5,419,168,8.0,Authorized Dealer,GB-T/CCS2,16-05-2022,Synthetic (New Formula)
Hyundai,Hyundai Ioniq 5,2024,42269.40987501938,10329.0,New,Preah Vihear,Red,58/72.6,354-488,125,7.4,Private,GB-T/CCS2,26-08-2024,Synthetic (New Formula)
Zeekr,Zeekr X,2023,54575.269569552,12912.0,Like New,Kampot,White,66,440,200,5.6,Private,GB-T/CCS2,25-09-2023,Synthetic (New Formula)
Hyundai,Hyundai Ioniq 5,2022,46760.21362025501,31528.0,Good,Phnom Penh,Grey,58/72.6,354-488,125,7.4,Authorized Dealer,GB-T/CCS2,3/12/2021,Synthetic (New Formula)
MG,MG 4 EV,2022,28282.495773699484,17388.0,New,Phnom Penh,Grey,51/64/77,350-520,125,7.7,Dealer,GB-T/CCS2,9/2/2022,Synthetic (New Formula)
BYD,BYD Seal,2024,36096.9179856636,975.0,Good,Phnom Penh,Blue,61.4/82.5,400-550,150,3.8,Private,GB-T/CCS2,20-12-2022,Synthetic (New Formula)
Zeekr,Zeekr X,2025,55994.71352660972,33292.0,New,Kep,Cosmos Black,66,440,200,5.6,Private,GB-T/CCS2,4/2/2024,Synthetic (New Formula)
Hyundai,Hyundai Ioniq 5,2024,47459.863896578136,56784.0,Like New,Battambang,Green,58/72.6,354-488,125,7.4,Dealer,GB-T/CCS2,20-01-2023,Synthetic (New Formula)
Hyundai,Hyundai Ioniq 5,2024,41296.46799836226,928.0,New,Sihanoukville,White,58/72.6,354-488,125,7.4,Authorized Dealer,GB-T/CCS2,8/5/2025,Synthetic (New Formula)
MG,MG 5,2023,22979.805751510332,21014.0,Excellent,Battambang,Red,61.1,403,130,7.7,Private,GB-T/CCS2,13-05-2021,Synthetic (New Formula)
VinFast,VinFast VF 6,2025,26621.48728229969,30336.0,Like New,Sihanoukville,White,59.6,399,110,,Private,GB-T/CCS2,11/12/2023,Synthetic (New Formula)
BYD,BYD Tang,2024,63263.53921845745,22097.0,Like New,Phnom Penh,Black,86.4/108.8,400-530,180,4.6,Authorized Dealer,GB-T/CCS2,23-10-2020,Synthetic (New Formula)
BYD,BYD Tang,2023,66617.22818343568,18180.0,New,Preah Vihear,Black,86.4/108.8,400-530,180,4.6,Private,GB-T/CCS2,21-05-2023,Synthetic (New Formula)
Denza,Denza D9,2023,76788.31314991516,1128.0,New,Siem Reap,White,103,600,230,6.9,Authorized Dealer,GB-T/CCS2,14-02-2025,Synthetic (New Formula)
Mercedes,Mercedes EQB,2024,67231.39612276055,30082.0,New,Phnom Penh,Red,66.5,419,168,8.0,Dealer,GB-T/CCS2,16-08-2022,Synthetic (New Formula)
AITO,AITO M7,2023,67650.45768175846,55154.0,Like New,Battambang,Grey,40,200 PHEV,330,4.8,Dealer,GB-T/CCS2,16-04-2023,Synthetic (New Formula)
BYD,BYD Sealion 7,2024,43448.01035783422,29316.0,New,Siem Reap,Green,71.8/91.3,460-567,230,4.5,Authorized Dealer,GB-T/CCS2,25-09-2024,Synthetic (New Formula)
Zeekr,Zeekr 007,2024,69837.20559246204,33263.0,Good,Phnom Penh,Red,75/100,530-688,310,3.5,Private,GB-T/CCS2,3/2/2025,Synthetic (New Formula)
Xiaomi,Xiaomi SU7,2023,76826.67216111801,12195.0,Like New,Phnom Penh,Black,73.6/94.3,495-830,220,5.3,Private,GB-T/CCS2,3/6/2024,Synthetic (New Formula)
Hyundai,Hyundai Ioniq 6,2024,52315.98132611531,808.0,Excellent,Phnom Penh,White,53/77.4,429-614,151,8.1,Dealer,GB-T/CCS2,8/8/2022,Synthetic (New Formula)
Kia,Kia EV9,2023,88855.278589944,56601.0,Fair,Phnom Penh,Grey,99.8,541,283,5.3,Authorized Dealer,GB-T/CCS2,12/1/2025,Synthetic (New Formula)
Nissan,Nissan Leaf,2021,31411.262229577795,26505.0,Excellent,Phnom Penh,Red,40/62,240-385,110,7.0,Dealer,GB-T/CCS2,15-07-2025,Synthetic (New Formula)
Denza,Denza D9,2023,90086.02187585787,40330.0,New,Phnom Penh,Blue,103,600,230,6.9,Private,GB-T/CCS2,1/5/2025,Synthetic (New Formula)
BYD,BYD Seal,2022,41568.61609222555,43350.0,New,Phnom Penh,White,61.4/82.5,400-550,150,3.8,Private,GB-T/CCS2,21-04-2024,Synthetic (New Formula)
Tesla,Tesla Model 3,2022,47724.165137400996,1060.0,Fair,Siem Reap,White,60/82,430-576,208,6.1,Dealer,GB-T/CCS2,2/8/2023,Synthetic (New Formula)
VinFast,VinFast VF 6,2024,28461.95980829402,41940.0,Excellent,Sihanoukville,Silver,59.6,399,110,,Dealer,GB-T/CCS2,27-08-2025,Synthetic (New Formula)
Tesla,Tesla Model Y,2025,55742.01206087414,0.0,Excellent,Siem Reap,White,60/75/82,430-600,220,6.9,Private,GB-T/CCS2,9/7/2023,Synthetic (New Formula)
BYD,BYD Seagull,2025,19779.055268106524,14756.0,Like New,Kampong Cham,Red,30/38.88,190-305,55,,Dealer,GB-T/CCS2,4/7/2025,Synthetic (New Formula)
BYD,BYD Tang,2023,64976.56574399278,18530.0,New,Kep,White,86.4/108.8,400-530,180,4.6,Dealer,GB-T/CCS2,6/1/2022,Synthetic (New Formula)
Mercedes,Mercedes EQB,2022,76413.7995789195,56784.0,New,Phnom Penh,Orange,66.5,419,168,8.0,Dealer,GB-T/CCS2,25-01-2024,Synthetic (New Formula)
BYD,BYD Sealion 5,2023,26815.270467572376,3316.0,New,Phnom Penh,White,60/72.8,410-520,150,7.5,Dealer,GB-T/CCS2,10/7/2025,Synthetic (New Formula)
Kia,Kia EV6,2022,53564.90281825608,12844.0,Excellent,Kampong Cham,Grey,77.4,484,168,7.1,Private,GB-T/CCS2,6/5/2025,Synthetic (New Formula)
BYD,BYD Dolphin,2025,27207.041522863416,24099.0,New,Sihanoukville,Black,44.9/60.5,310-420,70,7.5,Dealer,GB-T/CCS2,3/2/2022,Synthetic (New Formula)
Toyota,Toyota bZ4X,2023,47798.87792093697,23400.0,New,Phnom Penh,Black,71.4,500,150,7.1,Dealer,GB-T/CCS2,23-08-2023,Synthetic (New Formula)
BYD,BYD Tang,2023,67818.97286299562,56880.0,New,Sihanoukville,White,86.4/108.8,400-530,180,4.6,Dealer,GB-T/CCS2,11/6/2020,Synthetic (New Formula)
Zeekr,Zeekr X,2022,57745.34031194562,26280.0,Excellent,Phnom Penh,Pearl White,66,440,200,5.6,Private,GB-T/CCS2,19-09-2025,Synthetic (New Formula)
Hyundai,Hyundai Ioniq 5,2024,43810.762620463465,4425.0,New,Kampong Cham,Grey,58/72.6,354-488,125,7.4,Dealer,GB-T/CCS2,20-06-2021,Synthetic (New Formula)
BYD,BYD Seagull,2020,21568.48053887933,5760.0,Like New,Siem Reap,White,30/38.88,190-305,55,,Private,GB-T/CCS2,23-02-2024,Synthetic (New Formula)
Leapmotor,Leapmotor T03,2022,15117.060495780956,56601.0,Good,Phnom Penh,Cosmos Black,41.3,403,80,,Private,GB-T/CCS2,5/2/2023,Synthetic (New Formula)
BMW,BMW iX1,2020,62369.94574026887,4025.0,Like New,Siem Reap,White,64.7,417,150,8.6,Authorized Dealer,GB-T/CCS2,22-08-2023,Synthetic (New Formula)
AION,AION Y Plus,2024,38346.05790976953,55944.0,Good,Phnom Penh,Black,51.9/63.9,410-510,150,7.8,Dealer,GB-T/CCS2,17-10-2024,Synthetic (New Formula)
Xiaomi,Xiaomi SU7,2022,89038.88497636926,38988.0,New,Kampong Cham,Silver,73.6/94.3,495-830,220,5.3,Dealer,GB-T/CCS2,20-05-2025,Synthetic (New Formula)
VinFast,VinFast VF 6,2021,27058.838417376104,962.0,New,Sihanoukville,Silver,59.6,399,110,,Dealer,GB-T/CCS2,20-06-2023,Synthetic (New Formula)
Nissan,Nissan Leaf,2024,30976.084478986166,24248.0,Excellent,Kampot,Black,40/62,240-385,110,7.0,Authorized Dealer,GB-T/CCS2,4/8/2021,Synthetic (New Formula)
Hyundai,Hyundai Ioniq 5,2024,42891.050863286524,5755.0,Excellent,Phnom Penh,White,58/72.6,354-488,125,7.4,Private,GB-T/CCS2,23-04-2023,Synthetic (New Formula)
Tesla,Tesla Model 3,2022,53886.48554313559,41940.0,New,Phnom Penh,White,60/82,430-576,208,6.1,Private,GB-T/CCS2,1/2/2023,Synthetic (New Formula)
Avatr,Avatr 11,2023,65869.00438633097,0.0,Excellent,Phnom Penh,Red,90/116,555-700,230,3.9,Private,GB-T/CCS2,3/8/2023,Synthetic (New Formula)
VinFast,VinFast VF 6,2025,26488.944850008804,43513.0,Fair,Sihanoukville,White,59.6,399,110,,Private,GB-T/CCS2,18-03-2023,Synthetic (New Formula)
BYD,BYD Seagull,2025,21190.60212887813,27300.0,New,Siem Reap,White,30/38.88,190-305,55,,Private,GB-T/CCS2,23-02-2024,Synthetic (New Formula)
Toyota,Toyota bZ4X,2024,49164.433899433556,36680.0,Like New,Phnom Penh,White,71.4,500,150,7.1,Authorized Dealer,GB-T/CCS2,22-10-2024,Synthetic (New Formula)
Toyota,Toyota bZ4X,2024,45772.267765465025,4230.0,Fair,Phnom Penh,Pearl White,71.4,500,150,7.1,Private,GB-T/CCS2,28-04-2024,Synthetic (New Formula)
BYD,BYD Tang,2021,66466.75519620636,4230.0,New,Sihanoukville,Silver,86.4/108.8,400-530,180,4.6,Authorized Dealer,GB-T/CCS2,5/5/2021,Synthetic (New Formula)
BYD,BYD Atto 3,2024,28690.933632541364,5755.0,Excellent,Kampong Cham,Silver,50/60.5,340-420,150,7.3,Dealer,GB-T/CCS2,13-10-2023,Synthetic (New Formula)
Nissan,Nissan Leaf,2025,30599.119239772117,44680.0,New,Phnom Penh,White,40/62,240-385,110,7.0,Dealer,GB-T/CCS2,26-08-2020,Synthetic (New Formula)
VinFast,VinFast VF 8,2020,48215.30224711816,991.0,New,Preah Vihear,Green,82/87.5,420-500,150,5.5,Authorized Dealer,GB-T/CCS2,27-01-2024,Synthetic (New Formula)
Zeekr,Zeekr X,2024,54451.15874411421,10065.0,New,Phnom Penh,Red,66,440,200,5.6,Dealer,GB-T/CCS2,24-05-2025,Synthetic (New Formula)
Zeekr,Zeekr X,2025,50409.60409220127,10881.0,Fair,Kampot,White,66,440,200,5.6,Private,GB-T/CCS2,25-09-2023,Synthetic (New Formula)
VinFast,VinFast VF 6,2023,25226.576651072108,1100.0,Excellent,Siem Reap,Grey,59.6,399,110,,Private,GB-T/CCS2,3/2/2025,Synthetic (New Formula)
Zeekr,Zeekr 007,2023,67481.20700590307,12265.0,New,Phnom Penh,Red,75/100,530-688,310,3.5,Dealer,GB-T/CCS2,8/5/2025,Synthetic (New Formula)
MG,MG 5,2024,23044.78284241826,31745.0,Excellent,Phnom Penh,White,61.1,403,130,7.7,Private,GB-T/CCS2,17-08-2021,Synthetic (New Formula)
AION,AION V,2022,42014.44544500617,39039.0,Good,Phnom Penh,White,68.8/80,480-610,165,7.1,Dealer,GB-T/CCS2,1/8/2025,Synthetic (New Formula)
XPeng,XPeng G6,2022,52648.163154846734,29316.0,Good,Phnom Penh,Black,66/87.5,435-570,190,6.2,Authorized Dealer,GB-T/CCS2,10/7/2024,Synthetic (New Formula)
BYD,BYD Dolphin,2021,28940.794673537293,33136.0,Fair,Sihanoukville,Silver,44.9/60.5,310-420,70,7.5,Dealer,GB-T/CCS2,7/7/2024,Synthetic (New Formula)
AITO,AITO M7,2025,58808.26201815298,26102.0,New,Phnom Penh,Orange,40,200 PHEV,330,4.8,Private,GB-T/CCS2,13-04-2025,Synthetic (New Formula)
Kia,Kia EV5,2024,35822.877457856186,16338.0,Excellent,Phnom Penh,Silver,64.2/88,400-600,160,7.5,Dealer,GB-T/CCS2,28-06-2023,Synthetic (New Formula)
Deepal,Deepal L07,2025,50477.21618211125,38480.0,Fair,Phnom Penh,Grey,31.6,200 PHEV,160,7.3,Dealer,GB-T/CCS2,21-06-2024,Synthetic (New Formula)
AION,AION ES,2025,29222.723605993284,12265.0,New,Phnom Penh,White,55.6,410,150,7.5,Dealer,GB-T/CCS2,16-02-2025,Synthetic (New Formula)
Mercedes,Mercedes EQB,2025,67975.31240165686,28560.0,Excellent,Phnom Penh,White,66.5,419,168,8.0,Authorized Dealer,GB-T/CCS2,11/12/2021,Synthetic (New Formula)
MG,MG 5,2022,22592.54755722152,0.0,New,Siem Reap,White,61.1,403,130,7.7,Authorized Dealer,GB-T/CCS2,22-12-2022,Synthetic (New Formula)
MG,MG ZS EV,2024,31442.70238759267,47670.0,Good,Phnom Penh,Silver,50.3/72.6,320-440,115,8.6,Private,GB-T/CCS2,24-08-2020,Synthetic (New Formula)
Avatr,Avatr 07,2024,48793.59042005466,34632.0,Fair,Phnom Penh,Cosmos Black,62.2/100.5,420-621,190,4.9,Dealer,GB-T/CCS2,2/6/2024,Synthetic (New Formula)
VinFast,VinFast VF 8,2025,40218.08260782851,0.0,Like New,Kampong Cham,Blue,82/87.5,420-500,150,5.5,Dealer,GB-T/CCS2,12/5/2025,Synthetic (New Formula)
Deepal,Deepal S07,2025,52651.58165114045,10538.0,Excellent,Phnom Penh,Silver,31.6/80,200 PHEV,190,6.7,Private,GB-T/CCS2,20-06-2024,Synthetic (New Formula)
AITO,AITO M7,2024,59398.35901179158,30711.0,New,Phnom Penh,Orange,40,200 PHEV,330,4.8,Private,GB-T/CCS2,13-04-2025,Synthetic (New Formula)
BYD,BYD Tang,2024,67669.88669903688,56784.0,New,Siem Reap,Silver,86.4/108.8,400-530,180,4.6,Private,GB-T/CCS2,13-05-2024,Synthetic (New Formula)
Leapmotor,Leapmotor T03,2022,15247.89858049411,52560.0,Like New,Siem Reap,Black,41.3,403,80,,Private,GB-T/CCS2,19-11-2023,Synthetic (New Formula)
BMW,BMW iX1,2022,61164.8011633887,19038.0,Like New,Battambang,White,64.7,417,150,8.6,Dealer,GB-T/CCS2,24-02-2023,Synthetic (New Formula)
Tesla,Tesla Model 3,2024,47779.79102652183,20856.0,Excellent,Phnom Penh,Black,60/82,430-576,208,6.1,Dealer,GB-T/CCS2,5/5/2021,Synthetic (New Formula)
MG,MG 4 EV,2024,26980.444630732116,26768.0,Like New,Phnom Penh,Grey,51/64/77,350-520,125,7.7,Dealer,GB-T/CCS2,26-01-2024,Synthetic (New Formula)
VinFast,VinFast VF 8,2025,41641.497583412776,12446.0,Excellent,Phnom Penh,White,82/87.5,420-500,150,5.5,Authorized Dealer,GB-T/CCS2,4/2/2025,Synthetic (New Formula)
VinFast,VinFast VF 9,2022,70727.63885171559,6792.0,Excellent,Phnom Penh,Grey,123,438,300,6.5,Private,GB-T/CCS2,2/1/2025,Synthetic (New Formula)
Leapmotor,Leapmotor T03,2025,12950.548164635784,15521.0,Good,Preah Vihear,White,41.3,403,80,,Authorized Dealer,GB-T/CCS2,10/2/2025,Synthetic (New Formula)
BYD,BYD Seal,2022,39600.95360949748,34632.0,New,Sihanoukville,White,61.4/82.5,400-550,150,3.8,Dealer,GB-T/CCS2,2/11/2023,Synthetic (New Formula)
Kia,Kia EV9,2022,81081.06641069312,16966.0,Fair,Koh Kong,Silver,99.8,541,283,5.3,Authorized Dealer,GB-T/CCS2,7/5/2024,Synthetic (New Formula)
Tesla,Tesla Model Y,2024,64154.24797877278,24800.0,Like New,Sihanoukville,Silver,60/75/82,430-600,220,6.9,Dealer,GB-T/CCS2,9/8/2021,Synthetic (New Formula)
Leapmotor,Leapmotor T03,2024,12189.232687121144,8998.0,Excellent,Phnom Penh,Pearl White,41.3,403,80,,Dealer,GB-T/CCS2,1/5/2022,Synthetic (New Formula)
Kia,Kia EV9,2021,81883.06139217058,1033.0,New,Koh Kong,Silver,99.8,541,283,5.3,Authorized Dealer,GB-T/CCS2,7/5/2024,Synthetic (New Formula)
Hyundai,Hyundai Ioniq 5,2023,41542.458948790016,8736.0,New,Phnom Penh,Blue,58/72.6,354-488,125,7.4,Authorized Dealer,GB-T/CCS2,9/2/2025,Synthetic (New Formula)
Xiaomi,Xiaomi SU7,2025,75402.8366798025,13392.0,New,Phnom Penh,Silver,73.6/94.3,495-830,220,5.3,Dealer,GB-T/CCS2,3/12/2024,Synthetic (New Formula)
AITO,AITO M5,2024,45133.34185188429,12912.0,New,Phnom Penh,Red,40,200 PHEV,200,4.8,Authorized Dealer,GB-T/CCS2,2/9/2022,Synthetic (New Formula)
VinFast,VinFast VF 9,2025,62224.252469668856,20196.0,Good,Phnom Penh,Black,123,438,300,6.5,Dealer,GB-T/CCS2,14-05-2025,Synthetic (New Formula)
Avatr,Avatr 11,2023,69876.99488920034,16282.0,Good,Phnom Penh,Red,90/116,555-700,230,3.9,Authorized Dealer,GB-T/CCS2,19-07-2024,Synthetic (New Formula)
Avatr,Avatr 11,2024,65111.06241601175,3316.0,Excellent,Phnom Penh,Blue,90/116,555-700,230,3.9,Authorized Dealer,GB-T/CCS2,18-08-2022,Synthetic (New Formula)
BYD,BYD Seal,2023,37627.97256836741,39100.0,New,Siem Reap,Grey,61.4/82.5,400-550,150,3.8,Authorized Dealer,GB-T/CCS2,17-05-2025,Synthetic (New Formula)
Zeekr,Zeekr X,2024,56277.694833906775,15418.0,Excellent,Kampot,White,66,440,200,5.6,Private,GB-T/CCS2,25-09-2023,Synthetic (New Formula)
MG,MG ZS EV,2025,28392.24507707898,5190.0,Like New,Siem Reap,White,50.3/72.6,320-440,115,8.6,Dealer,GB-T/CCS2,24-01-2023,Synthetic (New Formula)
Hyundai,Hyundai Ioniq 6,2022,58284.85987579979,14127.0,Fair,Phnom Penh,Black,53/77.4,429-614,151,8.1,Dealer,GB-T/CCS2,10/11/2023,Synthetic (New Formula)
Zeekr,Zeekr X,2025,59831.76963458106,55676.0,Good,Phnom Penh,Pearl White,66,440,200,5.6,Private,GB-T/CCS2,19-09-2025,Synthetic (New Formula)
BYD,BYD Han,2023,62505.54853879017,22088.0,Like New,Kampong Cham,White,76.9/85.4,500-610,180,3.9,Authorized Dealer,GB-T/CCS2,19-05-2022,Synthetic (New Formula)
Nissan,Nissan Leaf,2025,31084.893814862546,31528.0,Like New,Kep,Silver,40/62,240-385,110,7.0,Private,GB-T/CCS2,27-01-2021,Synthetic (New Formula)
Tesla,Tesla Model 3,2020,60194.346368933766,59940.0,New,Phnom Penh,Silver,60/82,430-576,208,6.1,Private,GB-T/CCS2,22-06-2020,Synthetic (New Formula)
MG,MG ZS EV,2024,30581.381414383235,26280.0,Excellent,Phnom Penh,White,50.3/72.6,320-440,115,8.6,Authorized Dealer,GB-T/CCS2,10/8/2021,Synthetic (New Formula)
AION,AION V,2021,46800.283983645546,58023.0,New,Phnom Penh,Grey,68.8/80,480-610,165,7.1,Private,GB-T/CCS2,27-09-2024,Synthetic (New Formula)
AITO,AITO M7,2024,58568.40665815331,10065.0,Excellent,Phnom Penh,Green,40,200 PHEV,330,4.8,Authorized Dealer,GB-T/CCS2,15-10-2024,Synthetic (New Formula)
VinFast,VinFast VF 8,2025,47649.5141690704,58023.0,Fair,Phnom Penh,Silver,82/87.5,420-500,150,5.5,Authorized Dealer,GB-T/CCS2,9/8/2023,Synthetic (New Formula)
Nissan,Nissan Leaf,2025,28610.640135078775,38480.0,Excellent,Koh Kong,White,40/62,240-385,110,7.0,Authorized Dealer,GB-T/CCS2,25-01-2025,Synthetic (New Formula)
VinFast,VinFast VF 9,2022,68706.5302514313,3408.0,Like New,Battambang,Black,123,438,300,6.5,Private,GB-T/CCS2,25-08-2025,Synthetic (New Formula)
AITO,AITO M5,2022,50124.33148794437,5755.0,Like New,Siem Reap,White,40,200 PHEV,200,4.8,Authorized Dealer,GB-T/CCS2,11/2/2023,Synthetic (New Formula)
Kia,Kia EV5,2025,38961.20707859714,44680.0,New,Phnom Penh,Black,64.2/88,400-600,160,7.5,Authorized Dealer,GB-T/CCS2,8/9/2023,Synthetic (New Formula)
VinFast,VinFast VF 8,2025,46983.510232365836,39303.0,Excellent,Phnom Penh,White,82/87.5,420-500,150,5.5,Authorized Dealer,GB-T/CCS2,17-04-2024,Synthetic (New Formula)
AION,AION ES,2023,32157.44602506103,20660.0,Excellent,Kep,White,55.6,410,150,7.5,Private,GB-T/CCS2,28-12-2024,Synthetic (New Formula)
AION,AION V,2024,38448.18965582666,0.0,New,Phnom Penh,Silver,68.8/80,480-610,165,7.1,Dealer,GB-T/CCS2,20-03-2024,Synthetic (New Formula)
XPeng,XPeng G6,2025,45869.56708062317,13454.0,New,Phnom Penh,Grey,66/87.5,435-570,190,6.2,Authorized Dealer,GB-T/CCS2,27-01-2025,Synthetic (New Formula)
Arcfox,Arcfox Koala S,2025,25154.389751299943,0.0,New,Phnom Penh,Black,42.8,301,120,8.5,Authorized Dealer,GB-T/CCS2,26-05-2025,Synthetic (New Formula)
MG,MG 5,2025,20085.0204531097,0.0,Excellent,Siem Reap,Blue,61.1,403,130,7.7,Dealer,GB-T/CCS2,6/2/2024,Synthetic (New Formula)
BYD,BYD Seagull,2022,21236.81625144912,12698.0,Excellent,Kampong Cham,Red,30/38.88,190-305,55,,Dealer,GB-T/CCS2,4/7/2025,Synthetic (New Formula)
AION,AION ES,2025,30470.53128110991,5190.0,New,Phnom Penh,White,55.6,410,150,7.5,Authorized Dealer,GB-T/CCS2,2/5/2025,Synthetic (New Formula)
AITO,AITO M7,2025,54539.56566198047,7512.0,Excellent,Siem Reap,White,40,200 PHEV,330,4.8,Private,GB-T/CCS2,11/1/2023,Synthetic (New Formula)
BMW,BMW iX1,2022,59143.92521996841,0.0,New,Siem Reap,White,64.7,417,150,8.6,Authorized Dealer,GB-T/CCS2,22-08-2023,Synthetic (New Formula)
VinFast,VinFast VF 6,2023,26802.32220324312,26280.0,Fair,Siem Reap,Silver,59.6,399,110,,Private,GB-T/CCS2,6/5/2025,Synthetic (New Formula)
BYD,BYD Sealion 5,2024,28704.75170807908,25885.0,New,Phnom Penh,White,60/72.8,410-520,150,7.5,Dealer,GB-T/CCS2,10/7/2025,Synthetic (New Formula)
AION,AION V,2025,38048.545169347424,0.0,Excellent,Phnom Penh,Blue,68.8/80,480-610,165,7.1,Dealer,GB-T/CCS2,24-05-2025,Synthetic (New Formula)
AION,AION V,2023,44225.21903547936,33292.0,New,Phnom Penh,Black,68.8/80,480-610,165,7.1,Private,GB-T/CCS2,15-02-2025,Synthetic (New Formula)
BYD,BYD Atto 3,2025,28239.325918491337,0.0,Like New,Phnom Penh,Black,50/60.5,340-420,150,7.3,Dealer,GB-T/CCS2,8/3/2022,Synthetic (New Formula)
MG,MG 4 EV,2023,27841.296476576215,18530.0,Excellent,Kep,Silver,51/64/77,350-520,125,7.7,Dealer,GB-T/CCS2,27-08-2025,Synthetic (New Formula)
BYD,BYD Dolphin,2024,25327.635859110625,8736.0,Excellent,Koh Kong,Black,44.9/60.5,310-420,70,7.5,Dealer,GB-T/CCS2,8/11/2022,Synthetic (New Formula)
VinFast,VinFast VF 6,2023,27612.4854550217,26992.0,Excellent,Siem Reap,Grey,59.6,399,110,,Private,GB-T/CCS2,3/2/2025,Synthetic (New Formula)
Leapmotor,Leapmotor T03,2025,12851.81047025785,20540.0,Like New,Preah Vihear,White,41.3,403,80,,Authorized Dealer,GB-T/CCS2,10/2/2025,Synthetic (New Formula)
Avatr,Avatr 07,2024,48423.49408904064,2054.0,Like New,Sihanoukville,Black,62.2/100.5,420-621,190,4.9,Private,GB-T/CCS2,25-09-2024,Synthetic (New Formula)
BYD,BYD Atto 2,2022,24533.403032619626,0.0,New,Sihanoukville,Grey,45.1,312-401,130,7.9,Dealer,GB-T/CCS2,25-12-2024,Synthetic (New Formula)
Hyundai,Hyundai Ioniq 5,2022,48648.82663582762,35178.0,Like New,Kampong Cham,Grey,58/72.6,354-488,125,7.4,Dealer,GB-T/CCS2,20-06-2021,Synthetic (New Formula)
Avatr,Avatr 11,2022,66198.25124445034,7434.0,New,Phnom Penh,Red,90/116,555-700,230,3.9,Private,GB-T/CCS2,3/8/2023,Synthetic (New Formula)
Kia,Kia EV5,2025,36064.1869353566,28210.0,Like New,Phnom Penh,Grey,64.2/88,400-600,160,7.5,Private,GB-T/CCS2,16-04-2025,Synthetic (New Formula)
Nissan,Nissan Leaf,2025,30091.629953125746,24525.0,Like New,Phnom Penh,White,40/62,240-385,110,7.0,Dealer,GB-T/CCS2,26-08-2020,Synthetic (New Formula)
BYD,BYD Sealion 6,2022,49900.726548686,33136.0,New,Battambang,Blue,18.3,80-100 PHEV,145,8.5,Dealer,GB-T/CCS2,24-01-2025,Synthetic (New Formula)
Kia,Kia EV6,2024,45574.23912601216,1650.0,Excellent,Sihanoukville,Green,77.4,484,168,7.1,Authorized Dealer,GB-T/CCS2,3/1/2024,Synthetic (New Formula)
Avatr,Avatr 11,2024,72141.49332777345,26280.0,Excellent,Phnom Penh,White,90/116,555-700,230,3.9,Authorized Dealer,GB-T/CCS2,27-08-2025,Synthetic (New Formula)
Mercedes,Mercedes EQB,2021,66921.74312968052,8808.0,Like New,Kampot,White,66.5,419,168,8.0,Dealer,GB-T/CCS2,28-08-2025,Synthetic (New Formula)
MG,MG 4 EV,2025,29495.686035476552,56880.0,Excellent,Kratie,Grey,51/64/77,350-520,125,7.7,Private,GB-T/CCS2,9/11/2021,Synthetic (New Formula)
MG,MG 5,2024,21765.407458611247,6825.0,New,Phnom Penh,White,61.1,403,130,7.7,Private,GB-T/CCS2,17-08-2021,Synthetic (New Formula)
VinFast,VinFast VF 8,2021,46962.91870729963,14756.0,Good,Preah Vihear,Green,82/87.5,420-500,150,5.5,Authorized Dealer,GB-T/CCS2,27-01-2024,Synthetic (New Formula)
Zeekr,Zeekr X,2022,60749.839819183275,29551.0,Like New,Phnom Penh,Red,66,440,200,5.6,Dealer,GB-T/CCS2,24-05-2025,Synthetic (New Formula)
VinFast,VinFast VF 6,2022,25444.903396525933,5755.0,Fair,Sihanoukville,White,59.6,399,110,,Private,GB-T/CCS2,18-03-2023,Synthetic (New Formula)
Zeekr,Zeekr 001,2022,79006.79479264985,35280.0,New,Kampot,White,86/100,560-620,200,3.3,Dealer,GB-T/CCS2,15-02-2025,Synthetic (New Formula)
Toyota,Toyota bZ4X,2024,45991.77501867511,17238.0,Fair,Phnom Penh,Blue,71.4,500,150,7.1,Private,GB-T/CCS2,18-09-2025,Synthetic (New Formula)
Zeekr,Zeekr 001,2022,76117.20126608071,0.0,New,Phnom Penh,White,86/100,560-620,200,3.3,Dealer,GB-T/CCS2,15-02-2023,Synthetic (New Formula)
BYD,BYD Seal,2024,37633.67085083972,36686.0,New,Phnom Penh,Grey,61.4/82.5,400-550,150,3.8,Authorized Dealer,GB-T/CCS2,17-02-2023,Synthetic (New Formula)
BYD,BYD Seal 5,2025,20125.639818082134,8190.0,Good,Preah Vihear,White,15.8,80 PHEV,110,7.9,Authorized Dealer,GB-T/CCS2,1/5/2024,Synthetic (New Formula)
VinFast,VinFast VF 6,2025,25427.361482381355,9185.0,Excellent,Siem Reap,Grey,59.6,399,110,,Private,GB-T/CCS2,3/2/2025,Synthetic (New Formula)
AITO,AITO M5,2023,46209.45722072163,14756.0,Like New,Kampong Cham,Black,40,200 PHEV,200,4.8,Private,GB-T/CCS2,10/3/2022,Synthetic (New Formula)
BYD,BYD Seagull,2025,21280.48648956604,56880.0,New,Kampong Cham,Red,30/38.88,190-305,55,,Dealer,GB-T/CCS2,4/7/2025,Synthetic (New Formula)
BYD,BYD Sealion 6,2024,47824.70603228036,55676.0,Excellent,Phnom Penh,Black,18.3,80-100 PHEV,145,8.5,Authorized Dealer,GB-T/CCS2,28-09-2025,Synthetic (New Formula)
Tesla,Tesla Model 3,2022,52923.50923232807,52871.0,New,Koh Kong,White,60/82,430-576,208,6.1,Private,GB-T/CCS2,3/5/2023,Synthetic (New Formula)
Avatr,Avatr 11,2025,68028.58737897297,18649.0,Excellent,Kep,Grey,90/116,555-700,230,3.9,Private,GB-T/CCS2,9/10/2024,Synthetic (New Formula)
Kia,Kia EV9,2023,80066.45748964671,7924.0,Excellent,Phnom Penh,Black,99.8,541,283,5.3,Dealer,GB-T/CCS2,20-05-2025,Synthetic (New Formula)
Tesla,Tesla Model 3,2023,47085.401133861924,17136.0,New,Phnom Penh,White,60/82,430-576,208,6.1,Authorized Dealer,GB-T/CCS2,28-04-2025,Synthetic (New Formula)
AION,AION Y Plus,2024,35505.723749666926,8630.0,Like New,Phnom Penh,Silver,51.9/63.9,410-510,150,7.8,Authorized Dealer,GB-T/CCS2,2/1/2025,Synthetic (New Formula)
BYD,BYD Seal 5,2024,21568.80718138045,22512.0,New,Sihanoukville,Red,15.8,80 PHEV,110,7.9,Authorized Dealer,GB-T/CCS2,4/7/2025,Synthetic (New Formula)
Denza,Denza D9,2022,97893.28263545172,72513.0,Like New,Phnom Penh,Pearl White,103,600,230,6.9,Authorized Dealer,GB-T/CCS2,16-08-2025,Synthetic (New Formula)
AION,AION ES,2024,33235.035229299705,30008.0,Excellent,Phnom Penh,White,55.6,410,150,7.5,Authorized Dealer,GB-T/CCS2,2/5/2025,Synthetic (New Formula)
Deepal,Deepal S07,2022,57949.33376056194,32973.0,Good,Phnom Penh,Silver,31.6/80,200 PHEV,190,6.7,Private,GB-T/CCS2,20-06-2024,Synthetic (New Formula)
BYD,BYD Seal,2023,37701.05422445582,21014.0,Excellent,Phnom Penh,Grey,61.4/82.5,400-550,150,3.8,Authorized Dealer,GB-T/CCS2,17-02-2023,Synthetic (New Formula)
Avatr,Avatr 07,2022,47372.06531330306,866.0,New,Phnom Penh,Blue,62.2/100.5,420-621,190,4.9,Private,GB-T/CCS2,26-03-2024,Synthetic (New Formula)
Mercedes,Mercedes EQB,2024,68917.88633105888,26854.0,Like New,Phnom Penh,Orange,66.5,419,168,8.0,Dealer,GB-T/CCS2,25-01-2024,Synthetic (New Formula)
AITO,AITO M5,2025,46144.427294871544,5755.0,Like New,Phnom Penh,Grey,40,200 PHEV,200,4.8,Dealer,GB-T/CCS2,6/4/2024,Synthetic (New Formula)
VinFast,VinFast VF 9,2025,66016.9352058133,24800.0,New,Phnom Penh,Silver,123,438,300,6.5,Authorized Dealer,GB-T/CCS2,18-05-2022,Synthetic (New Formula)
Hyundai,Hyundai Ioniq 6,2020,56694.24445683876,868.0,Good,Phnom Penh,Silver,53/77.4,429-614,151,8.1,Authorized Dealer,GB-T/CCS2,21-01-2025,Synthetic (New Formula)
Kia,Kia EV9,2025,74491.7045395653,5035.0,Fair,Phnom Penh,Black,99.8,541,283,5.3,Private,GB-T/CCS2,9/6/2023,Synthetic (New Formula)
BYD,BYD Seal,2023,39409.58278663736,42883.0,Excellent,Phnom Penh,Grey,61.4/82.5,400-550,150,3.8,Private,GB-T/CCS2,13-06-2022,Synthetic (New Formula)
Hyundai,Hyundai Ioniq 5,2024,48204.19209806087,56784.0,New,Kampong Cham,Grey,58/72.6,354-488,125,7.4,Dealer,GB-T/CCS2,20-06-2021,Synthetic (New Formula)
Zeekr,Zeekr 001,2022,78986.04871157542,25048.0,New,Phnom Penh,Blue,86/100,560-620,200,3.3,Dealer,GB-T/CCS2,16-10-2024,Synthetic (New Formula)
Kia,Kia EV5,2023,36944.27956014835,868.0,New,Phnom Penh,Blue,64.2/88,400-600,160,7.5,Authorized Dealer,GB-T/CCS2,11/2/2024,Synthetic (New Formula)
Nissan,Nissan Leaf,2021,32434.5173643076,23722.0,Like New,Siem Reap,Blue,40/62,240-385,110,7.0,Dealer,GB-T/CCS2,2/5/2023,Synthetic (New Formula)
VinFast,VinFast VF 9,2022,67480.12211317998,2142.0,Like New,Phnom Penh,White,123,438,300,6.5,Private,GB-T/CCS2,11/1/2024,Synthetic (New Formula)
Tesla,Tesla Model Y,2022,65216.53825853317,42883.0,Good,Siem Reap,Red,60/75/82,430-600,220,6.9,Authorized Dealer,GB-T/CCS2,8/4/2021,Synthetic (New Formula)
Leapmotor,Leapmotor T03,2024,12920.785312197042,960.0,New,Siem Reap,Grey,41.3,403,80,,Authorized Dealer,GB-T/CCS2,1/8/2022,Synthetic (New Formula)
BYD,BYD Han,2025,55560.84325404897,944.0,Good,Kampong Cham,White,76.9/85.4,500-610,180,3.9,Authorized Dealer,GB-T/CCS2,19-05-2022,Synthetic (New Formula)
BYD,BYD Sealion 5,2022,28525.0052900424,3660.0,New,Phnom Penh,White,60/72.8,410-520,150,7.5,Dealer,GB-T/CCS2,10/7/2025,Synthetic (New Formula)
Tesla,Tesla Model Y,2025,62308.96193167232,43512.0,Excellent,Phnom Penh,Silver,60/75/82,430-600,220,6.9,Authorized Dealer,GB-T/CCS2,10/10/2023,Synthetic (New Formula)
Hyundai,Hyundai Ioniq 5,2024,40842.22255547652,0.0,New,Preah Vihear,Blue,58/72.6,354-488,125,7.4,Dealer,GB-T/CCS2,27-01-2024,Synthetic (New Formula)
Zeekr,Zeekr 001,2023,71750.32665406764,7504.0,Excellent,Battambang,Silver,86/100,560-620,200,3.3,Authorized Dealer,GB-T/CCS2,18-03-2022,Synthetic (New Formula)
Mercedes,Mercedes EQB,2025,64605.35508671487,4120.0,New,Phnom Penh,White,66.5,419,168,8.0,Authorized Dealer,GB-T/CCS2,11/12/2021,Synthetic (New Formula)
Hyundai,Hyundai Ioniq 6,2024,55143.97807007683,25800.0,Excellent,Phnom Penh,White,53/77.4,429-614,151,8.1,Dealer,GB-T/CCS2,12/7/2024,Synthetic (New Formula)
Hyundai,Hyundai Ioniq 5,2023,49142.43459348413,38480.0,New,Phnom Penh,Black,58/72.6,354-488,125,7.4,Dealer,GB-T/CCS2,24-07-2023,Synthetic (New Formula)
Zeekr,Zeekr 007,2024,62180.749620820236,16439.0,Good,Phnom Penh,Red,75/100,530-688,310,3.5,Dealer,GB-T/CCS2,8/5/2025,Synthetic (New Formula)
BYD,BYD Atto 2,2023,26311.816821277946,43725.0,Good,Phnom Penh,Cosmos Black,45.1,312-401,130,7.9,Authorized Dealer,GB-T/CCS2,14-06-2024,Synthetic (New Formula)
Zeekr,Zeekr 001,2025,81115.63499335106,33635.0,Good,Kampot,White,86/100,560-620,200,3.3,Dealer,GB-T/CCS2,15-02-2025,Synthetic (New Formula)
Zeekr,Zeekr X,2024,54342.95036715804,24574.0,New,Phnom Penh,Black,66,440,200,5.6,Authorized Dealer,GB-T/CCS2,16-11-2024,Synthetic (New Formula)
Denza,Denza D9,2025,77291.47650494256,19566.0,Like New,Siem Reap,White,103,600,230,6.9,Authorized Dealer,GB-T/CCS2,14-02-2025,Synthetic (New Formula)
BYD,BYD Tang,2023,66367.01723593636,2346.0,New,Preah Vihear,Black,86.4/108.8,400-530,180,4.6,Private,GB-T/CCS2,21-05-2023,Synthetic (New Formula)
BYD,BYD Dolphin,2023,24803.549686755592,10030.0,New,Sihanoukville,Cosmos Black,44.9/60.5,310-420,70,7.5,Dealer,GB-T/CCS2,18-08-2025,Synthetic (New Formula)
MG,MG 5,2023,23547.52596503597,31958.0,New,Phnom Penh,Black,61.1,403,130,7.7,Dealer,GB-T/CCS2,16-09-2025,Synthetic (New Formula)
Denza,Denza D9,2024,78252.52881524796,1128.0,Like New,Battambang,Silver,103,600,230,6.9,Authorized Dealer,GB-T/CCS2,18-04-2022,Synthetic (New Formula)
Avatr,Avatr 11,2022,71486.01759926444,18180.0,New,Phnom Penh,Red,90/116,555-700,230,3.9,Dealer,GB-T/CCS2,1/1/2025,Synthetic (New Formula)
Tesla,Tesla Model 3,2025,43114.43471383586,1720.0,New,Kampong Cham,White,60/82,430-576,208,6.1,Private,GB-T/CCS2,5/8/2021,Synthetic (New Formula)
MG,MG 4 EV,2021,30438.5266457383,56601.0,Good,Phnom Penh,Grey,51/64/77,350-520,125,7.7,Dealer,GB-T/CCS2,28-08-2022,Synthetic (New Formula)
MG,MG 5,2025,21145.25027225572,868.0,Good,Phnom Penh,Blue,61.1,403,130,7.7,Authorized Dealer,GB-T/CCS2,2/2/2021,Synthetic (New Formula)
BYD,BYD Seagull,2021,20511.995842550026,17731.0,Fair,Kampong Cham,Red,30/38.88,190-305,55,,Dealer,GB-T/CCS2,4/7/2025,Synthetic (New Formula)
BYD,BYD Tang,2023,70187.32281923783,52100.0,Like New,Phnom Penh,Black,86.4/108.8,400-530,180,4.6,Authorized Dealer,GB-T/CCS2,23-10-2020,Synthetic (New Formula)
BYD,BYD Dolphin,2024,25857.69933336133,22480.0,New,Battambang,Silver,44.9/60.5,310-420,70,7.5,Private,GB-T/CCS2,9/10/2023,Synthetic (New Formula)
VinFast,VinFast VF 9,2024,66144.07564217928,24403.0,New,Kampong Cham,Silver,123,438,300,6.5,Private,GB-T/CCS2,6/10/2024,Synthetic (New Formula)
BYD,BYD Tang,2024,65697.22312084812,29280.0,New,Phnom Penh,Silver,86.4/108.8,400-530,180,4.6,Private,GB-T/CCS2,12/1/2024,Synthetic (New Formula)
AION,AION Y Plus,2025,35439.83951270559,35800.0,Good,Phnom Penh,Blue,51.9/63.9,410-510,150,7.8,Authorized Dealer,GB-T/CCS2,24-04-2024,Synthetic (New Formula)
BYD,BYD Seal 5,2025,21513.181044916615,27690.0,Excellent,Sihanoukville,Red,15.8,80 PHEV,110,7.9,Authorized Dealer,GB-T/CCS2,4/7/2025,Synthetic (New Formula)
AITO,AITO M5,2023,44777.93402588463,0.0,Like New,Phnom Penh,Red,40,200 PHEV,200,4.8,Authorized Dealer,GB-T/CCS2,2/9/2022,Synthetic (New Formula)
Hyundai,Hyundai Ioniq 6,2022,57897.64075590018,25146.0,New,Sihanoukville,Silver,53/77.4,429-614,151,8.1,Private,GB-T/CCS2,24-08-2023,Synthetic (New Formula)
Avatr,Avatr 11,2023,65692.2768932432,922.0,New,Battambang,White,90/116,555-700,230,3.9,Private,GB-T/CCS2,18-05-2022,Synthetic (New Formula)
BYD,BYD Atto 3,2023,34779.969739320135,55440.0,New,Phnom Penh,Black,50/60.5,340-420,150,7.3,Private,GB-T/CCS2,12/7/2023,Synthetic (New Formula)
Tesla,Tesla Model 3,2024,48731.147082531104,17040.0,Like New,Sihanoukville,Black,60/82,430-576,208,6.1,Authorized Dealer,GB-T/CCS2,27-11-2021,Synthetic (New Formula)
Zeekr,Zeekr 001,2024,77129.59352829894,32310.0,Like New,Preah Vihear,Silver,86/100,560-620,200,3.3,Authorized Dealer,GB-T/CCS2,5/6/2025,Synthetic (New Formula)
Arcfox,Arcfox Koala S,2024,29441.703964751938,40788.0,New,Siem Reap,White,42.8,301,120,8.5,Dealer,GB-T/CCS2,22-10-2024,Synthetic (New Formula)
Tesla,Tesla Model 3,2025,45287.912010767664,16524.0,Fair,Siem Reap,Green,60/82,430-576,208,6.1,Dealer,GB-T/CCS2,21-02-2021,Synthetic (New Formula)
AION,AION V,2023,41809.68566345405,19171.0,New,Phnom Penh,White,68.8/80,480-610,165,7.1,Dealer,GB-T/CCS2,1/8/2025,Synthetic (New Formula)
MG,MG ZS EV,2020,34297.820360604834,31563.0,Like New,Phnom Penh,White,50.3/72.6,320-440,115,8.6,Private,GB-T/CCS2,10/1/2025,Synthetic (New Formula)
Tesla,Tesla Model 3,2021,54802.64093980983,45520.0,Excellent,Koh Kong,White,60/82,430-576,208,6.1,Private,GB-T/CCS2,3/5/2023,Synthetic (New Formula)
Avatr,Avatr 11,2025,66035.47710410108,37350.0,Excellent,Phnom Penh,Cosmos Black,90/116,555-700,230,3.9,Private,GB-T/CCS2,15-05-2023,Synthetic (New Formula)
Zeekr,Zeekr 001,2024,76703.22098397839,26280.0,Excellent,Phnom Penh,Blue,86/100,560-620,200,3.3,Dealer,GB-T/CCS2,16-10-2024,Synthetic (New Formula)
Zeekr,Zeekr X,2025,60469.69482855947,48256.0,Excellent,Koh Kong,Grey,66,440,200,5.6,Dealer,GB-T/CCS2,23-05-2024,Synthetic (New Formula)
Toyota,Toyota bZ4X,2024,47888.679082575225,32310.0,New,Sihanoukville,White,71.4,500,150,7.1,Authorized Dealer,GB-T/CCS2,20-01-2024,Synthetic (New Formula)
Toyota,Toyota bZ4X,2024,46714.81696507301,8020.0,New,Phnom Penh,Pearl White,71.4,500,150,7.1,Private,GB-T/CCS2,7/1/2023,Synthetic (New Formula)
BYD,BYD Sealion 5,2024,26235.889497907076,3408.0,Good,Phnom Penh,Blue,60/72.8,410-520,150,7.5,Authorized Dealer,GB-T/CCS2,23-04-2025,Synthetic (New Formula)
AITO,AITO M7,2024,54131.82050201828,1060.0,Excellent,Kampong Cham,Grey,40,200 PHEV,330,4.8,Dealer,GB-T/CCS2,20-08-2022,Synthetic (New Formula)
Leapmotor,Leapmotor T03,2021,13682.953624033966,9185.0,Like New,Phnom Penh,Cosmos Black,41.3,403,80,,Private,GB-T/CCS2,5/2/2023,Synthetic (New Formula)
VinFast,VinFast VF 6,2024,24765.43495870859,24248.0,Fair,Sihanoukville,Silver,59.6,399,110,,Dealer,GB-T/CCS2,20-06-2023,Synthetic (New Formula)
AITO,AITO M5,2024,49914.11228619959,48256.0,Like New,Battambang,Grey,40,200 PHEV,200,4.8,Authorized Dealer,GB-T/CCS2,10/7/2025,Synthetic (New Formula)
Avatr,Avatr 11,2025,67061.18406405537,4640.0,Excellent,Battambang,White,90/116,555-700,230,3.9,Private,GB-T/CCS2,18-05-2022,Synthetic (New Formula)
Tesla,Tesla Model 3,2025,44054.43168830256,22480.0,New,Phnom Penh,White,60/82,430-576,208,6.1,Dealer,GB-T/CCS2,18-11-2023,Synthetic (New Formula)
Toyota,Toyota bZ5,2024,36816.98791373446,4424.0,Excellent,Phnom Penh,Black,71.2,630,180,6.8,Private,GB-T/CCS2,25-01-2025,Synthetic (New Formula)
BYD,BYD Seagull,2024,19202.564105242618,6090.0,Like New,Preah Vihear,White,30/38.88,190-305,55,,Private,GB-T/CCS2,17-03-2023,Synthetic (New Formula)
AITO,AITO M5,2022,46922.77040096923,4640.0,Fair,Kep,White,40,200 PHEV,200,4.8,Dealer,GB-T/CCS2,13-07-2024,Synthetic (New Formula)
Zeekr,Zeekr 007,2025,59446.58569851058,3468.0,Like New,Siem Reap,Pearl White,75/100,530-688,310,3.5,Authorized Dealer,GB-T/CCS2,11/6/2024,Synthetic (New Formula)
Denza,Denza D9,2023,89002.44529050475,19719.0,Good,Phnom Penh,Blue,103,600,230,6.9,Private,GB-T/CCS2,1/5/2025,Synthetic (New Formula)
VinFast,VinFast VF 8,2024,45715.315735573044,26564.0,Good,Phnom Penh,White,82/87.5,420-500,150,5.5,Authorized Dealer,GB-T/CCS2,17-04-2024,Synthetic (New Formula)
Avatr,Avatr 11,2024,67967.40399604895,8073.0,Good,Phnom Penh,Grey,90/116,555-700,230,3.9,Authorized Dealer,GB-T/CCS2,9/2/2023,Synthetic (New Formula)
Leapmotor,Leapmotor T03,2025,13444.252534105182,34304.0,Excellent,Siem Reap,Black,41.3,403,80,,Private,GB-T/CCS2,19-11-2023,Synthetic (New Formula)
BYD,BYD Tang,2024,66808.04329377861,26505.0,New,Phnom Penh,Silver,86.4/108.8,400-530,180,4.6,Private,GB-T/CCS2,12/1/2024,Synthetic (New Formula)
AION,AION V,2023,39105.89796953769,8272.0,Fair,Phnom Penh,Black,68.8/80,480-610,165,7.1,Private,GB-T/CCS2,15-02-2025,Synthetic (New Formula)
MG,MG 4 EV,2024,26811.831993815525,21014.0,New,Siem Reap,Silver,51/64/77,350-520,125,7.7,Authorized Dealer,GB-T/CCS2,3/5/2022,Synthetic (New Formula)
Zeekr,Zeekr X,2022,57591.752195036956,31944.0,New,Kampong Cham,Black,66,440,200,5.6,Authorized Dealer,GB-T/CCS2,7/1/2025,Synthetic (New Formula)
VinFast,VinFast VF 9,2022,68756.58913418863,0.0,Excellent,Battambang,Black,123,438,300,6.5,Private,GB-T/CCS2,25-08-2025,Synthetic (New Formula)
Avatr,Avatr 11,2024,67871.63743685889,4670.0,Like New,Siem Reap,Red,90/116,555-700,230,3.9,Private,GB-T/CCS2,4/4/2024,Synthetic (New Formula)
Kia,Kia EV5,2023,38376.28458685323,27027.0,Excellent,Siem Reap,Grey,64.2/88,400-600,160,7.5,Authorized Dealer,GB-T/CCS2,23-12-2023,Synthetic (New Formula)
AION,AION Y Plus,2023,34328.22678694254,8992.0,Good,Phnom Penh,Silver,51.9/63.9,410-510,150,7.8,Authorized Dealer,GB-T/CCS2,2/1/2025,Synthetic (New Formula)
Kia,Kia EV9,2025,76076.93856678509,8071.0,Excellent,Koh Kong,Silver,99.8,541,283,5.3,Authorized Dealer,GB-T/CCS2,7/5/2024,Synthetic (New Formula)
BYD,BYD Sealion 5,2025,23718.7249347031,0.0,Good,Siem Reap,Silver,60/72.8,410-520,150,7.5,Dealer,GB-T/CCS2,7/1/2025,Synthetic (New Formula)
Kia,Kia EV6,2025,51360.54404517858,33292.0,Like New,Phnom Penh,Silver,77.4,484,168,7.1,Dealer,GB-T/CCS2,14-12-2022,Synthetic (New Formula)
Deepal,Deepal S07,2024,51634.77380538813,8224.0,New,Kampot,White,31.6/80,200 PHEV,190,6.7,Dealer,GB-T/CCS2,4/12/2024,Synthetic (New Formula)
Toyota,Toyota bZ4X,2024,49177.90648626536,39865.0,New,Phnom Penh,Blue,71.4,500,150,7.1,Private,GB-T/CCS2,18-09-2025,Synthetic (New Formula)
BYD,BYD Sealion 7,2025,42310.89397157139,15376.0,Like New,Kampot,White,71.8/91.3,460-567,230,4.5,Private,GB-T/CCS2,15-02-2025,Synthetic (New Formula)
BYD,BYD Sealion 5,2023,27328.421589370097,5275.0,New,Siem Reap,Silver,60/72.8,410-520,150,7.5,Dealer,GB-T/CCS2,7/1/2025,Synthetic (New Formula)
AION,AION ES,2022,32838.92756673218,34632.0,New,Kep,White,55.6,410,150,7.5,Private,GB-T/CCS2,28-12-2024,Synthetic (New Formula)
MG,MG 5,2022,22162.387975343052,0.0,Excellent,Phnom Penh,Black,61.1,403,130,7.7,Private,GB-T/CCS2,18-06-2020,Synthetic (New Formula)
BYD,BYD Sealion 7,2021,44879.20085395128,13454.0,New,Phnom Penh,Blue,71.8/91.3,460-567,230,4.5,Authorized Dealer,GB-T/CCS2,11/8/2025,Synthetic (New Formula)
BYD,BYD Seagull,2022,20505.326054586105,8832.0,Good,Siem Reap,White,30/38.88,190-305,55,,Private,GB-T/CCS2,23-02-2024,Synthetic (New Formula)
BYD,BYD Seal,2025,36350.55766936417,19362.0,Like New,Sihanoukville,White,61.4/82.5,400-550,150,3.8,Dealer,GB-T/CCS2,2/11/2023,Synthetic (New Formula)
Tesla,Tesla Model 3,2023,47710.82729686834,991.0,New,Phnom Penh,White,60/82,430-576,208,6.1,Private,GB-T/CCS2,1/2/2023,Synthetic (New Formula)
Denza,Denza D9,2024,83732.0742612953,32973.0,New,Battambang,Silver,103,600,230,6.9,Authorized Dealer,GB-T/CCS2,16-07-2023,Synthetic (New Formula)
BYD,BYD Tang,2025,67759.7897670469,45068.0,Excellent,Phnom Penh,Black,86.4/108.8,400-530,180,4.6,Private,GB-T/CCS2,17-09-2024,Synthetic (New Formula)
BYD,BYD Han,2022,64205.79602778022,11648.0,Good,Phnom Penh,White,76.9/85.4,500-610,180,3.9,Dealer,GB-T/CCS2,18-05-2025,Synthetic (New Formula)
Zeekr,Zeekr X,2023,57870.32184280397,52871.0,Excellent,Phnom Penh,Red,66,440,200,5.6,Dealer,GB-T/CCS2,24-05-2025,Synthetic (New Formula)
BMW,BMW iX1,2025,62633.70446010511,54229.0,New,Sihanoukville,Grey,64.7,417,150,8.6,Private,GB-T/CCS2,27-02-2025,Synthetic (New Formula)
BYD,BYD Atto 2,2021,26387.38316339175,32310.0,New,Sihanoukville,Grey,45.1,312-401,130,7.9,Dealer,GB-T/CCS2,25-12-2024,Synthetic (New Formula)
Hyundai,Hyundai Ioniq 5,2023,45264.3595532658,29750.0,Fair,Kampong Cham,Blue,58/72.6,354-488,125,7.4,Private,GB-T/CCS2,8/10/2023,Synthetic (New Formula)
BYD,BYD Tang,2025,65836.9502752131,43440.0,Like New,Kep,White,86.4/108.8,400-530,180,4.6,Dealer,GB-T/CCS2,6/1/2022,Synthetic (New Formula)
BYD,BYD Tang,2025,60452.0575601648,5316.0,Good,Phnom Penh,Pearl White,86.4/108.8,400-530,180,4.6,Authorized Dealer,GB-T/CCS2,26-04-2022,Synthetic (New Formula)
MG,MG 4 EV,2023,27154.077073770684,5190.0,New,Phnom Penh,Black,51/64/77,350-520,125,7.7,Authorized Dealer,GB-T/CCS2,27-10-2024,Synthetic (New Formula)
BMW,BMW iX1,2022,57434.47958955054,12265.0,Like New,Phnom Penh,Silver,64.7,417,150,8.6,Private,GB-T/CCS2,7/4/2022,Synthetic (New Formula)
Nissan,Nissan Leaf,2022,28687.61965966764,5035.0,New,Kampong Cham,Green,40/62,240-385,110,7.0,Authorized Dealer,GB-T/CCS2,13-11-2021,Synthetic (New Formula)
Denza,Denza D9,2024,78521.16941862754,9207.0,New,Phnom Penh,Black,103,600,230,6.9,Authorized Dealer,GB-T/CCS2,6/7/2022,Synthetic (New Formula)
AITO,AITO M5,2025,46323.06015650582,5226.0,New,Battambang,White,40,200 PHEV,200,4.8,Private,GB-T/CCS2,24-06-2022,Synthetic (New Formula)
VinFast,VinFast VF 8,2025,44861.368134066506,36686.0,New,Preah Vihear,Green,82/87.5,420-500,150,5.5,Authorized Dealer,GB-T/CCS2,27-01-2024,Synthetic (New Formula)
AION,AION V,2021,46024.018222711595,44820.0,New,Phnom Penh,Silver,68.8/80,480-610,165,7.1,Dealer,GB-T/CCS2,7/6/2024,Synthetic (New Formula)
VinFast,VinFast VF 9,2024,67489.12320868798,18202.0,New,Phnom Penh,Green,123,438,300,6.5,Authorized Dealer,GB-T/CCS2,5/5/2023,Synthetic (New Formula)
Zeekr,Zeekr 001,2023,72426.45868392652,8190.0,Excellent,Phnom Penh,White,86/100,560-620,200,3.3,Private,GB-T/CCS2,19-01-2024,Synthetic (New Formula)
BYD,BYD Atto 2,2023,23461.73337584415,0.0,Excellent,Sihanoukville,Grey,45.1,312-401,130,7.9,Dealer,GB-T/CCS2,25-12-2024,Synthetic (New Formula)
AION,AION Y Plus,2025,35430.94924007009,8071.0,Good,Phnom Penh,Silver,51.9/63.9,410-510,150,7.8,Authorized Dealer,GB-T/CCS2,2/1/2025,Synthetic (New Formula)
BMW,BMW iX1,2023,58358.13914932493,0.0,Fair,Sihanoukville,Silver,64.7,417,150,8.6,Authorized Dealer,GB-T/CCS2,12/4/2024,Synthetic (New Formula)
VinFast,VinFast VF 8,2024,40674.25719802327,1167.0,Excellent,Phnom Penh,Silver,82/87.5,420-500,150,5.5,Authorized Dealer,GB-T/CCS2,9/8/2023,Synthetic (New Formula)
AITO,AITO M5,2021,50484.87528009869,16928.0,Excellent,Kampot,White,40,200 PHEV,200,4.8,Authorized Dealer,GB-T/CCS2,17-05-2023,Synthetic (New Formula)
Deepal,Deepal L07,2025,45902.67510829279,22088.0,Excellent,Phnom Penh,Grey,31.6,200 PHEV,160,7.3,Dealer,GB-T/CCS2,21-06-2024,Synthetic (New Formula)
Nissan,Nissan Leaf,2022,29795.488852050436,29400.0,New,Kratie,Silver,40/62,240-385,110,7.0,Dealer,GB-T/CCS2,6/5/2020,Synthetic (New Formula)
MG,MG ZS EV,2024,31859.629228197216,45520.0,Excellent,Phnom Penh,Silver,50.3/72.6,320-440,115,8.6,Dealer,GB-T/CCS2,10/4/2022,Synthetic (New Formula)
VinFast,VinFast VF 9,2025,67154.40106169428,11412.0,New,Siem Reap,Black,123,438,300,6.5,Private,GB-T/CCS2,21-07-2024,Synthetic (New Formula)
BMW,BMW iX1,2025,57373.0918303118,13024.0,Like New,Siem Reap,Grey,64.7,417,150,8.6,Dealer,GB-T/CCS2,19-10-2024,Synthetic (New Formula)
AITO,AITO M5,2023,44691.131530336046,0.0,New,Battambang,White,40,200 PHEV,200,4.8,Authorized Dealer,GB-T/CCS2,11/11/2023,Synthetic (New Formula)
Hyundai,Hyundai Ioniq 5,2023,44090.633100323364,15521.0,Excellent,Phnom Penh,Black,58/72.6,354-488,125,7.4,Private,GB-T/CCS2,13-05-2024,Synthetic (New Formula)
Toyota,Toyota bZ4X,2024,50701.08459380974,43746.0,Excellent,Siem Reap,Grey,71.4,500,150,7.1,Authorized Dealer,GB-T/CCS2,21-01-2025,Synthetic (New Formula)
BYD,BYD Atto 2,2024,23723.027016784305,5226.0,New,Siem Reap,White,45.1,312-401,130,7.9,Authorized Dealer,GB-T/CCS2,23-05-2025,Synthetic (New Formula)
MG,MG ZS EV,2024,30004.66796726111,37653.0,Like New,Phnom Penh,Silver,50.3/72.6,320-440,115,8.6,Dealer,GB-T/CCS2,10/4/2022,Synthetic (New Formula)
Zeekr,Zeekr 007,2025,61532.32358102191,22480.0,Like New,Preah Vihear,Grey,75/100,530-688,310,3.5,Authorized Dealer,GB-T/CCS2,16-09-2024,Synthetic (New Formula)
Mercedes,Mercedes EQB,2020,73061.02604726046,26992.0,New,Sihanoukville,White,66.5,419,168,8.0,Authorized Dealer,GB-T/CCS2,2/11/2022,Synthetic (New Formula)
Hyundai,Hyundai Ioniq 5,2023,49129.65383960736,43989.0,Fair,Phnom Penh,White,58/72.6,354-488,125,7.4,Authorized Dealer,GB-T/CCS2,25-08-2022,Synthetic (New Formula)
BYD,BYD Sealion 6,2024,45141.80026524756,24390.0,New,Phnom Penh,Black,18.3,80-100 PHEV,145,8.5,Authorized Dealer,GB-T/CCS2,7/2/2024,Synthetic (New Formula)
BYD,BYD Sealion 6,2023,45895.02975565189,0.0,Like New,Kratie,Silver,18.3,80-100 PHEV,145,8.5,Private,GB-T/CCS2,13-05-2025,Synthetic (New Formula)
Tesla,Tesla Model Y,2024,58921.17462810761,12265.0,Fair,Sihanoukville,Silver,60/75/82,430-600,220,6.9,Dealer,GB-T/CCS2,9/8/2021,Synthetic (New Formula)
MG,MG 4 EV,2023,26217.25183899889,5440.0,Good,Phnom Penh,Black,51/64/77,350-520,125,7.7,Authorized Dealer,GB-T/CCS2,27-10-2024,Synthetic (New Formula)
Mercedes,Mercedes EQB,2020,72009.43732500925,12912.0,Like New,Kampot,White,66.5,419,168,8.0,Dealer,GB-T/CCS2,28-08-2025,Synthetic (New Formula)
Hyundai,Hyundai Ioniq 5,2022,42571.26408464176,0.0,Excellent,Sihanoukville,White,58/72.6,354-488,125,7.4,Authorized Dealer,GB-T/CCS2,8/5/2025,Synthetic (New Formula)
Mercedes,Mercedes EQB,2024,59607.17792272943,0.0,Like New,Phnom Penh,Silver,66.5,419,168,8.0,Authorized Dealer,GB-T/CCS2,6/10/2024,Synthetic (New Formula)
MG,MG 4 EV,2023,26635.40294733425,26600.0,Good,Phnom Penh,White,51/64/77,350-520,125,7.7,Dealer,GB-T/CCS2,27-07-2024,Synthetic (New Formula)
BYD,BYD Tang,2024,75283.73219918789,72513.0,Good,Phnom Penh,Pearl White,86.4/108.8,400-530,180,4.6,Dealer,GB-T/CCS2,23-02-2021,Synthetic (New Formula)
BYD,BYD Seal,2025,34024.82581674123,0.0,Like New,Phnom Penh,White,61.4/82.5,400-550,150,3.8,Dealer,GB-T/CCS2,28-11-2024,Synthetic (New Formula)
BYD,BYD Seal 5,2025,22221.059921111766,40327.0,New,Battambang,White,15.8,80 PHEV,110,7.9,Authorized Dealer,GB-T/CCS2,21-04-2025,Synthetic (New Formula)
Kia,Kia EV9,2023,84732.45336186705,59940.0,Fair,Phnom Penh,White,99.8,541,283,5.3,Authorized Dealer,GB-T/CCS2,22-08-2025,Synthetic (New Formula)
AION,AION V,2024,43129.77921518847,23914.0,New,Phnom Penh,White,68.8/80,480-610,165,7.1,Dealer,GB-T/CCS2,1/8/2025,Synthetic (New Formula)
MG,MG ZS EV,2023,29711.48904218134,12912.0,Excellent,Siem Reap,Black,50.3/72.6,320-440,115,8.6,Private,GB-T/CCS2,20-07-2022,Synthetic (New Formula)
Kia,Kia EV6,2025,48847.34026709937,6840.0,Good,Phnom Penh,White,77.4,484,168,7.1,Private,GB-T/CCS2,18-02-2023,Synthetic (New Formula)
AITO,AITO M7,2021,68306.96285189441,38484.0,Like New,Kampong Cham,Grey,40,200 PHEV,330,4.8,Dealer,GB-T/CCS2,20-08-2022,Synthetic (New Formula)
Toyota,Toyota bZ5,2024,40804.597127812594,22242.0,Like New,Phnom Penh,White,71.2,630,180,6.8,Authorized Dealer,GB-T/CCS2,4/4/2025,Synthetic (New Formula)
Toyota,Toyota bZ4X,2025,42937.93061057269,0.0,Excellent,Battambang,Silver,71.4,500,150,7.1,Authorized Dealer,GB-T/CCS2,24-05-2023,Synthetic (New Formula)
Mercedes,Mercedes EQB,2024,65383.36410595415,19171.0,New,Phnom Penh,Silver,66.5,419,168,8.0,Authorized Dealer,GB-T/CCS2,6/10/2024,Synthetic (New Formula)
MG,MG 5,2024,20947.926251767505,868.0,Excellent,Siem Reap,White,61.1,403,130,7.7,Dealer,GB-T/CCS2,19-06-2024,Synthetic (New Formula)
BYD,BYD Dolphin,2022,31980.798462349645,55676.0,Excellent,Phnom Penh,White,44.9/60.5,310-420,70,7.5,Dealer,GB-T/CCS2,4/1/2023,Synthetic (New Formula)
AION,AION V,2022,46868.47882949191,55016.0,Like New,Phnom Penh,Blue,68.8/80,480-610,165,7.1,Dealer,GB-T/CCS2,24-05-2025,Synthetic (New Formula)
XPeng,XPeng G6,2025,43097.38466479116,922.0,Like New,Battambang,Green,66/87.5,435-570,190,6.2,Authorized Dealer,GB-T/CCS2,15-12-2023,Synthetic (New Formula)
Leapmotor,Leapmotor T03,2023,13265.703764466958,4025.0,New,Phnom Penh,White,41.3,403,80,,Private,GB-T/CCS2,25-07-2024,Synthetic (New Formula)
XPeng,XPeng G6,2022,48172.79091654213,23355.0,New,Phnom Penh,Grey,66/87.5,435-570,190,6.2,Authorized Dealer,GB-T/CCS2,27-01-2025,Synthetic (New Formula)
MG,MG ZS EV,2024,29686.348730890128,11664.0,Like New,Phnom Penh,Silver,50.3/72.6,320-440,115,8.6,Dealer,GB-T/CCS2,21-10-2024,Synthetic (New Formula)
Nissan,Nissan Leaf,2023,29878.304286108643,26676.0,Excellent,Kampot,Black,40/62,240-385,110,7.0,Authorized Dealer,GB-T/CCS2,4/8/2021,Synthetic (New Formula)
Leapmotor,Leapmotor T03,2024,13688.142963302907,24390.0,New,Phnom Penh,White,41.3,403,80,,Private,GB-T/CCS2,25-07-2024,Synthetic (New Formula)
Tesla,Tesla Model Y,2022,66075.80024724857,26680.0,New,Phnom Penh,White,60/75/82,430-600,220,6.9,Authorized Dealer,GB-T/CCS2,24-01-2025,Synthetic (New Formula)
BYD,BYD Sealion 6,2023,46600.378639363946,11808.0,New,Phnom Penh,Black,18.3,80-100 PHEV,145,8.5,Dealer,GB-T/CCS2,16-11-2024,Synthetic (New Formula)
Zeekr,Zeekr 001,2022,75019.2913538632,4250.0,Good,Siem Reap,White,86/100,560-620,200,3.3,Private,GB-T/CCS2,12/4/2024,Synthetic (New Formula)
Tesla,Tesla Model Y,2022,60234.32841384152,3468.0,New,Phnom Penh,Blue,60/75/82,430-600,220,6.9,Authorized Dealer,GB-T/CCS2,19-02-2022,Synthetic (New Formula)
AITO,AITO M7,2023,59288.63763949777,12987.0,Like New,Kampong Cham,White,40,200 PHEV,330,4.8,Dealer,GB-T/CCS2,1/7/2025,Synthetic (New Formula)
AITO,AITO M7,2025,59580.106883754284,36680.0,New,Sihanoukville,Silver,40,200 PHEV,330,4.8,Authorized Dealer,GB-T/CCS2,17-07-2023,Synthetic (New Formula)
BMW,BMW iX1,2021,60763.126324155004,18972.0,Like New,Siem Reap,Grey,64.7,417,150,8.6,Dealer,GB-T/CCS2,19-10-2024,Synthetic (New Formula)
Xiaomi,Xiaomi SU7,2025,77366.64296228805,4230.0,New,Phnom Penh,Black,73.6/94.3,495-830,220,5.3,Private,GB-T/CCS2,3/6/2024,Synthetic (New Formula)
BYD,BYD Seal,2024,38226.43026985113,35280.0,New,Siem Reap,Black,61.4/82.5,400-550,150,3.8,Dealer,GB-T/CCS2,18-09-2022,Synthetic (New Formula)
Denza,Denza D9,2023,85737.36488841151,29400.0,New,Phnom Penh,Black,103,600,230,6.9,Authorized Dealer,GB-T/CCS2,6/7/2022,Synthetic (New Formula)
MG,MG 4 EV,2024,26924.79503968791,39100.0,Good,Phnom Penh,White,51/64/77,350-520,125,7.7,Dealer,GB-T/CCS2,14-04-2024,Synthetic (New Formula)
BYD,BYD Han,2025,62254.63217648613,24771.0,New,Phnom Penh,Black,76.9/85.4,500-610,180,3.9,Private,GB-T/CCS2,2/2/2022,Synthetic (New Formula)
Mercedes,Mercedes EQB,2025,63729.72361090695,12573.0,Good,Siem Reap,Black,66.5,419,168,8.0,Authorized Dealer,GB-T/CCS2,18-04-2023,Synthetic (New Formula)
VinFast,VinFast VF 6,2023,28649.912417977634,43513.0,New,Kampong Cham,White,59.6,399,110,,Dealer,GB-T/CCS2,17-05-2024,Synthetic (New Formula)
BYD,BYD Seal 5,2022,24018.719111546223,40788.0,Like New,Sihanoukville,Silver,15.8,80 PHEV,110,7.9,Authorized Dealer,GB-T/CCS2,2/1/2025,Synthetic (New Formula)
VinFast,VinFast VF 8,2023,45080.791466943985,18496.0,New,Phnom Penh,Red,82/87.5,420-500,150,5.5,Authorized Dealer,GB-T/CCS2,22-10-2022,Synthetic (New Formula)
MG,MG ZS EV,2021,30954.029269192808,28440.0,Good,Phnom Penh,Silver,50.3/72.6,320-440,115,8.6,Dealer,GB-T/CCS2,21-10-2024,Synthetic (New Formula)
Leapmotor,Leapmotor T03,2023,13196.837461211777,16928.0,Fair,Sihanoukville,Blue,41.3,403,80,,Dealer,GB-T/CCS2,4/11/2022,Synthetic (New Formula)
VinFast,VinFast VF 6,2023,28557.806922780077,38480.0,New,Sihanoukville,Silver,59.6,399,110,,Dealer,GB-T/CCS2,4/12/2022,Synthetic (New Formula)
Avatr,Avatr 11,2025,67587.34524583652,8440.0,New,Phnom Penh,Grey,90/116,555-700,230,3.9,Authorized Dealer,GB-T/CCS2,9/2/2023,Synthetic (New Formula)
BYD,BYD Atto 3,2023,29920.954888049666,19343.0,Excellent,Siem Reap,White,50/60.5,340-420,150,7.3,Dealer,GB-T/CCS2,24-01-2025,Synthetic (New Formula)
BMW,BMW iX1,2024,57113.103962497386,24099.0,New,Siem Reap,White,64.7,417,150,8.6,Authorized Dealer,GB-T/CCS2,22-08-2023,Synthetic (New Formula)
Hyundai,Hyundai Ioniq 6,2024,53650.90948012271,12912.0,Fair,Sihanoukville,Grey,53/77.4,429-614,151,8.1,Dealer,GB-T/CCS2,26-11-2022,Synthetic (New Formula)
BYD,BYD Seal 5,2022,26984.40082808388,59472.0,New,Phnom Penh,Grey,15.8,80 PHEV,110,7.9,Private,GB-T/CCS2,3/8/2024,Synthetic (New Formula)
Toyota,Toyota bZ4X,2022,46646.85232080963,24486.0,Like New,Phnom Penh,Pearl White,71.4,500,150,7.1,Private,GB-T/CCS2,28-04-2024,Synthetic (New Formula)
BYD,BYD Dolphin,2024,26013.480020471077,23575.0,Like New,Phnom Penh,Cosmos Black,44.9/60.5,310-420,70,7.5,Dealer,GB-T/CCS2,28-07-2023,Synthetic (New Formula)
VinFast,VinFast VF 8,2021,45783.593830692356,27300.0,Like New,Phnom Penh,Silver,82/87.5,420-500,150,5.5,Private,GB-T/CCS2,12/8/2025,Synthetic (New Formula)
Arcfox,Arcfox Koala S,2025,28390.00815855138,47025.0,New,Phnom Penh,Black,42.8,301,120,8.5,Dealer,GB-T/CCS2,5/4/2024,Synthetic (New Formula)
Nissan,Nissan Leaf,2022,30806.979144188626,29841.0,Like New,Phnom Penh,Red,40/62,240-385,110,7.0,Dealer,GB-T/CCS2,15-07-2025,Synthetic (New Formula)
BYD,BYD Sealion 5,2024,27723.572380217433,21489.0,Excellent,Phnom Penh,Blue,60/72.8,410-520,150,7.5,Authorized Dealer,GB-T/CCS2,23-04-2025,Synthetic (New Formula)
Hyundai,Hyundai Ioniq 5,2022,45187.06897466727,22512.0,Like New,Phnom Penh,Black,58/72.6,354-488,125,7.4,Dealer,GB-T/CCS2,24-07-2023,Synthetic (New Formula)
Tesla,Tesla Model 3,2024,54372.36446198551,75264.0,Like New,Phnom Penh,White,60/82,430-576,208,6.1,Dealer,GB-T/CCS2,18-11-2023,Synthetic (New Formula)
Tesla,Tesla Model 3,2023,45875.62503873792,7569.0,Like New,Phnom Penh,Black,60/82,430-576,208,6.1,Dealer,GB-T/CCS2,5/5/2021,Synthetic (New Formula)
AION,AION ES,2023,32112.74800024092,45520.0,Good,Sihanoukville,Blue,55.6,410,150,7.5,Authorized Dealer,GB-T/CCS2,8/6/2024,Synthetic (New Formula)
Hyundai,Hyundai Ioniq 6,2025,52012.10201554691,0.0,Like New,Phnom Penh,White,53/77.4,429-614,151,8.1,Dealer,GB-T/CCS2,8/8/2022,Synthetic (New Formula)
BYD,BYD Han,2023,67078.95255652253,41209.0,New,Phnom Penh,Black,76.9/85.4,500-610,180,3.9,Private,GB-T/CCS2,18-09-2024,Synthetic (New Formula)
Nissan,Nissan Leaf,2025,28749.724673671244,8071.0,Like New,Phnom Penh,Grey,40/62,240-385,110,7.0,Authorized Dealer,GB-T/CCS2,10/4/2021,Synthetic (New Formula)
MG,MG 4 EV,2022,25644.070766217563,13787.0,Like New,Phnom Penh,White,51/64/77,350-520,125,7.7,Dealer,GB-T/CCS2,14-04-2024,Synthetic (New Formula)
BYD,BYD Dolphin,2023,25822.804937157784,8020.0,Excellent,Koh Kong,Black,44.9/60.5,310-420,70,7.5,Dealer,GB-T/CCS2,8/11/2022,Synthetic (New Formula)
Denza,Denza D9,2024,84911.5624174325,17238.0,Excellent,Phnom Penh,Silver,103,600,230,6.9,Authorized Dealer,GB-T/CCS2,18-10-2023,Synthetic (New Formula)
Kia,Kia EV9,2025,73774.67085496562,12265.0,Good,Phnom Penh,White,99.8,541,283,5.3,Private,GB-T/CCS2,8/11/2024,Synthetic (New Formula)
BYD,BYD Seal 5,2024,23479.555299531665,39558.0,New,Preah Vihear,White,15.8,80 PHEV,110,7.9,Authorized Dealer,GB-T/CCS2,1/5/2024,Synthetic (New Formula)
Toyota,Toyota bZ5,2023,43109.79090856147,39865.0,Like New,Kep,White,71.2,630,180,6.8,Private,GB-T/CCS2,27-07-2025,Synthetic (New Formula)
VinFast,VinFast VF 6,2024,28721.606589317584,37296.0,Like New,Sihanoukville,White,59.6,399,110,,Private,GB-T/CCS2,11/12/2023,Synthetic (New Formula)
Deepal,Deepal S07,2024,54247.16113610236,5755.0,Good,Kampot,White,31.6/80,200 PHEV,190,6.7,Dealer,GB-T/CCS2,4/12/2024,Synthetic (New Formula)
Leapmotor,Leapmotor T03,2022,13566.825329033143,32800.0,Like New,Siem Reap,Black,41.3,403,80,,Private,GB-T/CCS2,19-11-2023,Synthetic (New Formula)
BYD,BYD Tang,2020,76423.4313354048,24465.0,Excellent,Sihanoukville,Silver,86.4/108.8,400-530,180,4.6,Authorized Dealer,GB-T/CCS2,5/5/2021,Synthetic (New Formula)
Hyundai,Hyundai Ioniq 6,2021,54940.97202407855,8272.0,Like New,Phnom Penh,Blue,53/77.4,429-614,151,8.1,Dealer,GB-T/CCS2,15-01-2024,Synthetic (New Formula)
BYD,BYD Dolphin,2022,27614.67212851472,17731.0,Excellent,Kratie,Blue,44.9/60.5,310-420,70,7.5,Dealer,GB-T/CCS2,17-04-2024,Synthetic (New Formula)
AION,AION ES,2024,30906.142958850432,3444.0,New,Kep,White,55.6,410,150,7.5,Private,GB-T/CCS2,28-12-2024,Synthetic (New Formula)
BYD,BYD Atto 3,2022,30163.30354526489,12950.0,Like New,Phnom Penh,Black,50/60.5,340-420,150,7.3,Dealer,GB-T/CCS2,8/3/2022,Synthetic (New Formula)
AION,AION ES,2025,29610.033007731232,2054.0,Good,Kep,White,55.6,410,150,7.5,Private,GB-T/CCS2,28-12-2024,Synthetic (New Formula)
MG,MG ZS EV,2022,29622.16742522927,12912.0,Fair,Phnom Penh,Black,50.3/72.6,320-440,115,8.6,Private,GB-T/CCS2,28-10-2022,Synthetic (New Formula)
MG,MG 5,2025,21594.380527921567,9735.0,Good,Phnom Penh,Black,61.1,403,130,7.7,Dealer,GB-T/CCS2,16-09-2025,Synthetic (New Formula)
BYD,BYD M9,2022,63818.865713546125,1183.0,New,Phnom Penh,Silver,52,180 PHEV,180,,Private,GB-T/CCS2,16-01-2025,Synthetic (New Formula)
Tesla,Tesla Model 3,2023,49282.11806897493,13454.0,Good,Phnom Penh,White,60/82,430-576,208,6.1,Private,GB-T/CCS2,1/2/2023,Synthetic (New Formula)
BYD,BYD Sealion 5,2025,28405.66489290759,33252.0,New,Phnom Penh,White,60/72.8,410-520,150,7.5,Dealer,GB-T/CCS2,10/7/2025,Synthetic (New Formula)
Kia,Kia EV9,2023,79112.6918123022,10153.0,New,Kampot,Grey,99.8,541,283,5.3,Authorized Dealer,GB-T/CCS2,5/3/2023,Synthetic (New Formula)
AION,AION ES,2024,31000.573868209653,9207.0,New,Sihanoukville,Blue,55.6,410,150,7.5,Authorized Dealer,GB-T/CCS2,8/6/2024,Synthetic (New Formula)
Tesla,Tesla Model 3,2021,49881.84309153146,10270.0,New,Phnom Penh,Black,60/82,430-576,208,6.1,Dealer,GB-T/CCS2,5/5/2021,Synthetic (New Formula)
BYD,BYD Sealion 6,2021,51769.252877574734,29896.0,Excellent,Kratie,Silver,18.3,80-100 PHEV,145,8.5,Private,GB-T/CCS2,13-05-2025,Synthetic (New Formula)
Deepal,Deepal L07,2024,44310.28304234843,868.0,Like New,Battambang,White,31.6,200 PHEV,160,7.3,Dealer,GB-T/CCS2,16-12-2024,Synthetic (New Formula)
Kia,Kia EV9,2025,73133.30430659314,7511.0,Excellent,Phnom Penh,Grey,99.8,541,283,5.3,Authorized Dealer,GB-T/CCS2,12/1/2025,Synthetic (New Formula)
AITO,AITO M5,2025,42606.04499907188,0.0,New,Sihanoukville,Black,40,200 PHEV,200,4.8,Authorized Dealer,GB-T/CCS2,24-08-2023,Synthetic (New Formula)
Kia,Kia EV9,2024,75713.74207847267,11304.0,New,Sihanoukville,White,99.8,541,283,5.3,Dealer,GB-T/CCS2,28-12-2023,Synthetic (New Formula)
Zeekr,Zeekr 001,2023,83907.90932629703,47670.0,New,Sihanoukville,Blue,86/100,560-620,200,3.3,Private,GB-T/CCS2,11/8/2023,Synthetic (New Formula)
VinFast,VinFast VF 9,2024,68360.8805149775,11808.0,New,Siem Reap,Blue,123,438,300,6.5,Private,GB-T/CCS2,24-04-2024,Synthetic (New Formula)
BYD,BYD Tang,2025,62208.38379618109,14729.0,Good,Phnom Penh,Silver,86.4/108.8,400-530,180,4.6,Private,GB-T/CCS2,12/1/2024,Synthetic (New Formula)
VinFast,VinFast VF 9,2024,71337.09756470601,24390.0,Excellent,Phnom Penh,Orange,123,438,300,6.5,Authorized Dealer,GB-T/CCS2,24-08-2023,Synthetic (New Formula)
Leapmotor,Leapmotor T03,2022,13856.055831058708,0.0,Excellent,Preah Vihear,White,41.3,403,80,,Authorized Dealer,GB-T/CCS2,10/2/2025,Synthetic (New Formula)
MG,MG 5,2023,22998.10539360454,20660.0,Excellent,Phnom Penh,Black,61.1,403,130,7.7,Dealer,GB-T/CCS2,16-09-2025,Synthetic (New Formula)
Hyundai,Hyundai Ioniq 6,2024,53305.343833714935,20286.0,Good,Sihanoukville,Silver,53/77.4,429-614,151,8.1,Private,GB-T/CCS2,24-08-2023,Synthetic (New Formula)
BYD,BYD Han,2025,60801.558441192,9536.0,New,Phnom Penh,Silver,76.9/85.4,500-610,180,3.9,Authorized Dealer,GB-T/CCS2,7/6/2021,Synthetic (New Formula)
Leapmotor,Leapmotor T03,2024,12979.569732240458,14476.0,Excellent,Phnom Penh,Pearl White,41.3,403,80,,Dealer,GB-T/CCS2,1/5/2022,Synthetic (New Formula)
BYD,BYD Seal,2025,35340.07828092139,6228.0,Like New,Phnom Penh,Blue,61.4/82.5,400-550,150,3.8,Private,GB-T/CCS2,20-12-2022,Synthetic (New Formula)
BYD,BYD Sealion 7,2023,46136.077537202065,47670.0,Excellent,Phnom Penh,Silver,71.8/91.3,460-567,230,4.5,Dealer,GB-T/CCS2,11/5/2025,Synthetic (New Formula)
VinFast,VinFast VF 9,2024,65488.13685621097,16352.0,New,Siem Reap,Blue,123,438,300,6.5,Private,GB-T/CCS2,24-04-2024,Synthetic (New Formula)
XPeng,XPeng G6,2025,41529.19461683132,0.0,Excellent,Siem Reap,Silver,66/87.5,435-570,190,6.2,Private,GB-T/CCS2,11/10/2024,Synthetic (New Formula)
BYD,BYD Tang,2024,62727.457396592195,0.0,Excellent,Phnom Penh,Green,86.4/108.8,400-530,180,4.6,Dealer,GB-T/CCS2,26-08-2021,Synthetic (New Formula)
Denza,Denza D9,2025,79509.41593405826,17385.0,New,Siem Reap,White,103,600,230,6.9,Authorized Dealer,GB-T/CCS2,14-02-2025,Synthetic (New Formula)
MG,MG 4 EV,2024,28089.473350180295,11648.0,New,Phnom Penh,Grey,51/64/77,350-520,125,7.7,Dealer,GB-T/CCS2,26-01-2024,Synthetic (New Formula)
AITO,AITO M5,2024,42795.52002593783,0.0,Like New,Phnom Penh,Red,40,200 PHEV,200,4.8,Authorized Dealer,GB-T/CCS2,2/9/2022,Synthetic (New Formula)
VinFast,VinFast VF 9,2020,68405.74739277888,5440.0,Good,Siem Reap,Blue,123,438,300,6.5,Private,GB-T/CCS2,24-04-2024,Synthetic (New Formula)
MG,MG 5,2022,23857.156542920824,24075.0,Good,Phnom Penh,Black,61.1,403,130,7.7,Dealer,GB-T/CCS2,16-09-2025,Synthetic (New Formula)
VinFast,VinFast VF 6,2024,27638.23239969569,27690.0,Excellent,Battambang,Silver,59.6,399,110,,Authorized Dealer,GB-T/CCS2,10/9/2022,Synthetic (New Formula)
Avatr,Avatr 11,2022,72472.75901471486,16338.0,New,Kep,Grey,90/116,555-700,230,3.9,Private,GB-T/CCS2,9/10/2024,Synthetic (New Formula)
Toyota,Toyota bZ4X,2023,46629.51490924982,0.0,New,Preah Vihear,Blue,71.4,500,150,7.1,Authorized Dealer,GB-T/CCS2,11/12/2022,Synthetic (New Formula)
BYD,BYD Atto 3,2024,27815.435119579357,7980.0,New,Siem Reap,White,50/60.5,340-420,150,7.3,Dealer,GB-T/CCS2,24-01-2025,Synthetic (New Formula)
MG,MG 5,2024,22156.309757217918,24771.0,New,Siem Reap,White,61.1,403,130,7.7,Dealer,GB-T/CCS2,19-06-2024,Synthetic (New Formula)
BYD,BYD Atto 2,2024,24622.824775485242,36686.0,New,Siem Reap,White,45.1,312-401,130,7.9,Authorized Dealer,GB-T/CCS2,23-05-2025,Synthetic (New Formula)
Mercedes,Mercedes EQB,2025,58799.00899111776,10030.0,New,Phnom Penh,Red,66.5,419,168,8.0,Dealer,GB-T/CCS2,16-08-2022,Synthetic (New Formula)
Hyundai,Hyundai Ioniq 6,2025,52034.14456441131,7956.0,Excellent,Sihanoukville,Silver,53/77.4,429-614,151,8.1,Private,GB-T/CCS2,24-08-2023,Synthetic (New Formula)
Hyundai,Hyundai Ioniq 6,2024,49762.45065628823,5316.0,New,Phnom Penh,Grey,53/77.4,429-614,151,8.1,Authorized Dealer,GB-T/CCS2,17-10-2024,Synthetic (New Formula)
Avatr,Avatr 11,2025,64355.29690241657,21489.0,Excellent,Phnom Penh,Red,90/116,555-700,230,3.9,Dealer,GB-T/CCS2,1/1/2025,Synthetic (New Formula)
Tesla,Tesla Model Y,2021,61847.2353180946,14127.0,Like New,Sihanoukville,White,60/75/82,430-600,220,6.9,Dealer,GB-T/CCS2,28-12-2021,Synthetic (New Formula)
Arcfox,Arcfox Koala S,2024,25776.547478323442,0.0,New,Phnom Penh,White,42.8,301,120,8.5,Authorized Dealer,GB-T/CCS2,24-07-2024,Synthetic (New Formula)
BYD,BYD Dolphin,2022,28236.280612674935,32973.0,Like New,Phnom Penh,Blue,44.9/60.5,310-420,70,7.5,Dealer,GB-T/CCS2,17-10-2024,Synthetic (New Formula)
Kia,Kia EV5,2025,35756.81548278601,10080.0,Like New,Preah Vihear,Grey,64.2/88,400-600,160,7.5,Dealer,GB-T/CCS2,12/3/2023,Synthetic (New Formula)
AION,AION Y Plus,2024,36794.845833203486,32445.0,New,Phnom Penh,Silver,51.9/63.9,410-510,150,7.8,Dealer,GB-T/CCS2,2/7/2025,Synthetic (New Formula)
VinFast,VinFast VF 6,2021,29126.75150695744,32310.0,Excellent,Kratie,Red,59.6,399,110,,Authorized Dealer,GB-T/CCS2,28-06-2022,Synthetic (New Formula)
Kia,Kia EV5,2024,42123.58255699412,61672.0,Like New,Phnom Penh,Black,64.2/88,400-600,160,7.5,Authorized Dealer,GB-T/CCS2,8/9/2023,Synthetic (New Formula)
Zeekr,Zeekr 007,2024,63712.80478512811,17040.0,Like New,Phnom Penh,Red,75/100,530-688,310,3.5,Private,GB-T/CCS2,3/2/2025,Synthetic (New Formula)
Deepal,Deepal L07,2023,49634.800519613775,23400.0,Good,Phnom Penh,Grey,31.6,200 PHEV,160,7.3,Dealer,GB-T/CCS2,21-06-2024,Synthetic (New Formula)
AITO,AITO M7,2022,61007.0280664877,9774.0,Like New,Phnom Penh,Black,40,200 PHEV,330,4.8,Dealer,GB-T/CCS2,25-07-2024,Synthetic (New Formula)
BYD,BYD Han,2022,69469.14329134022,50820.0,Excellent,Kep,White,76.9/85.4,500-610,180,3.9,Authorized Dealer,GB-T/CCS2,23-05-2023,Synthetic (New Formula)
Nissan,Nissan Leaf,2024,30380.663378857298,39558.0,Good,Sihanoukville,Grey,40/62,240-385,110,7.0,Dealer,GB-T/CCS2,15-11-2023,Synthetic (New Formula)
Hyundai,Hyundai Ioniq 5,2024,41950.914975864725,4120.0,Excellent,Preah Vihear,Red,58/72.6,354-488,125,7.4,Private,GB-T/CCS2,26-08-2024,Synthetic (New Formula)
BYD,BYD Seagull,2022,21745.530282886935,36642.0,Good,Preah Vihear,White,30/38.88,190-305,55,,Private,GB-T/CCS2,17-03-2023,Synthetic (New Formula)
VinFast,VinFast VF 8,2023,45741.39183973772,26975.0,Excellent,Phnom Penh,Red,82/87.5,420-500,150,5.5,Authorized Dealer,GB-T/CCS2,22-10-2022,Synthetic (New Formula)
MG,MG 5,2024,22070.84314012269,17616.0,New,Siem Reap,Blue,61.1,403,130,7.7,Dealer,GB-T/CCS2,6/2/2024,Synthetic (New Formula)
BYD,BYD Dolphin,2024,24613.373094466995,7224.0,Like New,Battambang,Silver,44.9/60.5,310-420,70,7.5,Private,GB-T/CCS2,9/10/2023,Synthetic (New Formula)
Deepal,Deepal S07,2021,58977.10297844898,40663.0,Excellent,Phnom Penh,White,31.6/80,200 PHEV,190,6.7,Private,GB-T/CCS2,18-05-2025,Synthetic (New Formula)
Avatr,Avatr 11,2025,63198.7117042197,8832.0,New,Phnom Penh,Black,90/116,555-700,230,3.9,Authorized Dealer,GB-T/CCS2,18-11-2023,Synthetic (New Formula)
BYD,BYD Tang,2024,66553.16212493945,17616.0,Like New,Kep,White,86.4/108.8,400-530,180,4.6,Dealer,GB-T/CCS2,9/8/2023,Synthetic (New Formula)
BYD,BYD Atto 3,2025,29798.479064403255,20328.0,Like New,Battambang,White,50/60.5,340-420,150,7.3,Authorized Dealer,GB-T/CCS2,8/5/2024,Synthetic (New Formula)
Toyota,Toyota bZ4X,2024,43940.39279738125,3376.0,New,Preah Vihear,Black,71.4,500,150,7.1,Dealer,GB-T/CCS2,1/5/2025,Synthetic (New Formula)
Avatr,Avatr 07,2023,48629.69733452014,10270.0,New,Sihanoukville,Black,62.2/100.5,420-621,190,4.9,Private,GB-T/CCS2,25-09-2024,Synthetic (New Formula)
Arcfox,Arcfox Koala S,2021,28229.61466083555,10153.0,New,Phnom Penh,Black,42.8,301,120,8.5,Dealer,GB-T/CCS2,5/4/2024,Synthetic (New Formula)
AION,AION Y Plus,2024,32544.39897227797,10065.0,Like New,Phnom Penh,Black,51.9/63.9,410-510,150,7.8,Private,GB-T/CCS2,4/4/2025,Synthetic (New Formula)
MG,MG 4 EV,2022,28790.927432103676,33292.0,Good,Siem Reap,Silver,51/64/77,350-520,125,7.7,Dealer,GB-T/CCS2,15-07-2023,Synthetic (New Formula)
BYD,BYD Atto 3,2022,32072.170977544814,31563.0,Excellent,Phnom Penh,Orange,50/60.5,340-420,150,7.3,Private,GB-T/CCS2,21-04-2025,Synthetic (New Formula)
MG,MG 5,2021,24083.72553654825,20608.0,Like New,Preah Vihear,Grey,61.1,403,130,7.7,Authorized Dealer,GB-T/CCS2,25-09-2022,Synthetic (New Formula)
Zeekr,Zeekr 001,2024,71973.04326740594,3912.0,New,Phnom Penh,White,86/100,560-620,200,3.3,Dealer,GB-T/CCS2,15-02-2023,Synthetic (New Formula)
BYD,BYD Han,2025,59150.63960730765,944.0,Like New,Kep,White,76.9/85.4,500-610,180,3.9,Authorized Dealer,GB-T/CCS2,23-05-2023,Synthetic (New Formula)
Zeekr,Zeekr 001,2023,72618.68642362503,0.0,New,Battambang,Silver,86/100,560-620,200,3.3,Authorized Dealer,GB-T/CCS2,18-03-2022,Synthetic (New Formula)
BYD,BYD Dolphin,2025,23765.74984558934,12950.0,New,Phnom Penh,Cosmos Black,44.9/60.5,310-420,70,7.5,Dealer,GB-T/CCS2,28-07-2023,Synthetic (New Formula)
BYD,BYD Dolphin,2024,24703.946078804245,1158.0,New,Sihanoukville,Cosmos Black,44.9/60.5,310-420,70,7.5,Dealer,GB-T/CCS2,18-08-2025,Synthetic (New Formula)
Kia,Kia EV9,2021,79322.8354393875,4740.0,Fair,Sihanoukville,White,99.8,541,283,5.3,Dealer,GB-T/CCS2,28-12-2023,Synthetic (New Formula)
Tesla,Tesla Model 3,2023,54132.59076058022,43350.0,Excellent,Phnom Penh,Pearl White,60/82,430-576,208,6.1,Private,GB-T/CCS2,23-01-2024,Synthetic (New Formula)
BYD,BYD Han,2023,66173.7096373644,47300.0,Fair,Phnom Penh,White,76.9/85.4,500-610,180,3.9,Dealer,GB-T/CCS2,18-05-2025,Synthetic (New Formula)
Toyota,Toyota bZ4X,2024,42130.304576123475,6902.0,Like New,Sihanoukville,Black,71.4,500,150,7.1,Authorized Dealer,GB-T/CCS2,11/3/2022,Synthetic (New Formula)
Xiaomi,Xiaomi SU7,2024,79884.12655582257,24099.0,New,Siem Reap,White,73.6/94.3,495-830,220,5.3,Dealer,GB-T/CCS2,13-09-2024,Synthetic (New Formula)
BYD,BYD Atto 3,2022,36010.70537998473,44935.0,New,Phnom Penh,White,50/60.5,340-420,150,7.3,Private,GB-T/CCS2,9/11/2024,Synthetic (New Formula)
Hyundai,Hyundai Ioniq 6,2023,59207.69716550982,26102.0,Fair,Sihanoukville,Silver,53/77.4,429-614,151,8.1,Private,GB-T/CCS2,24-08-2023,Synthetic (New Formula)
VinFast,VinFast VF 9,2024,71943.53801140559,18700.0,Excellent,Phnom Penh,Green,123,438,300,6.5,Authorized Dealer,GB-T/CCS2,5/5/2023,Synthetic (New Formula)
BYD,BYD Tang,2021,64836.57494597358,6114.0,Like New,Phnom Penh,Silver,86.4/108.8,400-530,180,4.6,Private,GB-T/CCS2,12/1/2024,Synthetic (New Formula)
AION,AION Y Plus,2022,39587.08038553588,44820.0,Fair,Phnom Penh,Blue,51.9/63.9,410-510,150,7.8,Private,GB-T/CCS2,9/7/2024,Synthetic (New Formula)
Avatr,Avatr 11,2022,67607.36650966504,4120.0,New,Phnom Penh,Blue,90/116,555-700,230,3.9,Authorized Dealer,GB-T/CCS2,18-08-2022,Synthetic (New Formula)
Kia,Kia EV5,2025,35051.225831979275,8071.0,New,Phnom Penh,White,64.2/88,400-600,160,7.5,Dealer,GB-T/CCS2,17-07-2025,Synthetic (New Formula)
MG,MG 4 EV,2023,25224.21159422844,11154.0,Like New,Phnom Penh,Grey,51/64/77,350-520,125,7.7,Dealer,GB-T/CCS2,9/2/2022,Synthetic (New Formula)
BYD,BYD Sealion 6,2025,42629.24500650346,4170.0,New,Phnom Penh,White,18.3,80-100 PHEV,145,8.5,Dealer,GB-T/CCS2,10/6/2023,Synthetic (New Formula)
Hyundai,Hyundai Ioniq 6,2025,54013.17126058505,31563.0,Like New,Phnom Penh,White,53/77.4,429-614,151,8.1,Dealer,GB-T/CCS2,12/7/2024,Synthetic (New Formula)
Tesla,Tesla Model 3,2025,44527.5399685397,1100.0,Excellent,Phnom Penh,Cosmos Black,60/82,430-576,208,6.1,Dealer,GB-T/CCS2,12/1/2025,Synthetic (New Formula)
VinFast,VinFast VF 8,2022,48153.910521389764,26208.0,Good,Preah Vihear,Green,82/87.5,420-500,150,5.5,Authorized Dealer,GB-T/CCS2,27-01-2024,Synthetic (New Formula)
BYD,BYD Seal,2023,38000.1725470076,15376.0,Like New,Phnom Penh,Green,61.4/82.5,400-550,150,3.8,Dealer,GB-T/CCS2,19-01-2024,Synthetic (New Formula)
AITO,AITO M5,2024,47260.61642719929,38480.0,New,Battambang,Grey,40,200 PHEV,200,4.8,Private,GB-T/CCS2,2/1/2025,Synthetic (New Formula)
VinFast,VinFast VF 6,2023,28113.20311476371,47025.0,New,Sihanoukville,Silver,59.6,399,110,,Dealer,GB-T/CCS2,20-06-2023,Synthetic (New Formula)
MG,MG 4 EV,2024,24228.204284941476,0.0,New,Battambang,Black,51/64/77,350-520,125,7.7,Private,GB-T/CCS2,13-11-2022,Synthetic (New Formula)
Leapmotor,Leapmotor T03,2023,16048.201396001008,75264.0,Excellent,Phnom Penh,White,41.3,403,80,,Private,GB-T/CCS2,28-05-2023,Synthetic (New Formula)
MG,MG ZS EV,2024,28305.882379247203,0.0,New,Phnom Penh,Cosmos Black,50.3/72.6,320-440,115,8.6,Authorized Dealer,GB-T/CCS2,9/11/2021,Synthetic (New Formula)
Zeekr,Zeekr X,2023,55884.495971797565,5190.0,Like New,Siem Reap,Blue,66,440,200,5.6,Authorized Dealer,GB-T/CCS2,13-08-2024,Synthetic (New Formula)
Avatr,Avatr 11,2020,76543.67863509661,36686.0,Like New,Kampong Cham,Grey,90/116,555-700,230,3.9,Dealer,GB-T/CCS2,13-05-2025,Synthetic (New Formula)
MG,MG ZS EV,2025,25210.462437721973,4060.0,Excellent,Phnom Penh,Black,50.3/72.6,320-440,115,8.6,Private,GB-T/CCS2,28-10-2022,Synthetic (New Formula)
BYD,BYD Seal,2020,37338.41647944962,6839.0,New,Phnom Penh,Blue,61.4/82.5,400-550,150,3.8,Private,GB-T/CCS2,20-12-2022,Synthetic (New Formula)
MG,MG 5,2021,24831.681758520634,16524.0,New,Phnom Penh,Grey,61.1,403,130,7.7,Dealer,GB-T/CCS2,21-05-2022,Synthetic (New Formula)
Tesla,Tesla Model 3,2025,44146.87099140013,6228.0,Good,Kampot,Blue,60/82,430-576,208,6.1,Private,GB-T/CCS2,13-04-2022,Synthetic (New Formula)
Arcfox,Arcfox Koala S,2025,26264.445453817203,18530.0,New,Siem Reap,White,42.8,301,120,8.5,Dealer,GB-T/CCS2,22-10-2024,Synthetic (New Formula)
Zeekr,Zeekr 001,2024,75651.61782471318,0.0,New,Preah Vihear,Silver,86/100,560-620,200,3.3,Authorized Dealer,GB-T/CCS2,5/6/2025,Synthetic (New Formula)
AITO,AITO M7,2024,60834.75598277883,12987.0,New,Phnom Penh,White,40,200 PHEV,330,4.8,Private,GB-T/CCS2,7/1/2024,Synthetic (New Formula)
Toyota,Toyota bZ4X,2022,51425.856825567535,41940.0,New,Sihanoukville,Black,71.4,500,150,7.1,Authorized Dealer,GB-T/CCS2,11/3/2022,Synthetic (New Formula)
Tesla,Tesla Model Y,2025,56702.90808301609,9536.0,Good,Phnom Penh,Blue,60/75/82,430-600,220,6.9,Private,GB-T/CCS2,17-08-2022,Synthetic (New Formula)
MG,MG 5,2023,23650.722800496213,34680.0,Good,Kampot,Black,61.1,403,130,7.7,Authorized Dealer,GB-T/CCS2,17-11-2021,Synthetic (New Formula)
BYD,BYD Dolphin,2025,24806.497024423395,9031.0,Excellent,Battambang,Silver,44.9/60.5,310-420,70,7.5,Private,GB-T/CCS2,9/10/2023,Synthetic (New Formula)
Kia,Kia EV5,2025,36875.809474451475,12265.0,Like New,Phnom Penh,Blue,64.2/88,400-600,160,7.5,Authorized Dealer,GB-T/CCS2,11/2/2024,Synthetic (New Formula)
BYD,BYD Atto 3,2021,33979.764405865564,37350.0,Fair,Siem Reap,White,50/60.5,340-420,150,7.3,Dealer,GB-T/CCS2,24-01-2025,Synthetic (New Formula)
BYD,BYD Sealion 6,2021,48481.401899943165,5525.0,Like New,Phnom Penh,Black,18.3,80-100 PHEV,145,8.5,Authorized Dealer,GB-T/CCS2,27-08-2024,Synthetic (New Formula)
Deepal,Deepal L07,2025,46344.25526623814,4670.0,Fair,Phnom Penh,Black,31.6,200 PHEV,160,7.3,Private,GB-T/CCS2,1/2/2025,Synthetic (New Formula)
XPeng,XPeng G6,2021,49153.91049056846,29280.0,Like New,Phnom Penh,Blue,66/87.5,435-570,190,6.2,Dealer,GB-T/CCS2,25-09-2023,Synthetic (New Formula)
Avatr,Avatr 11,2021,78112.14239186561,37296.0,Fair,Kampong Cham,Grey,90/116,555-700,230,3.9,Dealer,GB-T/CCS2,13-05-2025,Synthetic (New Formula)
Zeekr,Zeekr X,2025,51717.469828746805,8020.0,New,Phnom Penh,Red,66,440,200,5.6,Dealer,GB-T/CCS2,24-05-2025,Synthetic (New Formula)
Deepal,Deepal L07,2025,43406.70121870659,18432.0,New,Phnom Penh,Grey,31.6,200 PHEV,160,7.3,Dealer,GB-T/CCS2,21-06-2024,Synthetic (New Formula)
Hyundai,Hyundai Ioniq 6,2024,50216.604965051534,11154.0,Like New,Siem Reap,White,53/77.4,429-614,151,8.1,Private,GB-T/CCS2,17-04-2024,Synthetic (New Formula)
BYD,BYD Sealion 6,2021,47105.7980286966,14235.0,Like New,Phnom Penh,Black,18.3,80-100 PHEV,145,8.5,Authorized Dealer,GB-T/CCS2,27-08-2024,Synthetic (New Formula)
BMW,BMW iX1,2022,63025.36143073767,29750.0,Like New,Phnom Penh,Black,64.7,417,150,8.6,Authorized Dealer,GB-T/CCS2,6/10/2025,Synthetic (New Formula)
Nissan,Nissan Leaf,2024,29711.428233408726,23517.0,Like New,Kampot,Black,40/62,240-385,110,7.0,Authorized Dealer,GB-T/CCS2,4/8/2021,Synthetic (New Formula)
Deepal,Deepal S07,2023,52862.5094392142,5610.0,Good,Phnom Penh,Silver,31.6/80,200 PHEV,190,6.7,Private,GB-T/CCS2,20-06-2024,Synthetic (New Formula)
AION,AION V,2024,40889.2945518177,960.0,New,Phnom Penh,Silver,68.8/80,480-610,165,7.1,Dealer,GB-T/CCS2,20-03-2024,Synthetic (New Formula)
VinFast,VinFast VF 9,2023,66876.50690413594,20540.0,New,Phnom Penh,Orange,123,438,300,6.5,Authorized Dealer,GB-T/CCS2,24-08-2023,Synthetic (New Formula)
Nissan,Nissan Leaf,2025,29447.80363865288,26992.0,New,Phnom Penh,Grey,40/62,240-385,110,7.0,Authorized Dealer,GB-T/CCS2,10/4/2021,Synthetic (New Formula)
BMW,BMW iX1,2023,57959.28332199449,7504.0,Fair,Phnom Penh,White,64.7,417,150,8.6,Private,GB-T/CCS2,9/1/2024,Synthetic (New Formula)
Tesla,Tesla Model Y,2025,58682.135472701106,28106.0,Like New,Phnom Penh,White,60/75/82,430-600,220,6.9,Dealer,GB-T/CCS2,16-11-2024,Synthetic (New Formula)
Kia,Kia EV5,2024,36866.471196305116,22770.0,Excellent,Kampot,Silver,64.2/88,400-600,160,7.5,Dealer,GB-T/CCS2,13-05-2024,Synthetic (New Formula)
Avatr,Avatr 07,2024,45381.22507213719,25152.0,Excellent,Phnom Penh,Cosmos Black,62.2/100.5,420-621,190,4.9,Dealer,GB-T/CCS2,2/6/2024,Synthetic (New Formula)
BYD,BYD Atto 3,2025,30017.57560544625,9536.0,Like New,Siem Reap,White,50/60.5,340-420,150,7.3,Dealer,GB-T/CCS2,24-01-2025,Synthetic (New Formula)
Tesla,Tesla Model 3,2024,44177.448241097954,0.0,Like New,Phnom Penh,White,60/82,430-576,208,6.1,Authorized Dealer,GB-T/CCS2,28-04-2025,Synthetic (New Formula)
AITO,AITO M7,2022,69610.27707625828,42372.0,New,Siem Reap,White,40,200 PHEV,330,4.8,Private,GB-T/CCS2,11/1/2023,Synthetic (New Formula)
BYD,BYD Sealion 6,2022,49158.3881926865,28106.0,Excellent,Kampot,Blue,18.3,80-100 PHEV,145,8.5,Authorized Dealer,GB-T/CCS2,13-05-2024,Synthetic (New Formula)
BYD,BYD Seagull,2025,19602.237556399356,0.0,Good,Preah Vihear,White,30/38.88,190-305,55,,Private,GB-T/CCS2,17-03-2023,Synthetic (New Formula)
XPeng,XPeng G6,2025,44135.66755734299,8190.0,Good,Siem Reap,Silver,66/87.5,435-570,190,6.2,Private,GB-T/CCS2,11/10/2024,Synthetic (New Formula)
VinFast,VinFast VF 6,2023,27890.090203905496,39732.0,New,Kampong Cham,White,59.6,399,110,,Dealer,GB-T/CCS2,17-05-2024,Synthetic (New Formula)
MG,MG 4 EV,2023,25251.897132601538,4132.0,Good,Phnom Penh,White,51/64/77,350-520,125,7.7,Private,GB-T/CCS2,7/2/2025,Synthetic (New Formula)
Avatr,Avatr 07,2025,44706.79590438434,808.0,Excellent,Phnom Penh,Grey,62.2/100.5,420-621,190,4.9,Dealer,GB-T/CCS2,26-05-2025,Synthetic (New Formula)
BYD,BYD Sealion 6,2022,52714.59671653446,52560.0,Fair,Kampot,Blue,18.3,80-100 PHEV,145,8.5,Authorized Dealer,GB-T/CCS2,13-05-2024,Synthetic (New Formula)
MG,MG 5,2022,21973.740813500903,7224.0,Like New,Battambang,Red,61.1,403,130,7.7,Private,GB-T/CCS2,13-05-2021,Synthetic (New Formula)
MG,MG 4 EV,2022,28065.27699705908,33012.0,Fair,Phnom Penh,Grey,51/64/77,350-520,125,7.7,Dealer,GB-T/CCS2,26-01-2024,Synthetic (New Formula)
Kia,Kia EV9,2023,74796.69889120998,2142.0,New,Phnom Penh,Cosmos Black,99.8,541,283,5.3,Dealer,GB-T/CCS2,15-08-2024,Synthetic (New Formula)
Hyundai,Hyundai Ioniq 5,2024,46116.78345951248,13258.0,Like New,Kratie,White,58/72.6,354-488,125,7.4,Dealer,GB-T/CCS2,10/11/2022,Synthetic (New Formula)
BYD,BYD Atto 3,2024,30534.125419679847,20330.0,New,Phnom Penh,White,50/60.5,340-420,150,7.3,Private,GB-T/CCS2,17-09-2022,Synthetic (New Formula)
BYD,BYD Dolphin,2022,31066.282979044692,54229.0,New,Phnom Penh,White,44.9/60.5,310-420,70,7.5,Authorized Dealer,GB-T/CCS2,12/2/2025,Synthetic (New Formula)
VinFast,VinFast VF 6,2023,27543.85573156956,32310.0,New,Phnom Penh,Grey,59.6,399,110,,Private,GB-T/CCS2,16-09-2023,Synthetic (New Formula)
MG,MG ZS EV,2025,30293.754959559537,39790.0,New,Phnom Penh,Silver,50.3/72.6,320-440,115,8.6,Private,GB-T/CCS2,10/5/2025,Synthetic (New Formula)
Deepal,Deepal S07,2025,52246.41864476769,34680.0,Excellent,Phnom Penh,Silver,31.6/80,200 PHEV,190,6.7,Private,GB-T/CCS2,20-06-2024,Synthetic (New Formula)
Toyota,Toyota bZ5,2024,40093.23527622169,24099.0,Excellent,Kep,White,71.2,630,180,6.8,Private,GB-T/CCS2,27-07-2025,Synthetic (New Formula)
Zeekr,Zeekr 007,2024,61330.192147257934,1183.0,New,Phnom Penh,Red,75/100,530-688,310,3.5,Dealer,GB-T/CCS2,8/5/2025,Synthetic (New Formula)
BYD,BYD Tang,2024,68452.32621692156,24360.0,New,Sihanoukville,Silver,86.4/108.8,400-530,180,4.6,Authorized Dealer,GB-T/CCS2,5/5/2021,Synthetic (New Formula)
VinFast,VinFast VF 9,2021,74218.21593508495,24574.0,New,Phnom Penh,Silver,123,438,300,6.5,Private,GB-T/CCS2,16-11-2023,Synthetic (New Formula)
Deepal,Deepal L07,2024,47362.113330736334,0.0,Like New,Phnom Penh,Grey,31.6,200 PHEV,160,7.3,Dealer,GB-T/CCS2,21-06-2024,Synthetic (New Formula)
Kia,Kia EV6,2024,54155.02455315587,39970.0,New,Phnom Penh,Blue,77.4,484,168,7.1,Private,GB-T/CCS2,3/7/2024,Synthetic (New Formula)
Kia,Kia EV5,2022,45881.24551667253,72513.0,Like New,Phnom Penh,Blue,64.2/88,400-600,160,7.5,Authorized Dealer,GB-T/CCS2,11/2/2024,Synthetic (New Formula)
Tesla,Tesla Model Y,2021,60805.40076546996,0.0,New,Phnom Penh,White,60/75/82,430-600,220,6.9,Dealer,GB-T/CCS2,16-11-2024,Synthetic (New Formula)
XPeng,XPeng G6,2023,51615.09978560678,25146.0,Good,Kampot,Red,66/87.5,435-570,190,6.2,Private,GB-T/CCS2,3/1/2024,Synthetic (New Formula)
Nissan,Nissan Leaf,2024,27467.921510715787,944.0,Good,Sihanoukville,Grey,40/62,240-385,110,7.0,Dealer,GB-T/CCS2,15-11-2023,Synthetic (New Formula)
BYD,BYD Han,2022,65752.52172380533,42372.0,New,Kampong Cham,White,76.9/85.4,500-610,180,3.9,Authorized Dealer,GB-T/CCS2,19-05-2022,Synthetic (New Formula)
BYD,BYD Seal 5,2025,21694.60755956333,39790.0,Like New,Sihanoukville,Red,15.8,80 PHEV,110,7.9,Authorized Dealer,GB-T/CCS2,4/7/2025,Synthetic (New Formula)
BYD,BYD Han,2024,64027.17104386117,12446.0,Good,Phnom Penh,Grey,76.9/85.4,500-610,180,3.9,Authorized Dealer,GB-T/CCS2,10/9/2023,Synthetic (New Formula)
AION,AION Y Plus,2025,34272.26506567402,13824.0,New,Phnom Penh,Silver,51.9/63.9,410-510,150,7.8,Dealer,GB-T/CCS2,2/7/2025,Synthetic (New Formula)
BYD,BYD Han,2024,59597.2785230117,18700.0,New,Battambang,Silver,76.9/85.4,500-610,180,3.9,Dealer,GB-T/CCS2,1/3/2021,Synthetic (New Formula)
BYD,BYD Han,2022,72172.88436591471,52100.0,New,Kep,White,76.9/85.4,500-610,180,3.9,Authorized Dealer,GB-T/CCS2,23-05-2023,Synthetic (New Formula)
Leapmotor,Leapmotor T03,2021,14177.724426990062,15820.0,New,Phnom Penh,Red,41.3,403,80,,Dealer,GB-T/CCS2,5/8/2025,Synthetic (New Formula)
AION,AION V,2023,42052.39912672646,4132.0,New,Phnom Penh,Blue,68.8/80,480-610,165,7.1,Dealer,GB-T/CCS2,24-05-2025,Synthetic (New Formula)
XPeng,XPeng G6,2022,50812.526905203034,54229.0,New,Kampot,Red,66/87.5,435-570,190,6.2,Private,GB-T/CCS2,3/1/2024,Synthetic (New Formula)
BYD,BYD Sealion 6,2025,43413.974983994296,8832.0,Like New,Phnom Penh,Black,18.3,80-100 PHEV,145,8.5,Dealer,GB-T/CCS2,16-11-2024,Synthetic (New Formula)
AITO,AITO M7,2024,56181.86670650794,4120.0,New,Battambang,Grey,40,200 PHEV,330,4.8,Dealer,GB-T/CCS2,16-04-2023,Synthetic (New Formula)
MG,MG ZS EV,2022,28223.586433038396,11956.0,New,Phnom Penh,White,50.3/72.6,320-440,115,8.6,Private,GB-T/CCS2,21-01-2022,Synthetic (New Formula)
AITO,AITO M5,2024,48645.44306359878,23736.0,Good,Phnom Penh,Grey,40,200 PHEV,200,4.8,Dealer,GB-T/CCS2,6/4/2024,Synthetic (New Formula)
BYD,BYD Atto 2,2022,24711.855302239277,11984.0,New,Siem Reap,White,45.1,312-401,130,7.9,Authorized Dealer,GB-T/CCS2,23-05-2025,Synthetic (New Formula)
BYD,BYD Dolphin,2024,27108.114602332793,28106.0,Excellent,Phnom Penh,Silver,44.9/60.5,310-420,70,7.5,Authorized Dealer,GB-T/CCS2,21-05-2022,Synthetic (New Formula)
MG,MG 5,2024,23312.91412740236,10153.0,Excellent,Phnom Penh,Black,61.1,403,130,7.7,Dealer,GB-T/CCS2,5/9/2023,Synthetic (New Formula)
Deepal,Deepal L07,2020,51444.44549843496,20957.0,Fair,Phnom Penh,Black,31.6,200 PHEV,160,7.3,Private,GB-T/CCS2,1/2/2025,Synthetic (New Formula)
Deepal,Deepal S07,2025,52035.74613655968,23517.0,New,Phnom Penh,White,31.6/80,200 PHEV,190,6.7,Dealer,GB-T/CCS2,24-09-2024,Synthetic (New Formula)
MG,MG 5,2023,23695.4611321203,31563.0,New,Kep,Red,61.1,403,130,7.7,Dealer,GB-T/CCS2,23-09-2020,Synthetic (New Formula)
Zeekr,Zeekr 001,2025,81236.5132757788,47025.0,New,Phnom Penh,White,86/100,560-620,200,3.3,Private,GB-T/CCS2,7/6/2022,Synthetic (New Formula)
AITO,AITO M5,2024,44719.23814393272,9900.0,Like New,Kampong Cham,Black,40,200 PHEV,200,4.8,Private,GB-T/CCS2,10/3/2022,Synthetic (New Formula)
MG,MG 5,2024,21487.995776815493,12446.0,Excellent,Phnom Penh,Black,61.1,403,130,7.7,Dealer,GB-T/CCS2,16-09-2025,Synthetic (New Formula)
Tesla,Tesla Model Y,2025,60979.93375141879,20328.0,Good,Phnom Penh,Green,60/75/82,430-600,220,6.9,Authorized Dealer,GB-T/CCS2,25-08-2025,Synthetic (New Formula)
BYD,BYD Sealion 7,2025,39930.82792891522,0.0,Like New,Battambang,Black,71.8/91.3,460-567,230,4.5,Private,GB-T/CCS2,24-06-2024,Synthetic (New Formula)
MG,MG 4 EV,2024,23401.943957953565,0.0,Good,Phnom Penh,Grey,51/64/77,350-520,125,7.7,Dealer,GB-T/CCS2,28-08-2022,Synthetic (New Formula)
Xiaomi,Xiaomi SU7,2025,75537.57906034113,26900.0,Excellent,Phnom Penh,Black,73.6/94.3,495-830,220,5.3,Private,GB-T/CCS2,3/6/2024,Synthetic (New Formula)
BYD,BYD Sealion 6,2025,46838.91066901576,16524.0,Fair,Kratie,Silver,18.3,80-100 PHEV,145,8.5,Private,GB-T/CCS2,13-05-2025,Synthetic (New Formula)
BMW,BMW iX1,2022,65461.28792244803,47670.0,Fair,Phnom Penh,Black,64.7,417,150,8.6,Authorized Dealer,GB-T/CCS2,6/10/2025,Synthetic (New Formula)
MG,MG 5,2024,21817.540428928063,19152.0,Fair,Kampot,Black,61.1,403,130,7.7,Authorized Dealer,GB-T/CCS2,17-11-2021,Synthetic (New Formula)
Zeekr,Zeekr 001,2022,77196.06138884883,13392.0,Good,Preah Vihear,Silver,86/100,560-620,200,3.3,Authorized Dealer,GB-T/CCS2,5/6/2025,Synthetic (New Formula)
MG,MG ZS EV,2024,28749.20348455404,12320.0,New,Phnom Penh,Grey,50.3/72.6,320-440,115,8.6,Authorized Dealer,GB-T/CCS2,5/2/2021,Synthetic (New Formula)
AITO,AITO M5,2025,45253.82326408756,8272.0,Good,Phnom Penh,Black,40,200 PHEV,200,4.8,Private,GB-T/CCS2,17-04-2025,Synthetic (New Formula)
BMW,BMW iX1,2020,64575.40686202702,44935.0,Excellent,Koh Kong,Silver,64.7,417,150,8.6,Dealer,GB-T/CCS2,22-06-2025,Synthetic (New Formula)
BYD,BYD Seagull,2022,21790.004217179725,39100.0,New,Phnom Penh,Grey,30/38.88,190-305,55,,Authorized Dealer,GB-T/CCS2,12/9/2023,Synthetic (New Formula)
BYD,BYD Han,2025,57110.44083494787,1112.0,Good,Phnom Penh,Grey,76.9/85.4,500-610,180,3.9,Dealer,GB-T/CCS2,19-02-2024,Synthetic (New Formula)
Mercedes,Mercedes EQB,2023,69376.72372940317,35598.0,New,Phnom Penh,Blue,66.5,419,168,8.0,Dealer,GB-T/CCS2,14-05-2025,Synthetic (New Formula)
BYD,BYD Atto 3,2024,30372.422757342563,11154.0,Like New,Phnom Penh,White,50/60.5,340-420,150,7.3,Private,GB-T/CCS2,9/11/2024,Synthetic (New Formula)
XPeng,XPeng G6,2025,44871.89611480439,26675.0,New,Siem Reap,Silver,66/87.5,435-570,190,6.2,Private,GB-T/CCS2,11/10/2024,Synthetic (New Formula)
AION,AION V,2024,39897.788265923686,6228.0,Like New,Phnom Penh,Grey,68.8/80,480-610,165,7.1,Private,GB-T/CCS2,27-09-2024,Synthetic (New Formula)
Denza,Denza D9,2023,97258.26858621565,57869.0,Fair,Phnom Penh,Silver,103,600,230,6.9,Private,GB-T/CCS2,18-07-2024,Synthetic (New Formula)
Toyota,Toyota bZ4X,2025,48905.274667053476,38418.0,New,Preah Vihear,Black,71.4,500,150,7.1,Dealer,GB-T/CCS2,1/5/2025,Synthetic (New Formula)
Tesla,Tesla Model Y,2023,60059.49545009276,10270.0,Fair,Phnom Penh,White,60/75/82,430-600,220,6.9,Authorized Dealer,GB-T/CCS2,24-01-2025,Synthetic (New Formula)
Nissan,Nissan Leaf,2021,31633.787796225544,26505.0,Like New,Kampong Cham,White,40/62,240-385,110,7.0,Dealer,GB-T/CCS2,20-05-2022,Synthetic (New Formula)
Avatr,Avatr 07,2021,50933.44779425174,27175.0,Good,Preah Vihear,Black,62.2/100.5,420-621,190,4.9,Authorized Dealer,GB-T/CCS2,21-12-2024,Synthetic (New Formula)
MG,MG 4 EV,2022,27984.844401396975,34680.0,Good,Siem Reap,Silver,51/64/77,350-520,125,7.7,Dealer,GB-T/CCS2,15-07-2023,Synthetic (New Formula)
VinFast,VinFast VF 6,2025,25909.675838644893,13258.0,Like New,Sihanoukville,Black,59.6,399,110,,Private,GB-T/CCS2,21-11-2024,Synthetic (New Formula)
Tesla,Tesla Model Y,2022,63943.76437717857,26130.0,Like New,Phnom Penh,Green,60/75/82,430-600,220,6.9,Authorized Dealer,GB-T/CCS2,14-05-2024,Synthetic (New Formula)
Mercedes,Mercedes EQB,2023,69787.62578785453,43350.0,Excellent,Phnom Penh,Grey,66.5,419,168,8.0,Private,GB-T/CCS2,23-09-2021,Synthetic (New Formula)
Avatr,Avatr 07,2021,51778.024422668015,32973.0,New,Sihanoukville,Black,62.2/100.5,420-621,190,4.9,Private,GB-T/CCS2,25-09-2024,Synthetic (New Formula)
BYD,BYD Han,2024,61445.76920447861,21014.0,New,Phnom Penh,Silver,76.9/85.4,500-610,180,3.9,Authorized Dealer,GB-T/CCS2,7/6/2021,Synthetic (New Formula)
Tesla,Tesla Model Y,2022,62318.394798533,24486.0,Excellent,Sihanoukville,Silver,60/75/82,430-600,220,6.9,Dealer,GB-T/CCS2,9/8/2021,Synthetic (New Formula)
BYD,BYD Han,2023,61566.03984537721,11304.0,New,Phnom Penh,White,76.9/85.4,500-610,180,3.9,Dealer,GB-T/CCS2,18-05-2025,Synthetic (New Formula)
Tesla,Tesla Model 3,2023,52256.33473787677,43513.0,New,Kampong Cham,White,60/82,430-576,208,6.1,Private,GB-T/CCS2,5/8/2021,Synthetic (New Formula)
BMW,BMW iX1,2025,62082.23346314119,43989.0,Excellent,Phnom Penh,Silver,64.7,417,150,8.6,Private,GB-T/CCS2,7/4/2022,Synthetic (New Formula)
MG,MG 4 EV,2020,28422.102732915264,4060.0,New,Battambang,Black,51/64/77,350-520,125,7.7,Private,GB-T/CCS2,13-11-2022,Synthetic (New Formula)
Tesla,Tesla Model Y,2020,65840.58779891602,9185.0,New,Phnom Penh,White,60/75/82,430-600,220,6.9,Authorized Dealer,GB-T/CCS2,14-08-2024,Synthetic (New Formula)
Zeekr,Zeekr 001,2023,72139.02739475002,7569.0,New,Phnom Penh,White,86/100,560-620,200,3.3,Dealer,GB-T/CCS2,15-02-2023,Synthetic (New Formula)
Tesla,Tesla Model 3,2023,45066.740695791894,2320.0,New,Phnom Penh,Pearl White,60/82,430-576,208,6.1,Private,GB-T/CCS2,23-01-2024,Synthetic (New Formula)
BYD,BYD Tang,2024,65519.99169969483,26975.0,Excellent,Battambang,White,86.4/108.8,400-530,180,4.6,Private,GB-T/CCS2,10/4/2025,Synthetic (New Formula)
BYD,BYD Sealion 7,2022,43713.57840796343,19038.0,Good,Phnom Penh,Blue,71.8/91.3,460-567,230,4.5,Authorized Dealer,GB-T/CCS2,11/8/2025,Synthetic (New Formula)
Toyota,Toyota bZ4X,2022,47781.866017834516,27412.0,Excellent,Sihanoukville,Black,71.4,500,150,7.1,Authorized Dealer,GB-T/CCS2,11/3/2022,Synthetic (New Formula)
Tesla,Tesla Model Y,2025,60722.541139280016,36642.0,New,Phnom Penh,Blue,60/75/82,430-600,220,6.9,Private,GB-T/CCS2,17-08-2022,Synthetic (New Formula)
Mercedes,Mercedes EQB,2022,65429.995074124934,12342.0,Like New,Sihanoukville,Red,66.5,419,168,8.0,Dealer,GB-T/CCS2,26-07-2024,Synthetic (New Formula)
BYD,BYD Sealion 6,2024,45027.3225093783,15485.0,New,Kratie,Silver,18.3,80-100 PHEV,145,8.5,Private,GB-T/CCS2,13-05-2025,Synthetic (New Formula)
AITO,AITO M7,2024,61007.80769734987,32800.0,New,Phnom Penh,White,40,200 PHEV,330,4.8,Authorized Dealer,GB-T/CCS2,5/2/2022,Synthetic (New Formula)
Zeekr,Zeekr 007,2025,65674.67209950062,24403.0,New,Siem Reap,Pearl White,75/100,530-688,310,3.5,Authorized Dealer,GB-T/CCS2,11/6/2024,Synthetic (New Formula)
VinFast,VinFast VF 6,2025,24318.023186346134,0.0,New,Sihanoukville,Black,59.6,399,110,,Private,GB-T/CCS2,21-11-2024,Synthetic (New Formula)
MG,MG ZS EV,2024,29446.746618632507,0.0,New,Siem Reap,Black,50.3/72.6,320-440,115,8.6,Dealer,GB-T/CCS2,3/5/2023,Synthetic (New Formula)
Deepal,Deepal S07,2023,58078.387054371946,41750.0,Like New,Phnom Penh,Silver,31.6/80,200 PHEV,190,6.7,Private,GB-T/CCS2,20-06-2024,Synthetic (New Formula)
Hyundai,Hyundai Ioniq 5,2025,41971.892609225426,15521.0,Good,Kampong Cham,Blue,58/72.6,354-488,125,7.4,Private,GB-T/CCS2,8/10/2023,Synthetic (New Formula)
Kia,Kia EV5,2023,37218.53610174344,18108.0,Excellent,Phnom Penh,Black,64.2/88,400-600,160,7.5,Authorized Dealer,GB-T/CCS2,8/9/2023,Synthetic (New Formula)
XPeng,XPeng G6,2023,47785.29364731453,14076.0,New,Phnom Penh,Grey,66/87.5,435-570,190,6.2,Authorized Dealer,GB-T/CCS2,27-01-2025,Synthetic (New Formula)
Arcfox,Arcfox Koala S,2023,28645.84692172935,20856.0,Excellent,Phnom Penh,Black,42.8,301,120,8.5,Authorized Dealer,GB-T/CCS2,26-05-2025,Synthetic (New Formula)
BYD,BYD Seal,2021,44831.56906692011,43953.0,Like New,Sihanoukville,White,61.4/82.5,400-550,150,3.8,Private,GB-T/CCS2,26-08-2024,Synthetic (New Formula)
BMW,BMW iX1,2025,53077.75598207924,6090.0,Excellent,Battambang,White,64.7,417,150,8.6,Dealer,GB-T/CCS2,24-02-2023,Synthetic (New Formula)
Tesla,Tesla Model 3,2023,50896.88267973804,33528.0,Good,Sihanoukville,White,60/82,430-576,208,6.1,Dealer,GB-T/CCS2,18-07-2022,Synthetic (New Formula)
VinFast,VinFast VF 9,2024,64672.21764444382,1100.0,Fair,Phnom Penh,Black,123,438,300,6.5,Dealer,GB-T/CCS2,14-05-2025,Synthetic (New Formula)
Avatr,Avatr 11,2023,66175.9828463261,14922.0,Excellent,Phnom Penh,Blue,90/116,555-700,230,3.9,Authorized Dealer,GB-T/CCS2,18-08-2022,Synthetic (New Formula)
BYD,BYD Dolphin,2025,24505.2551032668,0.0,Good,Sihanoukville,Silver,44.9/60.5,310-420,70,7.5,Dealer,GB-T/CCS2,7/7/2024,Synthetic (New Formula)
BYD,BYD Dolphin,2024,27202.390546508177,24403.0,New,Kratie,Blue,44.9/60.5,310-420,70,7.5,Dealer,GB-T/CCS2,17-04-2024,Synthetic (New Formula)
AITO,AITO M7,2025,62069.22985073576,54510.0,Like New,Phnom Penh,Silver,40,200 PHEV,330,4.8,Private,GB-T/CCS2,16-05-2022,Synthetic (New Formula)
Mercedes,Mercedes EQB,2024,63175.24887012653,0.0,New,Preah Vihear,Silver,66.5,419,168,8.0,Authorized Dealer,GB-T/CCS2,16-05-2022,Synthetic (New Formula)
Nissan,Nissan Leaf,2024,28410.619911735732,26992.0,New,Phnom Penh,White,40/62,240-385,110,7.0,Dealer,GB-T/CCS2,26-08-2020,Synthetic (New Formula)
VinFast,VinFast VF 8,2024,41508.72684897101,11964.0,Good,Phnom Penh,Grey,82/87.5,420-500,150,5.5,Private,GB-T/CCS2,11/2/2023,Synthetic (New Formula)
Kia,Kia EV9,2024,86601.86687508813,43513.0,Good,Phnom Penh,White,99.8,541,283,5.3,Authorized Dealer,GB-T/CCS2,22-08-2025,Synthetic (New Formula)
Avatr,Avatr 12,2023,64204.93088478997,13024.0,New,Phnom Penh,White,94.5,650,230,3.9,Authorized Dealer,GB-T/CCS2,1/1/2025,Synthetic (New Formula)
Avatr,Avatr 07,2024,45743.83168925597,17190.0,Like New,Sihanoukville,Black,62.2/100.5,420-621,190,4.9,Private,GB-T/CCS2,25-09-2024,Synthetic (New Formula)
VinFast,VinFast VF 9,2022,70485.55719418658,14476.0,Excellent,Kampong Cham,Silver,123,438,300,6.5,Private,GB-T/CCS2,6/10/2024,Synthetic (New Formula)
BYD,BYD Tang,2020,68313.9280929542,12342.0,Good,Kep,White,86.4/108.8,400-530,180,4.6,Dealer,GB-T/CCS2,6/1/2022,Synthetic (New Formula)
Zeekr,Zeekr 001,2022,74066.08785548789,4164.0,New,Phnom Penh,White,86/100,560-620,200,3.3,Dealer,GB-T/CCS2,15-02-2023,Synthetic (New Formula)
BMW,BMW iX1,2025,58550.23231101028,26975.0,Like New,Phnom Penh,Red,64.7,417,150,8.6,Dealer,GB-T/CCS2,4/12/2022,Synthetic (New Formula)
BYD,BYD Han,2022,58903.19614841513,3660.0,New,Kampong Cham,White,76.9/85.4,500-610,180,3.9,Authorized Dealer,GB-T/CCS2,19-05-2022,Synthetic (New Formula)
AION,AION Y Plus,2024,33074.34335004258,10153.0,New,Phnom Penh,Black,51.9/63.9,410-510,150,7.8,Private,GB-T/CCS2,4/4/2025,Synthetic (New Formula)
BYD,BYD Sealion 6,2023,47690.6769657118,23550.0,New,Phnom Penh,Black,18.3,80-100 PHEV,145,8.5,Dealer,GB-T/CCS2,16-11-2024,Synthetic (New Formula)
Tesla,Tesla Model Y,2024,63347.46318507513,29172.0,New,Phnom Penh,Blue,60/75/82,430-600,220,6.9,Authorized Dealer,GB-T/CCS2,19-02-2022,Synthetic (New Formula)
Zeekr,Zeekr 007,2025,62290.845509762155,4960.0,Excellent,Phnom Penh,Red,75/100,530-688,310,3.5,Dealer,GB-T/CCS2,8/5/2025,Synthetic (New Formula)
Arcfox,Arcfox Koala S,2023,27242.97926986234,17034.0,New,Sihanoukville,Orange,42.8,301,120,8.5,Dealer,GB-T/CCS2,13-12-2024,Synthetic (New Formula)
AION,AION V,2020,48707.84572426182,47300.0,New,Phnom Penh,White,68.8/80,480-610,165,7.1,Dealer,GB-T/CCS2,1/8/2025,Synthetic (New Formula)
MG,MG 4 EV,2023,27034.034960050474,36618.0,Like New,Battambang,Silver,51/64/77,350-520,125,7.7,Dealer,GB-T/CCS2,14-04-2023,Synthetic (New Formula)
BMW,BMW iX1,2025,62465.7864379669,34632.0,New,Phnom Penh,Silver,64.7,417,150,8.6,Private,GB-T/CCS2,7/4/2022,Synthetic (New Formula)
Kia,Kia EV6,2023,48880.87933004788,10080.0,Like New,Phnom Penh,Grey,77.4,484,168,7.1,Authorized Dealer,GB-T/CCS2,19-03-2022,Synthetic (New Formula)
BYD,BYD Atto 3,2025,29654.517427242612,5035.0,Like New,Sihanoukville,White,50/60.5,340-420,150,7.3,Dealer,GB-T/CCS2,26-01-2023,Synthetic (New Formula)
VinFast,VinFast VF 9,2021,72778.63526159804,25146.0,New,Phnom Penh,Grey,123,438,300,6.5,Private,GB-T/CCS2,2/1/2025,Synthetic (New Formula)
Avatr,Avatr 07,2023,49350.70426743817,0.0,New,Phnom Penh,Grey,62.2/100.5,420-621,190,4.9,Dealer,GB-T/CCS2,26-05-2025,Synthetic (New Formula)
Kia,Kia EV6,2023,51556.47493338473,13787.0,Good,Kampot,Silver,77.4,484,168,7.1,Authorized Dealer,GB-T/CCS2,19-08-2023,Synthetic (New Formula)
Arcfox,Arcfox Koala S,2024,25828.11394034102,6792.0,Excellent,Phnom Penh,Black,42.8,301,120,8.5,Dealer,GB-T/CCS2,5/4/2024,Synthetic (New Formula)
Zeekr,Zeekr 001,2025,69663.50942995743,6825.0,Excellent,Phnom Penh,Black,86/100,560-620,200,3.3,Authorized Dealer,GB-T/CCS2,3/10/2025,Synthetic (New Formula)
BYD,BYD Atto 3,2020,32715.849907128435,11808.0,Excellent,Battambang,Red,50/60.5,340-420,150,7.3,Dealer,GB-T/CCS2,25-07-2025,Synthetic (New Formula)
Leapmotor,Leapmotor T03,2024,13497.320608753764,16558.0,Like New,Phnom Penh,Pearl White,41.3,403,80,,Dealer,GB-T/CCS2,1/5/2022,Synthetic (New Formula)
BYD,BYD Sealion 7,2022,42423.634154460044,0.0,Like New,Kampot,White,71.8/91.3,460-567,230,4.5,Private,GB-T/CCS2,15-02-2025,Synthetic (New Formula)
Hyundai,Hyundai Ioniq 5,2021,46695.31874324097,20330.0,Like New,Phnom Penh,Black,58/72.6,354-488,125,7.4,Dealer,GB-T/CCS2,24-07-2023,Synthetic (New Formula)
AION,AION V,2024,40263.3038458888,10881.0,Good,Phnom Penh,Blue,68.8/80,480-610,165,7.1,Dealer,GB-T/CCS2,24-05-2025,Synthetic (New Formula)
Avatr,Avatr 11,2024,67051.22020596162,6902.0,New,Phnom Penh,White,90/116,555-700,230,3.9,Authorized Dealer,GB-T/CCS2,27-08-2025,Synthetic (New Formula)
AITO,AITO M5,2024,48122.84830722914,44935.0,New,Battambang,Grey,40,200 PHEV,200,4.8,Private,GB-T/CCS2,2/1/2025,Synthetic (New Formula)
Hyundai,Hyundai Ioniq 6,2024,51995.50719880099,9207.0,New,Phnom Penh,White,53/77.4,429-614,151,8.1,Dealer,GB-T/CCS2,12/7/2024,Synthetic (New Formula)
Leapmotor,Leapmotor T03,2023,13208.246412628736,6090.0,New,Siem Reap,Grey,41.3,403,80,,Authorized Dealer,GB-T/CCS2,1/8/2022,Synthetic (New Formula)
Avatr,Avatr 11,2025,66249.66227575755,1039.0,Good,Phnom Penh,Black,90/116,555-700,230,3.9,Authorized Dealer,GB-T/CCS2,18-11-2023,Synthetic (New Formula)
Tesla,Tesla Model 3,2023,49695.86223458738,10940.0,New,Phnom Penh,White,60/82,430-576,208,6.1,Authorized Dealer,GB-T/CCS2,28-04-2025,Synthetic (New Formula)
Nissan,Nissan Leaf,2023,29912.059941778767,6825.0,Good,Kep,Silver,40/62,240-385,110,7.0,Private,GB-T/CCS2,27-01-2021,Synthetic (New Formula)
Tesla,Tesla Model Y,2022,63478.20324111898,20658.0,Like New,Phnom Penh,Silver,60/75/82,430-600,220,6.9,Authorized Dealer,GB-T/CCS2,10/10/2023,Synthetic (New Formula)
BYD,BYD Atto 3,2021,34696.373279269064,35598.0,New,Phnom Penh,White,50/60.5,340-420,150,7.3,Private,GB-T/CCS2,17-09-2022,Synthetic (New Formula)
Mercedes,Mercedes EQB,2025,60255.00549574552,3300.0,Good,Phnom Penh,Black,66.5,419,168,8.0,Private,GB-T/CCS2,28-02-2025,Synthetic (New Formula)
BYD,BYD Seal,2024,35291.53972315258,0.0,New,Siem Reap,Grey,61.4/82.5,400-550,150,3.8,Authorized Dealer,GB-T/CCS2,17-05-2025,Synthetic (New Formula)
Mercedes,Mercedes EQB,2024,61621.61020328981,4424.0,New,Kampot,White,66.5,419,168,8.0,Dealer,GB-T/CCS2,28-08-2025,Synthetic (New Formula)
Zeekr,Zeekr X,2025,51829.59811700473,18432.0,New,Siem Reap,Blue,66,440,200,5.6,Authorized Dealer,GB-T/CCS2,13-08-2024,Synthetic (New Formula)
BMW,BMW iX1,2021,63777.60698939077,30336.0,Like New,Siem Reap,Black,64.7,417,150,8.6,Authorized Dealer,GB-T/CCS2,14-05-2023,Synthetic (New Formula)
Kia,Kia EV5,2024,39142.545351742236,43513.0,Like New,Phnom Penh,Blue,64.2/88,400-600,160,7.5,Authorized Dealer,GB-T/CCS2,11/2/2024,Synthetic (New Formula)
MG,MG 4 EV,2025,26753.018576692095,29551.0,Like New,Phnom Penh,Pearl White,51/64/77,350-520,125,7.7,Private,GB-T/CCS2,15-10-2023,Synthetic (New Formula)
VinFast,VinFast VF 6,2023,25644.452345506987,0.0,New,Sihanoukville,Black,59.6,399,110,,Private,GB-T/CCS2,21-11-2024,Synthetic (New Formula)
VinFast,VinFast VF 6,2022,26692.291205448397,11412.0,Excellent,Siem Reap,Silver,59.6,399,110,,Private,GB-T/CCS2,6/5/2025,Synthetic (New Formula)
BYD,BYD Han,2024,59348.07720845875,6839.0,Fair,Phnom Penh,Silver,76.9/85.4,500-610,180,3.9,Dealer,GB-T/CCS2,28-08-2022,Synthetic (New Formula)
XPeng,XPeng G6,2024,45149.130988689154,8272.0,Like New,Phnom Penh,Blue,66/87.5,435-570,190,6.2,Dealer,GB-T/CCS2,25-09-2023,Synthetic (New Formula)
BMW,BMW iX1,2023,61954.65122638438,35039.0,Like New,Battambang,White,64.7,417,150,8.6,Dealer,GB-T/CCS2,24-02-2023,Synthetic (New Formula)
Leapmotor,Leapmotor T03,2025,13069.011521459419,29750.0,Excellent,Phnom Penh,White,41.3,403,80,,Private,GB-T/CCS2,25-07-2024,Synthetic (New Formula)
Hyundai,Hyundai Ioniq 5,2025,41411.061606519754,5275.0,Like New,Siem Reap,Black,58/72.6,354-488,125,7.4,Dealer,GB-T/CCS2,12/5/2022,Synthetic (New Formula)
Leapmotor,Leapmotor T03,2025,14061.204403659798,44560.0,Like New,Battambang,White,41.3,403,80,,Authorized Dealer,GB-T/CCS2,10/1/2024,Synthetic (New Formula)
Kia,Kia EV6,2024,47915.58080479444,6888.0,New,Phnom Penh,Blue,77.4,484,168,7.1,Private,GB-T/CCS2,3/7/2024,Synthetic (New Formula)
AION,AION Y Plus,2025,33060.50543688931,8736.0,Excellent,Phnom Penh,Blue,51.9/63.9,410-510,150,7.8,Authorized Dealer,GB-T/CCS2,24-04-2024,Synthetic (New Formula)
BYD,BYD Seal,2024,39580.71611250688,50820.0,New,Sihanoukville,White,61.4/82.5,400-550,150,3.8,Private,GB-T/CCS2,26-08-2024,Synthetic (New Formula)
Avatr,Avatr 11,2025,64044.6516564407,7224.0,Excellent,Phnom Penh,Black,90/116,555-700,230,3.9,Authorized Dealer,GB-T/CCS2,18-11-2023,Synthetic (New Formula)
VinFast,VinFast VF 6,2022,25895.882023561477,13392.0,Excellent,Siem Reap,Grey,59.6,399,110,,Private,GB-T/CCS2,3/2/2025,Synthetic (New Formula)
MG,MG ZS EV,2023,30969.72899861859,22088.0,New,Phnom Penh,Silver,50.3/72.6,320-440,115,8.6,Dealer,GB-T/CCS2,10/4/2022,Synthetic (New Formula)
VinFast,VinFast VF 9,2025,66250.24784427819,4240.0,Like New,Phnom Penh,White,123,438,300,6.5,Private,GB-T/CCS2,11/1/2024,Synthetic (New Formula)
Hyundai,Hyundai Ioniq 5,2022,45862.10455395199,14926.0,Excellent,Kratie,White,58/72.6,354-488,125,7.4,Dealer,GB-T/CCS2,10/11/2022,Synthetic (New Formula)
BYD,BYD Dolphin,2023,26715.918110011167,1158.0,New,Koh Kong,Black,44.9/60.5,310-420,70,7.5,Dealer,GB-T/CCS2,8/11/2022,Synthetic (New Formula)
Nissan,Nissan Leaf,2024,27764.11375239787,3468.0,New,Siem Reap,Blue,40/62,240-385,110,7.0,Dealer,GB-T/CCS2,2/5/2023,Synthetic (New Formula)
MG,MG 4 EV,2025,26834.89001127256,3468.0,Excellent,Phnom Penh,Grey,51/64/77,350-520,125,7.7,Dealer,GB-T/CCS2,9/2/2022,Synthetic (New Formula)
AITO,AITO M5,2021,49675.88413619803,20853.0,Excellent,Battambang,Grey,40,200 PHEV,200,4.8,Private,GB-T/CCS2,2/1/2025,Synthetic (New Formula)
Kia,Kia EV9,2025,79155.94544435847,27175.0,New,Sihanoukville,White,99.8,541,283,5.3,Dealer,GB-T/CCS2,28-12-2023,Synthetic (New Formula)
Arcfox,Arcfox Koala S,2023,28091.405557765047,21720.0,New,Phnom Penh,Black,42.8,301,120,8.5,Authorized Dealer,GB-T/CCS2,26-05-2025,Synthetic (New Formula)
BYD,BYD Sealion 5,2023,28115.3778421056,12320.0,Excellent,Siem Reap,Silver,60/72.8,410-520,150,7.5,Dealer,GB-T/CCS2,7/1/2025,Synthetic (New Formula)
VinFast,VinFast VF 9,2025,68129.85715743365,18180.0,Fair,Phnom Penh,Green,123,438,300,6.5,Authorized Dealer,GB-T/CCS2,5/5/2023,Synthetic (New Formula)
Hyundai,Hyundai Ioniq 5,2024,45278.01671445814,33528.0,Good,Phnom Penh,White,58/72.6,354-488,125,7.4,Authorized Dealer,GB-T/CCS2,25-08-2022,Synthetic (New Formula)
Kia,Kia EV6,2025,54984.699129481145,44187.0,Good,Phnom Penh,Silver,77.4,484,168,7.1,Dealer,GB-T/CCS2,14-12-2022,Synthetic (New Formula)
Avatr,Avatr 11,2025,68040.41984316267,15376.0,Like New,Kep,Grey,90/116,555-700,230,3.9,Private,GB-T/CCS2,9/10/2024,Synthetic (New Formula)
Kia,Kia EV6,2025,49566.96070176549,20957.0,Excellent,Phnom Penh,Blue,77.4,484,168,7.1,Dealer,GB-T/CCS2,14-05-2023,Synthetic (New Formula)
Mercedes,Mercedes EQB,2023,64983.70274861818,19362.0,Good,Kampot,White,66.5,419,168,8.0,Dealer,GB-T/CCS2,28-08-2025,Synthetic (New Formula)
MG,MG ZS EV,2025,27362.22180703609,0.0,Excellent,Phnom Penh,Black,50.3/72.6,320-440,115,8.6,Private,GB-T/CCS2,28-10-2022,Synthetic (New Formula)
VinFast,VinFast VF 9,2023,66298.74862258497,4308.0,New,Phnom Penh,Black,123,438,300,6.5,Dealer,GB-T/CCS2,14-05-2025,Synthetic (New Formula)
BYD,BYD Atto 3,2024,30593.48757660715,30740.0,Like New,Kampong Cham,Silver,50/60.5,340-420,150,7.3,Dealer,GB-T/CCS2,13-10-2023,Synthetic (New Formula)
Toyota,Toyota bZ4X,2023,46633.69858254375,20660.0,Good,Phnom Penh,Black,71.4,500,150,7.1,Private,GB-T/CCS2,9/11/2023,Synthetic (New Formula)
VinFast,VinFast VF 9,2024,71767.30858260472,10153.0,Like New,Kampong Cham,White,123,438,300,6.5,Authorized Dealer,GB-T/CCS2,17-11-2022,Synthetic (New Formula)
BMW,BMW iX1,2020,60380.236725958835,3300.0,Good,Kampong Cham,Green,64.7,417,150,8.6,Private,GB-T/CCS2,15-11-2023,Synthetic (New Formula)
Zeekr,Zeekr X,2024,51156.53037961701,4425.0,Like New,Koh Kong,Grey,66,440,200,5.6,Dealer,GB-T/CCS2,23-05-2024,Synthetic (New Formula)
BYD,BYD Seagull,2024,19819.901667623806,22480.0,Like New,Battambang,Black,30/38.88,190-305,55,,Authorized Dealer,GB-T/CCS2,14-01-2025,Synthetic (New Formula)
MG,MG 5,2025,21305.51058870724,11964.0,Good,Siem Reap,Black,61.1,403,130,7.7,Authorized Dealer,GB-T/CCS2,9/5/2025,Synthetic (New Formula)
BYD,BYD Seal,2020,43822.86865795467,44820.0,Good,Siem Reap,Grey,61.4/82.5,400-550,150,3.8,Authorized Dealer,GB-T/CCS2,17-05-2025,Synthetic (New Formula)
BYD,BYD Seal,2024,36193.55477664562,6825.0,Like New,Phnom Penh,Cosmos Black,61.4/82.5,400-550,150,3.8,Private,GB-T/CCS2,8/8/2023,Synthetic (New Formula)
BYD,BYD Han,2025,59273.23539641981,13908.0,Like New,Battambang,Silver,76.9/85.4,500-610,180,3.9,Dealer,GB-T/CCS2,1/3/2021,Synthetic (New Formula)
MG,MG ZS EV,2023,28756.93623238359,18700.0,New,Phnom Penh,Cosmos Black,50.3/72.6,320-440,115,8.6,Authorized Dealer,GB-T/CCS2,9/11/2021,Synthetic (New Formula)
Zeekr,Zeekr 001,2024,73006.60969175477,960.0,New,Preah Vihear,Silver,86/100,560-620,200,3.3,Authorized Dealer,GB-T/CCS2,5/6/2025,Synthetic (New Formula)
BYD,BYD Tang,2024,64419.271404988336,26102.0,Like New,Kep,White,86.4/108.8,400-530,180,4.6,Dealer,GB-T/CCS2,9/8/2023,Synthetic (New Formula)
AION,AION ES,2023,30903.824630312403,15674.0,Excellent,Phnom Penh,Grey,55.6,410,150,7.5,Private,GB-T/CCS2,3/9/2024,Synthetic (New Formula)
Mercedes,Mercedes EQB,2023,61946.94859032127,0.0,New,Kampong Cham,Black,66.5,419,168,8.0,Authorized Dealer,GB-T/CCS2,7/7/2023,Synthetic (New Formula)
MG,MG 4 EV,2024,26271.87971880599,34632.0,Like New,Phnom Penh,Grey,51/64/77,350-520,125,7.7,Dealer,GB-T/CCS2,28-08-2022,Synthetic (New Formula)
Kia,Kia EV6,2024,50842.81089581544,9031.0,Like New,Kampong Cham,Grey,77.4,484,168,7.1,Private,GB-T/CCS2,6/5/2025,Synthetic (New Formula)
MG,MG 5,2022,24025.23253078649,22512.0,Like New,Kep,Red,61.1,403,130,7.7,Dealer,GB-T/CCS2,23-09-2020,Synthetic (New Formula)
MG,MG 5,2023,23510.92179939239,19343.0,Good,Phnom Penh,Black,61.1,403,130,7.7,Private,GB-T/CCS2,18-06-2020,Synthetic (New Formula)
VinFast,VinFast VF 6,2024,26588.029461143953,29568.0,Excellent,Battambang,Silver,59.6,399,110,,Authorized Dealer,GB-T/CCS2,10/9/2022,Synthetic (New Formula)
Arcfox,Arcfox Koala S,2023,28596.53390583312,14922.0,Excellent,Phnom Penh,White,42.8,301,120,8.5,Authorized Dealer,GB-T/CCS2,24-07-2024,Synthetic (New Formula)
Avatr,Avatr 07,2023,44419.23959565657,4680.0,Like New,Sihanoukville,Black,62.2/100.5,420-621,190,4.9,Private,GB-T/CCS2,25-09-2024,Synthetic (New Formula)
MG,MG 4 EV,2025,25438.194411046003,9735.0,Excellent,Siem Reap,Silver,51/64/77,350-520,125,7.7,Authorized Dealer,GB-T/CCS2,3/5/2022,Synthetic (New Formula)
VinFast,VinFast VF 8,2025,44348.46496848315,30740.0,Like New,Phnom Penh,Silver,82/87.5,420-500,150,5.5,Private,GB-T/CCS2,12/8/2025,Synthetic (New Formula)
Avatr,Avatr 11,2025,71226.5189782642,38484.0,Like New,Phnom Penh,Red,90/116,555-700,230,3.9,Dealer,GB-T/CCS2,1/1/2025,Synthetic (New Formula)
MG,MG 5,2024,21765.123447067417,7511.0,Excellent,Battambang,Red,61.1,403,130,7.7,Private,GB-T/CCS2,13-05-2021,Synthetic (New Formula)
BYD,BYD Atto 3,2025,28702.512051311634,17323.0,New,Battambang,White,50/60.5,340-420,150,7.3,Authorized Dealer,GB-T/CCS2,8/5/2024,Synthetic (New Formula)
Kia,Kia EV9,2024,73563.75703711799,6060.0,Like New,Phnom Penh,Grey,99.8,541,283,5.3,Authorized Dealer,GB-T/CCS2,12/1/2025,Synthetic (New Formula)
Zeekr,Zeekr 007,2022,64351.690337795524,13787.0,New,Phnom Penh,Red,75/100,530-688,310,3.5,Dealer,GB-T/CCS2,8/5/2025,Synthetic (New Formula)
Kia,Kia EV6,2025,51613.21111654332,32973.0,Like New,Phnom Penh,Blue,77.4,484,168,7.1,Dealer,GB-T/CCS2,14-05-2023,Synthetic (New Formula)
AION,AION ES,2022,31254.84371436363,0.0,Fair,Phnom Penh,Silver,55.6,410,150,7.5,Authorized Dealer,GB-T/CCS2,24-03-2024,Synthetic (New Formula)
BMW,BMW iX1,2022,55421.77008655446,3316.0,Fair,Siem Reap,Grey,64.7,417,150,8.6,Dealer,GB-T/CCS2,19-10-2024,Synthetic (New Formula)
BYD,BYD M9,2024,62328.083965059064,25029.0,Excellent,Phnom Penh,Blue,52,180 PHEV,180,,Authorized Dealer,GB-T/CCS2,11/4/2025,Synthetic (New Formula)
VinFast,VinFast VF 6,2025,25124.68450322316,22088.0,New,Sihanoukville,White,59.6,399,110,,Private,GB-T/CCS2,11/12/2023,Synthetic (New Formula)
AITO,AITO M7,2020,62894.21710796995,11718.0,Fair,Phnom Penh,Green,40,200 PHEV,330,4.8,Authorized Dealer,GB-T/CCS2,15-10-2024,Synthetic (New Formula)
VinFast,VinFast VF 9,2021,69571.91710952256,20482.0,New,Siem Reap,Black,123,438,300,6.5,Private,GB-T/CCS2,21-07-2024,Synthetic (New Formula)
BYD,BYD Dolphin,2025,25325.45383755627,34632.0,Excellent,Phnom Penh,Silver,44.9/60.5,310-420,70,7.5,Authorized Dealer,GB-T/CCS2,21-05-2022,Synthetic (New Formula)
Hyundai,Hyundai Ioniq 5,2024,41619.43541840832,9774.0,Good,Kratie,White,58/72.6,354-488,125,7.4,Dealer,GB-T/CCS2,10/11/2022,Synthetic (New Formula)
BYD,BYD Seal 5,2024,21867.475710750976,16338.0,New,Sihanoukville,Silver,15.8,80 PHEV,110,7.9,Authorized Dealer,GB-T/CCS2,2/1/2025,Synthetic (New Formula)
BYD,BYD Seal,2025,34776.71000847029,15418.0,New,Phnom Penh,White,61.4/82.5,400-550,150,3.8,Dealer,GB-T/CCS2,28-11-2024,Synthetic (New Formula)
BYD,BYD Seal,2022,43939.584337278044,75264.0,Fair,Siem Reap,Black,61.4/82.5,400-550,150,3.8,Dealer,GB-T/CCS2,18-09-2022,Synthetic (New Formula)
VinFast,VinFast VF 6,2022,29542.732819937497,39970.0,New,Sihanoukville,White,59.6,399,110,,Private,GB-T/CCS2,18-03-2023,Synthetic (New Formula)
BYD,BYD Seal 5,2022,21281.56818379849,895.0,New,Phnom Penh,Grey,15.8,80 PHEV,110,7.9,Private,GB-T/CCS2,3/8/2024,Synthetic (New Formula)
BYD,BYD Han,2021,67756.0186026705,43350.0,Excellent,Battambang,Silver,76.9/85.4,500-610,180,3.9,Dealer,GB-T/CCS2,22-01-2025,Synthetic (New Formula)
MG,MG 4 EV,2024,29669.151523833712,56524.0,New,Phnom Penh,Grey,51/64/77,350-520,125,7.7,Dealer,GB-T/CCS2,9/2/2022,Synthetic (New Formula)
AITO,AITO M7,2023,62795.97696619314,36642.0,Good,Phnom Penh,Green,40,200 PHEV,330,4.8,Authorized Dealer,GB-T/CCS2,15-10-2024,Synthetic (New Formula)
Kia,Kia EV9,2021,90265.96399775852,55440.0,Excellent,Phnom Penh,Black,99.8,541,283,5.3,Dealer,GB-T/CCS2,20-05-2025,Synthetic (New Formula)
Nissan,Nissan Leaf,2024,30254.50415856976,17594.0,New,Siem Reap,Grey,40/62,240-385,110,7.0,Authorized Dealer,GB-T/CCS2,12/5/2024,Synthetic (New Formula)
BYD,BYD Seagull,2023,20620.103413460005,26600.0,New,Kampong Cham,Red,30/38.88,190-305,55,,Dealer,GB-T/CCS2,4/7/2025,Synthetic (New Formula)
BYD,BYD Sealion 6,2023,46925.04852484128,4740.0,New,Phnom Penh,Black,18.3,80-100 PHEV,145,8.5,Authorized Dealer,GB-T/CCS2,28-09-2025,Synthetic (New Formula)
Tesla,Tesla Model 3,2024,47730.10496879869,20540.0,Good,Siem Reap,Green,60/82,430-576,208,6.1,Dealer,GB-T/CCS2,21-02-2021,Synthetic (New Formula)
AITO,AITO M7,2024,60486.16340141646,29700.0,Like New,Phnom Penh,White,40,200 PHEV,330,4.8,Private,GB-T/CCS2,7/1/2024,Synthetic (New Formula)
Hyundai,Hyundai Ioniq 5,2021,47949.55243539784,23712.0,New,Kampong Cham,Blue,58/72.6,354-488,125,7.4,Private,GB-T/CCS2,8/10/2023,Synthetic (New Formula)
VinFast,VinFast VF 9,2022,69050.35078834956,4025.0,Fair,Phnom Penh,Green,123,438,300,6.5,Authorized Dealer,GB-T/CCS2,5/5/2023,Synthetic (New Formula)
Leapmotor,Leapmotor T03,2025,14833.359247903603,63056.0,Fair,Battambang,White,41.3,403,80,,Authorized Dealer,GB-T/CCS2,10/1/2024,Synthetic (New Formula)
Kia,Kia EV6,2022,49290.03915544847,0.0,Like New,Phnom Penh,Silver,77.4,484,168,7.1,Authorized Dealer,GB-T/CCS2,19-08-2025,Synthetic (New Formula)
BYD,BYD Sealion 6,2024,45929.381616990584,16966.0,New,Phnom Penh,Black,18.3,80-100 PHEV,145,8.5,Authorized Dealer,GB-T/CCS2,7/2/2024,Synthetic (New Formula)
Hyundai,Hyundai Ioniq 5,2025,45409.41971600652,42269.0,Good,Phnom Penh,Silver,58/72.6,354-488,125,7.4,Private,GB-T/CCS2,12/11/2024,Synthetic (New Formula)
AITO,AITO M7,2022,60108.71480499159,2238.0,Excellent,Phnom Penh,Black,40,200 PHEV,330,4.8,Dealer,GB-T/CCS2,25-07-2024,Synthetic (New Formula)
BYD,BYD Atto 2,2022,25270.656029047586,29316.0,Like New,Sihanoukville,Grey,45.1,312-401,130,7.9,Dealer,GB-T/CCS2,25-12-2024,Synthetic (New Formula)
Tesla,Tesla Model 3,2024,50250.77487529573,34632.0,Excellent,Sihanoukville,White,60/82,430-576,208,6.1,Dealer,GB-T/CCS2,18-07-2022,Synthetic (New Formula)
Nissan,Nissan Leaf,2022,33103.78932826816,43513.0,Good,Phnom Penh,Grey,40/62,240-385,110,7.0,Authorized Dealer,GB-T/CCS2,10/4/2021,Synthetic (New Formula)
VinFast,VinFast VF 6,2023,26271.182873017708,29551.0,New,Sihanoukville,White,59.6,399,110,,Private,GB-T/CCS2,11/12/2023,Synthetic (New Formula)
MG,MG 4 EV,2025,26605.620896577726,20016.0,New,Phnom Penh,Grey,51/64/77,350-520,125,7.7,Dealer,GB-T/CCS2,9/2/2022,Synthetic (New Formula)
AION,AION ES,2022,33387.2171199045,10320.0,Fair,Siem Reap,Silver,55.6,410,150,7.5,Authorized Dealer,GB-T/CCS2,14-08-2025,Synthetic (New Formula)
AITO,AITO M7,2023,60079.082057980944,5226.0,New,Battambang,Grey,40,200 PHEV,330,4.8,Dealer,GB-T/CCS2,18-01-2025,Synthetic (New Formula)
Avatr,Avatr 12,2024,65838.71819255267,11956.0,New,Kampong Cham,White,94.5,650,230,3.9,Dealer,GB-T/CCS2,3/4/2025,Synthetic (New Formula)
MG,MG ZS EV,2022,33244.51557944116,54510.0,Good,Phnom Penh,Silver,50.3/72.6,320-440,115,8.6,Private,GB-T/CCS2,24-08-2020,Synthetic (New Formula)
BYD,BYD Seal,2023,35266.186899270724,7504.0,Excellent,Phnom Penh,Grey,61.4/82.5,400-550,150,3.8,Authorized Dealer,GB-T/CCS2,17-02-2023,Synthetic (New Formula)
AITO,AITO M7,2021,62562.54234995756,36642.0,New,Sihanoukville,Silver,40,200 PHEV,330,4.8,Authorized Dealer,GB-T/CCS2,17-07-2023,Synthetic (New Formula)
BYD,BYD Atto 2,2025,22905.82215724305,824.0,New,Sihanoukville,Grey,45.1,312-401,130,7.9,Dealer,GB-T/CCS2,25-12-2024,Synthetic (New Formula)
Tesla,Tesla Model Y,2022,62633.91469631807,29551.0,Excellent,Battambang,Silver,60/75/82,430-600,220,6.9,Dealer,GB-T/CCS2,15-04-2023,Synthetic (New Formula)
AION,AION V,2022,39162.45056274258,0.0,New,Phnom Penh,Silver,68.8/80,480-610,165,7.1,Dealer,GB-T/CCS2,20-03-2024,Synthetic (New Formula)
Denza,Denza D9,2023,85618.2639574804,26900.0,Fair,Phnom Penh,Cosmos Black,103,600,230,6.9,Authorized Dealer,GB-T/CCS2,10/4/2023,Synthetic (New Formula)
MG,MG ZS EV,2025,27512.00309678828,922.0,Excellent,Phnom Penh,Silver,50.3/72.6,320-440,115,8.6,Dealer,GB-T/CCS2,21-10-2024,Synthetic (New Formula)
BYD,BYD Atto 2,2023,24047.34510492972,20658.0,Good,Phnom Penh,Grey,45.1,312-401,130,7.9,Private,GB-T/CCS2,24-08-2025,Synthetic (New Formula)
AION,AION V,2025,38169.490110389444,12195.0,Good,Phnom Penh,Blue,68.8/80,480-610,165,7.1,Dealer,GB-T/CCS2,24-05-2025,Synthetic (New Formula)
BMW,BMW iX1,2024,60998.26717457936,22814.0,New,Siem Reap,White,64.7,417,150,8.6,Authorized Dealer,GB-T/CCS2,22-08-2023,Synthetic (New Formula)
Mercedes,Mercedes EQB,2021,64555.45114836877,0.0,Excellent,Phnom Penh,White,66.5,419,168,8.0,Authorized Dealer,GB-T/CCS2,11/12/2021,Synthetic (New Formula)
Toyota,Toyota bZ4X,2024,49744.44231557818,34680.0,Like New,Phnom Penh,Pearl White,71.4,500,150,7.1,Private,GB-T/CCS2,7/1/2023,Synthetic (New Formula)
Hyundai,Hyundai Ioniq 5,2025,40063.22927940655,0.0,Like New,Siem Reap,Black,58/72.6,354-488,125,7.4,Private,GB-T/CCS2,5/2/2022,Synthetic (New Formula)
Zeekr,Zeekr 001,2023,82165.15591244941,37128.0,Like New,Preah Vihear,Silver,86/100,560-620,200,3.3,Authorized Dealer,GB-T/CCS2,5/6/2025,Synthetic (New Formula)
Denza,Denza D9,2024,87185.07184848355,23575.0,New,Siem Reap,White,103,600,230,6.9,Authorized Dealer,GB-T/CCS2,8/1/2023,Synthetic (New Formula)
Hyundai,Hyundai Ioniq 5,2022,46017.48121404829,12446.0,New,Phnom Penh,Black,58/72.6,354-488,125,7.4,Private,GB-T/CCS2,13-05-2024,Synthetic (New Formula)
Hyundai,Hyundai Ioniq 5,2023,43763.19938076403,0.0,Like New,Phnom Penh,Blue,58/72.6,354-488,125,7.4,Authorized Dealer,GB-T/CCS2,9/2/2025,Synthetic (New Formula)
BYD,BYD Seagull,2024,18314.92122476337,0.0,Excellent,Battambang,Orange,30/38.88,190-305,55,,Dealer,GB-T/CCS2,4/4/2025,Synthetic (New Formula)
Tesla,Tesla Model 3,2023,49639.94669995787,19171.0,Like New,Siem Reap,Silver,60/82,430-576,208,6.1,Authorized Dealer,GB-T/CCS2,23-03-2020,Synthetic (New Formula)
MG,MG 4 EV,2025,23716.358857008985,0.0,New,Phnom Penh,White,51/64/77,350-520,125,7.7,Dealer,GB-T/CCS2,27-07-2024,Synthetic (New Formula)
Deepal,Deepal L07,2023,46798.849394371304,1039.0,Excellent,Phnom Penh,Black,31.6,200 PHEV,160,7.3,Private,GB-T/CCS2,1/2/2025,Synthetic (New Formula)
Deepal,Deepal L07,2024,45622.26795257475,0.0,Good,Phnom Penh,Black,31.6,200 PHEV,160,7.3,Private,GB-T/CCS2,1/2/2025,Synthetic (New Formula)
BYD,BYD Atto 3,2024,30187.555318619878,11820.0,New,Battambang,Grey,50/60.5,340-420,150,7.3,Dealer,GB-T/CCS2,14-12-2022,Synthetic (New Formula)
Hyundai,Hyundai Ioniq 6,2022,58144.19296320874,23736.0,Excellent,Sihanoukville,Silver,53/77.4,429-614,151,8.1,Private,GB-T/CCS2,24-08-2023,Synthetic (New Formula)
Zeekr,Zeekr 007,2024,60351.43693771565,3704.0,Like New,Phnom Penh,Black,75/100,530-688,310,3.5,Private,GB-T/CCS2,13-03-2024,Synthetic (New Formula)
Toyota,Toyota bZ4X,2024,45712.635739936755,29841.0,Good,Sihanoukville,Black,71.4,500,150,7.1,Authorized Dealer,GB-T/CCS2,11/3/2022,Synthetic (New Formula)
MG,MG 5,2024,22313.689656128023,8992.0,New,Phnom Penh,Black,61.1,403,130,7.7,Dealer,GB-T/CCS2,1/5/2023,Synthetic (New Formula)
Kia,Kia EV6,2021,52603.97676559769,7928.0,New,Kampot,Silver,77.4,484,168,7.1,Authorized Dealer,GB-T/CCS2,19-08-2023,Synthetic (New Formula)
Hyundai,Hyundai Ioniq 5,2022,47166.308786095826,15376.0,New,Preah Vihear,Blue,58/72.6,354-488,125,7.4,Dealer,GB-T/CCS2,27-01-2024,Synthetic (New Formula)
Leapmotor,Leapmotor T03,2022,13525.892184710048,12698.0,New,Battambang,Blue,41.3,403,80,,Authorized Dealer,GB-T/CCS2,11/4/2024,Synthetic (New Formula)
Kia,Kia EV6,2025,47875.53615773453,26499.0,Fair,Phnom Penh,White,77.4,484,168,7.1,Dealer,GB-T/CCS2,7/1/2025,Synthetic (New Formula)
MG,MG 5,2023,23613.10301944351,21720.0,New,Phnom Penh,Black,61.1,403,130,7.7,Dealer,GB-T/CCS2,1/5/2023,Synthetic (New Formula)
Mercedes,Mercedes EQB,2025,60668.95523007839,1720.0,New,Sihanoukville,White,66.5,419,168,8.0,Authorized Dealer,GB-T/CCS2,2/11/2022,Synthetic (New Formula)
Arcfox,Arcfox Koala S,2024,29341.551056968005,40327.0,New,Phnom Penh,Black,42.8,301,120,8.5,Dealer,GB-T/CCS2,5/4/2024,Synthetic (New Formula)
VinFast,VinFast VF 6,2025,24498.130551180253,8832.0,Like New,Phnom Penh,Grey,59.6,399,110,,Private,GB-T/CCS2,16-09-2023,Synthetic (New Formula)
VinFast,VinFast VF 9,2023,76116.21478409853,35280.0,Like New,Phnom Penh,White,123,438,300,6.5,Private,GB-T/CCS2,11/1/2024,Synthetic (New Formula)
AITO,AITO M5,2025,44891.23050946928,22097.0,New,Phnom Penh,Black,40,200 PHEV,200,4.8,Private,GB-T/CCS2,17-04-2025,Synthetic (New Formula)
BYD,BYD Seal,2023,36655.50407859958,11820.0,Excellent,Battambang,Black,61.4/82.5,400-550,150,3.8,Private,GB-T/CCS2,22-05-2023,Synthetic (New Formula)
Nissan,Nissan Leaf,2023,30181.784745564044,21275.0,New,Phnom Penh,White,40/62,240-385,110,7.0,Dealer,GB-T/CCS2,24-11-2024,Synthetic (New Formula)
Tesla,Tesla Model Y,2025,56673.0834336036,18496.0,Like New,Phnom Penh,White,60/75/82,430-600,220,6.9,Dealer,GB-T/CCS2,19-01-2021,Synthetic (New Formula)
Mercedes,Mercedes EQB,2023,69146.32509126957,26499.0,New,Kampot,Grey,66.5,419,168,8.0,Dealer,GB-T/CCS2,14-04-2024,Synthetic (New Formula)
AITO,AITO M5,2023,49012.878755946556,14170.0,Excellent,Sihanoukville,Black,40,200 PHEV,200,4.8,Authorized Dealer,GB-T/CCS2,24-08-2023,Synthetic (New Formula)
VinFast,VinFast VF 8,2023,42383.64362288667,5745.0,Good,Phnom Penh,Black,82/87.5,420-500,150,5.5,Private,GB-T/CCS2,13-11-2023,Synthetic (New Formula)
BYD,BYD Seagull,2024,20924.40119225575,30740.0,Good,Phnom Penh,Silver,30/38.88,190-305,55,,Dealer,GB-T/CCS2,14-11-2024,Synthetic (New Formula)
Mercedes,Mercedes EQB,2023,61206.44109078425,17594.0,New,Siem Reap,Black,66.5,419,168,8.0,Authorized Dealer,GB-T/CCS2,18-04-2023,Synthetic (New Formula)
Zeekr,Zeekr 001,2022,82968.33526013547,43563.0,New,Kampot,White,86/100,560-620,200,3.3,Dealer,GB-T/CCS2,15-02-2025,Synthetic (New Formula)
MG,MG 5,2024,23540.64102886513,44560.0,Fair,Sihanoukville,Silver,61.1,403,130,7.7,Authorized Dealer,GB-T/CCS2,22-03-2020,Synthetic (New Formula)
VinFast,VinFast VF 8,2024,42503.261002444626,11605.0,Like New,Preah Vihear,Green,82/87.5,420-500,150,5.5,Authorized Dealer,GB-T/CCS2,27-01-2024,Synthetic (New Formula)
Nissan,Nissan Leaf,2025,31001.43120434331,40327.0,Good,Battambang,Black,40/62,240-385,110,7.0,Private,GB-T/CCS2,26-02-2022,Synthetic (New Formula)
Deepal,Deepal S07,2022,58100.1088089563,40663.0,Like New,Kampot,White,31.6/80,200 PHEV,190,6.7,Dealer,GB-T/CCS2,4/12/2024,Synthetic (New Formula)
Deepal,Deepal L07,2025,44230.594255126634,0.0,New,Kratie,Black,31.6,200 PHEV,160,7.3,Authorized Dealer,GB-T/CCS2,5/5/2025,Synthetic (New Formula)
BYD,BYD Atto 2,2023,26402.172006426823,43513.0,New,Phnom Penh,Grey,45.1,312-401,130,7.9,Private,GB-T/CCS2,24-08-2025,Synthetic (New Formula)
Zeekr,Zeekr 001,2024,70506.98543522989,16524.0,New,Phnom Penh,Silver,86/100,560-620,200,3.3,Private,GB-T/CCS2,15-12-2022,Synthetic (New Formula)
Tesla,Tesla Model 3,2025,47225.01012975857,38064.0,Like New,Kampot,Grey,60/82,430-576,208,6.1,Authorized Dealer,GB-T/CCS2,27-04-2024,Synthetic (New Formula)
MG,MG 5,2024,23037.613005679475,22097.0,Like New,Siem Reap,Silver,61.1,403,130,7.7,Dealer,GB-T/CCS2,22-10-2024,Synthetic (New Formula)
AITO,AITO M5,2025,41577.69923221934,7928.0,Like New,Siem Reap,White,40,200 PHEV,200,4.8,Authorized Dealer,GB-T/CCS2,11/2/2023,Synthetic (New Formula)
BMW,BMW iX1,2024,57269.6664268621,21508.0,New,Phnom Penh,White,64.7,417,150,8.6,Private,GB-T/CCS2,9/1/2024,Synthetic (New Formula)
AITO,AITO M5,2025,42852.08599440323,1062.0,Fair,Battambang,White,40,200 PHEV,200,4.8,Private,GB-T/CCS2,24-06-2022,Synthetic (New Formula)
BYD,BYD Han,2023,72095.77024328352,59940.0,New,Battambang,Blue,76.9/85.4,500-610,180,3.9,Private,GB-T/CCS2,26-12-2021,Synthetic (New Formula)
AION,AION ES,2023,31752.619197417596,12446.0,Excellent,Phnom Penh,White,55.6,410,150,7.5,Authorized Dealer,GB-T/CCS2,2/5/2025,Synthetic (New Formula)
XPeng,XPeng G6,2025,46032.044581988484,30008.0,Excellent,Siem Reap,Silver,66/87.5,435-570,190,6.2,Private,GB-T/CCS2,11/10/2024,Synthetic (New Formula)
Mercedes,Mercedes EQB,2024,67384.48837190165,11808.0,New,Phnom Penh,Grey,66.5,419,168,8.0,Private,GB-T/CCS2,23-09-2021,Synthetic (New Formula)
BYD,BYD Dolphin,2023,28561.47838439331,63056.0,New,Phnom Penh,Cosmos Black,44.9/60.5,310-420,70,7.5,Dealer,GB-T/CCS2,28-07-2023,Synthetic (New Formula)
Tesla,Tesla Model Y,2023,65715.56486931055,38760.0,New,Siem Reap,Red,60/75/82,430-600,220,6.9,Authorized Dealer,GB-T/CCS2,8/4/2021,Synthetic (New Formula)
Nissan,Nissan Leaf,2022,30026.039912806507,24800.0,Excellent,Phnom Penh,Green,40/62,240-385,110,7.0,Private,GB-T/CCS2,12/2/2023,Synthetic (New Formula)
Hyundai,Hyundai Ioniq 5,2025,43656.207907966134,18972.0,Good,Siem Reap,Black,58/72.6,354-488,125,7.4,Dealer,GB-T/CCS2,12/5/2022,Synthetic (New Formula)
Arcfox,Arcfox Koala S,2024,26777.041091075112,12950.0,Good,Phnom Penh,Black,42.8,301,120,8.5,Authorized Dealer,GB-T/CCS2,26-05-2025,Synthetic (New Formula)
Tesla,Tesla Model 3,2023,45349.92978638724,5120.0,Like New,Koh Kong,White,60/82,430-576,208,6.1,Private,GB-T/CCS2,3/5/2023,Synthetic (New Formula)
BYD,BYD Seagull,2023,19903.60048103661,5950.0,New,Kep,Blue,30/38.88,190-305,55,,Dealer,GB-T/CCS2,23-06-2023,Synthetic (New Formula)
Avatr,Avatr 11,2024,70515.8441446105,25048.0,Good,Phnom Penh,Grey,90/116,555-700,230,3.9,Authorized Dealer,GB-T/CCS2,9/2/2023,Synthetic (New Formula)
MG,MG 4 EV,2025,26072.370792900376,33136.0,Good,Phnom Penh,Grey,51/64/77,350-520,125,7.7,Dealer,GB-T/CCS2,26-01-2024,Synthetic (New Formula)
Kia,Kia EV6,2020,58541.034542749905,40327.0,Good,Phnom Penh,White,77.4,484,168,7.1,Dealer,GB-T/CCS2,7/1/2025,Synthetic (New Formula)
XPeng,XPeng G6,2024,45939.32788286526,23712.0,Excellent,Battambang,Red,66/87.5,435-570,190,6.2,Private,GB-T/CCS2,25-03-2023,Synthetic (New Formula)
Toyota,Toyota bZ4X,2023,46196.31355183357,0.0,Like New,Phnom Penh,Pearl White,71.4,500,150,7.1,Private,GB-T/CCS2,28-04-2024,Synthetic (New Formula)
BYD,BYD Atto 3,2023,34544.348631484536,57869.0,Excellent,Battambang,White,50/60.5,340-420,150,7.3,Authorized Dealer,GB-T/CCS2,8/5/2024,Synthetic (New Formula)
Mercedes,Mercedes EQB,2021,68889.93333479059,13395.0,Like New,Phnom Penh,White,66.5,419,168,8.0,Authorized Dealer,GB-T/CCS2,11/12/2021,Synthetic (New Formula)
AION,AION Y Plus,2024,34225.44977475743,19566.0,Excellent,Phnom Penh,Blue,51.9/63.9,410-510,150,7.8,Authorized Dealer,GB-T/CCS2,24-04-2024,Synthetic (New Formula)
Zeekr,Zeekr 007,2023,70252.44359381017,45360.0,Like New,Phnom Penh,Blue,75/100,530-688,310,3.5,Dealer,GB-T/CCS2,16-12-2024,Synthetic (New Formula)
BYD,BYD Atto 2,2025,25084.697690061712,34304.0,Like New,Siem Reap,White,45.1,312-401,130,7.9,Authorized Dealer,GB-T/CCS2,23-05-2025,Synthetic (New Formula)
MG,MG 4 EV,2020,29037.9900451386,0.0,New,Kratie,Grey,51/64/77,350-520,125,7.7,Private,GB-T/CCS2,9/11/2021,Synthetic (New Formula)
BYD,BYD Sealion 6,2020,54717.36036536109,43734.0,Like New,Phnom Penh,Black,18.3,80-100 PHEV,145,8.5,Dealer,GB-T/CCS2,16-11-2024,Synthetic (New Formula)
Tesla,Tesla Model 3,2023,47554.07036768335,2180.0,New,Sihanoukville,Green,60/82,430-576,208,6.1,Dealer,GB-T/CCS2,25-09-2020,Synthetic (New Formula)
AION,AION Y Plus,2022,39779.13972081555,21508.0,Fair,Phnom Penh,Silver,51.9/63.9,410-510,150,7.8,Authorized Dealer,GB-T/CCS2,2/1/2025,Synthetic (New Formula)
BYD,BYD Seal,2023,43232.89706813382,63056.0,Fair,Phnom Penh,Grey,61.4/82.5,400-550,150,3.8,Private,GB-T/CCS2,13-06-2022,Synthetic (New Formula)
BMW,BMW iX1,2024,56271.05861888874,1033.0,Like New,Phnom Penh,Silver,64.7,417,150,8.6,Private,GB-T/CCS2,7/4/2022,Synthetic (New Formula)
BYD,BYD Seal,2023,39237.265687776584,23575.0,Excellent,Phnom Penh,Green,61.4/82.5,400-550,150,3.8,Dealer,GB-T/CCS2,19-01-2024,Synthetic (New Formula)
Tesla,Tesla Model 3,2025,44582.2760930196,19171.0,Excellent,Phnom Penh,Black,60/82,430-576,208,6.1,Dealer,GB-T/CCS2,5/5/2021,Synthetic (New Formula)
BYD,BYD Sealion 6,2022,45970.4678170384,4120.0,New,Kratie,Silver,18.3,80-100 PHEV,145,8.5,Private,GB-T/CCS2,13-05-2025,Synthetic (New Formula)
BYD,BYD Sealion 6,2024,46657.70850645765,29636.0,New,Phnom Penh,White,18.3,80-100 PHEV,145,8.5,Dealer,GB-T/CCS2,10/6/2023,Synthetic (New Formula)
Zeekr,Zeekr X,2023,59900.08046224735,38046.0,Good,Phnom Penh,Red,66,440,200,5.6,Authorized Dealer,GB-T/CCS2,2/6/2023,Synthetic (New Formula)
Tesla,Tesla Model 3,2023,47031.08154728592,10080.0,New,Kampot,Blue,60/82,430-576,208,6.1,Private,GB-T/CCS2,13-04-2022,Synthetic (New Formula)
BYD,BYD Atto 3,2025,29435.520235057364,15674.0,Like New,Phnom Penh,Black,50/60.5,340-420,150,7.3,Dealer,GB-T/CCS2,8/3/2022,Synthetic (New Formula)
AITO,AITO M7,2023,62442.094796876234,19719.0,New,Kampong Cham,White,40,200 PHEV,330,4.8,Dealer,GB-T/CCS2,1/7/2025,Synthetic (New Formula)
AITO,AITO M5,2021,53028.2972008953,34632.0,New,Kampong Cham,Black,40,200 PHEV,200,4.8,Private,GB-T/CCS2,10/3/2022,Synthetic (New Formula)
MG,MG 4 EV,2023,26108.494935674684,14008.0,Good,Kampot,Black,51/64/77,350-520,125,7.7,Authorized Dealer,GB-T/CCS2,26-05-2025,Synthetic (New Formula)
Mercedes,Mercedes EQB,2023,62689.160000501666,1650.0,Like New,Sihanoukville,White,66.5,419,168,8.0,Authorized Dealer,GB-T/CCS2,2/11/2022,Synthetic (New Formula)
Nissan,Nissan Leaf,2024,28767.39721555031,0.0,Excellent,Sihanoukville,Grey,40/62,240-385,110,7.0,Dealer,GB-T/CCS2,15-11-2023,Synthetic (New Formula)
Zeekr,Zeekr 001,2024,79992.86662184275,39303.0,Excellent,Sihanoukville,Black,86/100,560-620,200,3.3,Authorized Dealer,GB-T/CCS2,14-07-2024,Synthetic (New Formula)
Toyota,Toyota bZ4X,2024,42205.33245483517,975.0,Excellent,Phnom Penh,Black,71.4,500,150,7.1,Dealer,GB-T/CCS2,23-08-2023,Synthetic (New Formula)
BYD,BYD Tang,2022,66059.31856824509,10439.0,New,Preah Vihear,Black,86.4/108.8,400-530,180,4.6,Private,GB-T/CCS2,21-05-2023,Synthetic (New Formula)
MG,MG ZS EV,2023,31468.921068088002,39970.0,New,Phnom Penh,Black,50.3/72.6,320-440,115,8.6,Private,GB-T/CCS2,28-10-2022,Synthetic (New Formula)
Leapmotor,Leapmotor T03,2024,14898.376708922231,54510.0,New,Phnom Penh,White,41.3,403,80,,Private,GB-T/CCS2,25-07-2024,Synthetic (New Formula)
Kia,Kia EV9,2025,78182.22887098546,12950.0,Excellent,Koh Kong,Silver,99.8,541,283,5.3,Authorized Dealer,GB-T/CCS2,7/5/2024,Synthetic (New Formula)
VinFast,VinFast VF 8,2025,44330.89737007926,29280.0,Excellent,Kratie,White,82/87.5,420-500,150,5.5,Private,GB-T/CCS2,12/5/2023,Synthetic (New Formula)
Nissan,Nissan Leaf,2023,30442.133771121025,18649.0,Excellent,Phnom Penh,White,40/62,240-385,110,7.0,Authorized Dealer,GB-T/CCS2,22-08-2022,Synthetic (New Formula)
Kia,Kia EV6,2024,48020.800002707445,1650.0,Excellent,Phnom Penh,Silver,77.4,484,168,7.1,Dealer,GB-T/CCS2,14-12-2022,Synthetic (New Formula)
Mercedes,Mercedes EQB,2025,63848.793799279556,24099.0,Like New,Kampot,Grey,66.5,419,168,8.0,Dealer,GB-T/CCS2,14-04-2024,Synthetic (New Formula)
VinFast,VinFast VF 8,2023,41973.512349139484,0.0,New,Phnom Penh,Red,82/87.5,420-500,150,5.5,Authorized Dealer,GB-T/CCS2,22-10-2022,Synthetic (New Formula)
Leapmotor,Leapmotor T03,2023,13218.568570376117,12342.0,New,Sihanoukville,Blue,41.3,403,80,,Dealer,GB-T/CCS2,4/11/2022,Synthetic (New Formula)
AION,AION Y Plus,2020,38271.22070504014,24486.0,Excellent,Phnom Penh,Blue,51.9/63.9,410-510,150,7.8,Private,GB-T/CCS2,9/7/2024,Synthetic (New Formula)
BYD,BYD Tang,2022,62988.87594494181,14729.0,New,Siem Reap,Silver,86.4/108.8,400-530,180,4.6,Private,GB-T/CCS2,13-05-2024,Synthetic (New Formula)
MG,MG 5,2022,22058.878161927663,866.0,Like New,Kampot,Black,61.1,403,130,7.7,Authorized Dealer,GB-T/CCS2,17-11-2021,Synthetic (New Formula)
BYD,BYD Atto 2,2024,23406.001563795242,3660.0,Like New,Sihanoukville,Grey,45.1,312-401,130,7.9,Dealer,GB-T/CCS2,25-12-2024,Synthetic (New Formula)
MG,MG 5,2025,22907.305211711893,43350.0,Like New,Siem Reap,Blue,61.1,403,130,7.7,Dealer,GB-T/CCS2,6/2/2024,Synthetic (New Formula)
Tesla,Tesla Model 3,2025,47376.86296736,29896.0,New,Phnom Penh,White,60/82,430-576,208,6.1,Private,GB-T/CCS2,9/12/2020,Synthetic (New Formula)
BYD,BYD Tang,2025,65944.1707269556,30740.0,New,Sihanoukville,Silver,86.4/108.8,400-530,180,4.6,Authorized Dealer,GB-T/CCS2,5/5/2021,Synthetic (New Formula)
Toyota,Toyota bZ4X,2025,45504.9484691838,26768.0,Like New,Preah Vihear,Blue,71.4,500,150,7.1,Authorized Dealer,GB-T/CCS2,11/12/2022,Synthetic (New Formula)
BYD,BYD Sealion 6,2022,45708.73902171068,17312.0,Like New,Kampot,Blue,18.3,80-100 PHEV,145,8.5,Authorized Dealer,GB-T/CCS2,13-05-2024,Synthetic (New Formula)
Deepal,Deepal S07,2024,53993.66565246952,26676.0,New,Phnom Penh,White,31.6/80,200 PHEV,190,6.7,Private,GB-T/CCS2,18-05-2025,Synthetic (New Formula)
BYD,BYD M9,2025,60949.92151104988,2320.0,New,Phnom Penh,Silver,52,180 PHEV,180,,Private,GB-T/CCS2,16-01-2025,Synthetic (New Formula)
Avatr,Avatr 11,2022,78980.8307674801,37350.0,New,Kampong Cham,Grey,90/116,555-700,230,3.9,Dealer,GB-T/CCS2,13-05-2025,Synthetic (New Formula)
Denza,Denza D9,2025,91789.0421864778,56601.0,Like New,Battambang,Silver,103,600,230,6.9,Authorized Dealer,GB-T/CCS2,16-07-2023,Synthetic (New Formula)
BYD,BYD Han,2022,59423.09734532528,10030.0,Excellent,Kampot,White,76.9/85.4,500-610,180,3.9,Private,GB-T/CCS2,26-12-2020,Synthetic (New Formula)
Zeekr,Zeekr 001,2022,73598.41411905746,0.0,New,Phnom Penh,Blue,86/100,560-620,200,3.3,Dealer,GB-T/CCS2,16-10-2024,Synthetic (New Formula)
Toyota,Toyota bZ5,2023,41047.138354658935,17323.0,Good,Kep,White,71.2,630,180,6.8,Private,GB-T/CCS2,27-07-2025,Synthetic (New Formula)
BYD,BYD Tang,2021,68342.30946078058,13824.0,Excellent,Phnom Penh,White,86.4/108.8,400-530,180,4.6,Authorized Dealer,GB-T/CCS2,22-01-2025,Synthetic (New Formula)
Hyundai,Hyundai Ioniq 5,2024,46336.39907110892,33087.0,Excellent,Phnom Penh,Grey,58/72.6,354-488,125,7.4,Authorized Dealer,GB-T/CCS2,3/12/2021,Synthetic (New Formula)
Nissan,Nissan Leaf,2024,31501.203572563674,57869.0,Like New,Siem Reap,Grey,40/62,240-385,110,7.0,Authorized Dealer,GB-T/CCS2,12/5/2024,Synthetic (New Formula)
MG,MG 4 EV,2024,26136.022653598557,16558.0,New,Kep,Silver,51/64/77,350-520,125,7.7,Dealer,GB-T/CCS2,27-08-2025,Synthetic (New Formula)
VinFast,VinFast VF 8,2024,43647.96519389025,12950.0,Fair,Phnom Penh,Grey,82/87.5,420-500,150,5.5,Private,GB-T/CCS2,11/2/2023,Synthetic (New Formula)
Tesla,Tesla Model 3,2025,47808.04504234763,23550.0,New,Siem Reap,Green,60/82,430-576,208,6.1,Dealer,GB-T/CCS2,21-02-2021,Synthetic (New Formula)
Avatr,Avatr 11,2023,68040.47486650632,15485.0,Like New,Phnom Penh,White,90/116,555-700,230,3.9,Authorized Dealer,GB-T/CCS2,27-08-2025,Synthetic (New Formula)
Hyundai,Hyundai Ioniq 5,2024,43766.89684473593,22885.0,Like New,Phnom Penh,Blue,58/72.6,354-488,125,7.4,Authorized Dealer,GB-T/CCS2,9/2/2025,Synthetic (New Formula)
VinFast,VinFast VF 8,2023,39985.96868036621,7504.0,New,Siem Reap,White,82/87.5,420-500,150,5.5,Private,GB-T/CCS2,21-07-2022,Synthetic (New Formula)
AITO,AITO M5,2021,47585.35517746547,7455.0,New,Battambang,Grey,40,200 PHEV,200,4.8,Private,GB-T/CCS2,2/1/2025,Synthetic (New Formula)
XPeng,XPeng G6,2025,48688.348264720466,52560.0,Good,Kampot,Red,66/87.5,435-570,190,6.2,Private,GB-T/CCS2,3/1/2024,Synthetic (New Formula)
Kia,Kia EV5,2025,36326.776548014765,34340.0,Good,Phnom Penh,Grey,64.2/88,400-600,160,7.5,Private,GB-T/CCS2,16-04-2025,Synthetic (New Formula)
Toyota,Toyota bZ4X,2025,44140.523119139565,3912.0,Like New,Siem Reap,Grey,71.4,500,150,7.1,Authorized Dealer,GB-T/CCS2,21-01-2025,Synthetic (New Formula)
AION,AION V,2022,45364.44938054696,44560.0,Like New,Phnom Penh,Grey,68.8/80,480-610,165,7.1,Private,GB-T/CCS2,27-09-2024,Synthetic (New Formula)
Avatr,Avatr 07,2025,42862.464080612335,12342.0,Good,Phnom Penh,Silver,62.2/100.5,420-621,190,4.9,Authorized Dealer,GB-T/CCS2,13-02-2025,Synthetic (New Formula)
BYD,BYD Seal,2023,38763.26191721818,24099.0,Excellent,Phnom Penh,White,61.4/82.5,400-550,150,3.8,Private,GB-T/CCS2,21-04-2024,Synthetic (New Formula)
BYD,BYD Sealion 6,2023,51057.50617516201,64206.0,Fair,Sihanoukville,Black,18.3,80-100 PHEV,145,8.5,Private,GB-T/CCS2,25-03-2023,Synthetic (New Formula)
Avatr,Avatr 11,2023,71408.86161962143,20482.0,Like New,Kampong Cham,Grey,90/116,555-700,230,3.9,Dealer,GB-T/CCS2,13-05-2025,Synthetic (New Formula)
Zeekr,Zeekr X,2025,50094.093886637456,7455.0,Fair,Siem Reap,Blue,66,440,200,5.6,Authorized Dealer,GB-T/CCS2,13-08-2024,Synthetic (New Formula)
MG,MG 4 EV,2020,28443.681844239894,19362.0,Excellent,Kampot,Blue,51/64/77,350-520,125,7.7,Authorized Dealer,GB-T/CCS2,20-05-2021,Synthetic (New Formula)
Mercedes,Mercedes EQB,2023,64216.79395434412,10940.0,Fair,Phnom Penh,Orange,66.5,419,168,8.0,Dealer,GB-T/CCS2,25-01-2024,Synthetic (New Formula)
Denza,Denza D9,2024,86770.33515481013,29750.0,Like New,Phnom Penh,Blue,103,600,230,6.9,Private,GB-T/CCS2,1/5/2025,Synthetic (New Formula)
BYD,BYD Dolphin,2025,26770.632194838196,44560.0,New,Phnom Penh,Cosmos Black,44.9/60.5,310-420,70,7.5,Dealer,GB-T/CCS2,28-07-2023,Synthetic (New Formula)
Nissan,Nissan Leaf,2022,31423.93586991142,34304.0,Good,Sihanoukville,Grey,40/62,240-385,110,7.0,Dealer,GB-T/CCS2,15-11-2023,Synthetic (New Formula)
Mercedes,Mercedes EQB,2025,58124.24109948297,935.0,Good,Phnom Penh,Blue,66.5,419,168,8.0,Dealer,GB-T/CCS2,14-05-2025,Synthetic (New Formula)
Tesla,Tesla Model 3,2024,43377.75689641468,1185.0,Good,Kampot,Grey,60/82,430-576,208,6.1,Authorized Dealer,GB-T/CCS2,27-04-2024,Synthetic (New Formula)
Denza,Denza D9,2024,77874.23983505018,0.0,Good,Siem Reap,White,103,600,230,6.9,Authorized Dealer,GB-T/CCS2,14-02-2025,Synthetic (New Formula)
Avatr,Avatr 11,2023,72189.3311781261,35178.0,Good,Phnom Penh,Red,90/116,555-700,230,3.9,Dealer,GB-T/CCS2,1/1/2025,Synthetic (New Formula)
MG,MG 5,2022,21761.48156451049,0.0,Good,Siem Reap,White,61.1,403,130,7.7,Authorized Dealer,GB-T/CCS2,22-12-2022,Synthetic (New Formula)
Tesla,Tesla Model 3,2021,49869.76370552703,6792.0,New,Phnom Penh,White,60/82,430-576,208,6.1,Authorized Dealer,GB-T/CCS2,28-04-2025,Synthetic (New Formula)
BMW,BMW iX1,2021,60517.743685865054,12698.0,Like New,Sihanoukville,Grey,64.7,417,150,8.6,Private,GB-T/CCS2,27-02-2025,Synthetic (New Formula)
Xiaomi,Xiaomi SU7,2023,79645.94771823628,26535.0,Like New,Phnom Penh,White,73.6/94.3,495-830,220,5.3,Authorized Dealer,GB-T/CCS2,20-03-2024,Synthetic (New Formula)
BYD,BYD Sealion 7,2021,42933.87231443634,0.0,New,Phnom Penh,Blue,71.8/91.3,460-567,230,4.5,Authorized Dealer,GB-T/CCS2,11/8/2025,Synthetic (New Formula)
BYD,BYD Seal 5,2021,24053.103493355535,21720.0,Like New,Preah Vihear,White,15.8,80 PHEV,110,7.9,Authorized Dealer,GB-T/CCS2,1/5/2024,Synthetic (New Formula)
BYD,BYD Atto 3,2023,29986.145776861486,0.0,New,Phnom Penh,White,50/60.5,340-420,150,7.3,Private,GB-T/CCS2,9/11/2024,Synthetic (New Formula)
BYD,BYD Sealion 5,2025,28434.559985814343,12480.0,New,Phnom Penh,Blue,60/72.8,410-520,150,7.5,Authorized Dealer,GB-T/CCS2,23-04-2025,Synthetic (New Formula)
AION,AION Y Plus,2021,35035.251943177806,6792.0,Excellent,Phnom Penh,Silver,51.9/63.9,410-510,150,7.8,Dealer,GB-T/CCS2,2/7/2025,Synthetic (New Formula)
VinFast,VinFast VF 6,2024,28065.625529655754,52560.0,Good,Sihanoukville,Black,59.6,399,110,,Private,GB-T/CCS2,21-11-2024,Synthetic (New Formula)
Hyundai,Hyundai Ioniq 5,2023,43684.18876725618,4836.0,Like New,Phnom Penh,Blue,58/72.6,354-488,125,7.4,Authorized Dealer,GB-T/CCS2,9/2/2025,Synthetic (New Formula)
MG,MG ZS EV,2024,27567.65696989374,1158.0,Like New,Siem Reap,Black,50.3/72.6,320-440,115,8.6,Private,GB-T/CCS2,20-07-2022,Synthetic (New Formula)
AITO,AITO M7,2022,62396.37745575935,27347.0,Excellent,Phnom Penh,White,40,200 PHEV,330,4.8,Private,GB-T/CCS2,7/1/2024,Synthetic (New Formula)
BYD,BYD Sealion 6,2022,50531.48458433078,56880.0,Like New,Phnom Penh,Silver,18.3,80-100 PHEV,145,8.5,Dealer,GB-T/CCS2,5/9/2023,Synthetic (New Formula)
Mercedes,Mercedes EQB,2025,62586.08390014035,14922.0,Like New,Phnom Penh,Silver,66.5,419,168,8.0,Authorized Dealer,GB-T/CCS2,6/10/2024,Synthetic (New Formula)
Arcfox,Arcfox Koala S,2022,27736.2195120475,20332.0,New,Sihanoukville,Orange,42.8,301,120,8.5,Dealer,GB-T/CCS2,13-12-2024,Synthetic (New Formula)
BYD,BYD Tang,2023,60705.58442012747,7434.0,Excellent,Phnom Penh,Pearl White,86.4/108.8,400-530,180,4.6,Authorized Dealer,GB-T/CCS2,26-04-2022,Synthetic (New Formula)
BYD,BYD Seal 5,2023,21862.587959069897,20658.0,New,Sihanoukville,Red,15.8,80 PHEV,110,7.9,Authorized Dealer,GB-T/CCS2,4/7/2025,Synthetic (New Formula)
BYD,BYD Han,2023,65370.243844765384,52982.0,Like New,Phnom Penh,White,76.9/85.4,500-610,180,3.9,Dealer,GB-T/CCS2,18-05-2025,Synthetic (New Formula)
BYD,BYD Seagull,2022,23532.187484954804,52982.0,New,Phnom Penh,Grey,30/38.88,190-305,55,,Authorized Dealer,GB-T/CCS2,12/9/2023,Synthetic (New Formula)
Nissan,Nissan Leaf,2020,32394.110555957515,17385.0,Excellent,Koh Kong,White,40/62,240-385,110,7.0,Authorized Dealer,GB-T/CCS2,25-01-2025,Synthetic (New Formula)
BYD,BYD Han,2022,65429.70966487112,44560.0,Good,Phnom Penh,Silver,76.9/85.4,500-610,180,3.9,Dealer,GB-T/CCS2,28-08-2022,Synthetic (New Formula)
BMW,BMW iX1,2024,56576.9299265824,11209.0,New,Phnom Penh,Silver,64.7,417,150,8.6,Private,GB-T/CCS2,7/4/2022,Synthetic (New Formula)
BYD,BYD Dolphin,2022,25686.609399011755,22770.0,Good,Koh Kong,Black,44.9/60.5,310-420,70,7.5,Dealer,GB-T/CCS2,8/11/2022,Synthetic (New Formula)
Tesla,Tesla Model 3,2023,45193.08393273087,1108.0,New,Sihanoukville,Silver,60/82,430-576,208,6.1,Dealer,GB-T/CCS2,3/1/2022,Synthetic (New Formula)
Avatr,Avatr 11,2022,73078.98756439456,16282.0,Like New,Kep,Grey,90/116,555-700,230,3.9,Private,GB-T/CCS2,9/10/2024,Synthetic (New Formula)
AION,AION V,2024,43983.04360118757,42269.0,New,Phnom Penh,White,68.8/80,480-610,165,7.1,Dealer,GB-T/CCS2,1/8/2025,Synthetic (New Formula)
Avatr,Avatr 11,2023,68610.73396568054,18530.0,Like New,Kampong Cham,Grey,90/116,555-700,230,3.9,Dealer,GB-T/CCS2,13-05-2025,Synthetic (New Formula)
Hyundai,Hyundai Ioniq 6,2024,58351.15399519358,33136.0,New,Phnom Penh,White,53/77.4,429-614,151,8.1,Dealer,GB-T/CCS2,3/5/2023,Synthetic (New Formula)
MG,MG ZS EV,2024,29416.709339584177,41209.0,New,Phnom Penh,Black,50.3/72.6,320-440,115,8.6,Private,GB-T/CCS2,28-10-2022,Synthetic (New Formula)
BYD,BYD Seal,2024,35026.6399781334,7504.0,New,Phnom Penh,Grey,61.4/82.5,400-550,150,3.8,Authorized Dealer,GB-T/CCS2,17-02-2023,Synthetic (New Formula)
AITO,AITO M5,2023,48099.65351813227,14127.0,New,Phnom Penh,Black,40,200 PHEV,200,4.8,Private,GB-T/CCS2,17-04-2025,Synthetic (New Formula)
Tesla,Tesla Model Y,2022,67295.33050542393,29904.0,New,Sihanoukville,White,60/75/82,430-600,220,6.9,Dealer,GB-T/CCS2,28-12-2021,Synthetic (New Formula)
XPeng,XPeng G6,2025,50881.47546824023,56784.0,New,Kampot,Blue,66/87.5,435-570,190,6.2,Dealer,GB-T/CCS2,13-04-2024,Synthetic (New Formula)
Tesla,Tesla Model Y,2024,60099.80662094377,23517.0,Good,Sihanoukville,White,60/75/82,430-600,220,6.9,Dealer,GB-T/CCS2,28-12-2021,Synthetic (New Formula)
AITO,AITO M7,2025,56780.988017168005,38484.0,Excellent,Phnom Penh,Black,40,200 PHEV,330,4.8,Dealer,GB-T/CCS2,25-07-2024,Synthetic (New Formula)
BYD,BYD M9,2025,61440.229679603595,38484.0,Excellent,Phnom Penh,Silver,52,180 PHEV,180,,Private,GB-T/CCS2,16-01-2025,Synthetic (New Formula)
Toyota,Toyota bZ4X,2023,46929.25370591989,14310.0,Excellent,Phnom Penh,Black,71.4,500,150,7.1,Dealer,GB-T/CCS2,23-08-2023,Synthetic (New Formula)
AITO,AITO M7,2021,63305.24762072119,21720.0,Excellent,Phnom Penh,Green,40,200 PHEV,330,4.8,Authorized Dealer,GB-T/CCS2,15-10-2024,Synthetic (New Formula)
BYD,BYD Dolphin,2025,23314.150834087057,0.0,Excellent,Phnom Penh,Silver,44.9/60.5,310-420,70,7.5,Dealer,GB-T/CCS2,3/5/2025,Synthetic (New Formula)
VinFast,VinFast VF 8,2024,43769.24011368143,18649.0,Like New,Phnom Penh,White,82/87.5,420-500,150,5.5,Authorized Dealer,GB-T/CCS2,15-12-2022,Synthetic (New Formula)
VinFast,VinFast VF 9,2025,64632.268036619564,4425.0,Excellent,Phnom Penh,Grey,123,438,300,6.5,Private,GB-T/CCS2,2/1/2025,Synthetic (New Formula)
Arcfox,Arcfox Koala S,2025,27354.905242569323,18080.0,Excellent,Sihanoukville,Orange,42.8,301,120,8.5,Dealer,GB-T/CCS2,13-12-2024,Synthetic (New Formula)
AITO,AITO M5,2022,48303.799168396734,14651.0,Excellent,Battambang,Grey,40,200 PHEV,200,4.8,Authorized Dealer,GB-T/CCS2,10/7/2025,Synthetic (New Formula)
Tesla,Tesla Model Y,2025,58879.41310594597,5346.0,New,Phnom Penh,Blue,60/75/82,430-600,220,6.9,Private,GB-T/CCS2,17-08-2022,Synthetic (New Formula)
Leapmotor,Leapmotor T03,2025,12604.686276518862,8224.0,Excellent,Siem Reap,Grey,41.3,403,80,,Authorized Dealer,GB-T/CCS2,1/8/2022,Synthetic (New Formula)
Tesla,Tesla Model 3,2023,46032.533202688515,0.0,New,Koh Kong,White,60/82,430-576,208,6.1,Private,GB-T/CCS2,3/5/2023,Synthetic (New Formula)
BYD,BYD Dolphin,2024,29606.48103396369,58023.0,New,Phnom Penh,Silver,44.9/60.5,310-420,70,7.5,Authorized Dealer,GB-T/CCS2,21-05-2022,Synthetic (New Formula)
VinFast,VinFast VF 6,2024,24499.50318428618,8073.0,New,Battambang,Silver,59.6,399,110,,Authorized Dealer,GB-T/CCS2,10/9/2022,Synthetic (New Formula)
Mercedes,Mercedes EQB,2025,73298.73578583682,39865.0,Excellent,Phnom Penh,Black,66.5,419,168,8.0,Private,GB-T/CCS2,28-02-2025,Synthetic (New Formula)
Arcfox,Arcfox Koala S,2024,27912.58762338013,20196.0,Like New,Sihanoukville,Black,42.8,301,120,8.5,Private,GB-T/CCS2,3/2/2025,Synthetic (New Formula)
VinFast,VinFast VF 6,2025,25984.22682578808,26535.0,Good,Sihanoukville,Silver,59.6,399,110,,Dealer,GB-T/CCS2,20-06-2023,Synthetic (New Formula)
Zeekr,Zeekr 001,2024,79762.64179356466,38760.0,New,Phnom Penh,White,86/100,560-620,200,3.3,Dealer,GB-T/CCS2,15-02-2023,Synthetic (New Formula)
Nissan,Nissan Leaf,2024,29713.044630714303,2054.0,Like New,Koh Kong,White,40/62,240-385,110,7.0,Authorized Dealer,GB-T/CCS2,25-01-2025,Synthetic (New Formula)
BYD,BYD Seal,2023,39777.113046084276,33136.0,Excellent,Siem Reap,Black,61.4/82.5,400-550,150,3.8,Dealer,GB-T/CCS2,18-09-2022,Synthetic (New Formula)
Toyota,Toyota bZ4X,2022,47824.982442349145,26505.0,New,Preah Vihear,Blue,71.4,500,150,7.1,Authorized Dealer,GB-T/CCS2,11/12/2022,Synthetic (New Formula)
Xiaomi,Xiaomi SU7,2024,79242.88014440546,6090.0,Like New,Phnom Penh,Silver,73.6/94.3,495-830,220,5.3,Authorized Dealer,GB-T/CCS2,3/1/2025,Synthetic (New Formula)
Zeekr,Zeekr X,2025,52422.475293997886,12342.0,New,Phnom Penh,Red,66,440,200,5.6,Authorized Dealer,GB-T/CCS2,11/12/2023,Synthetic (New Formula)
Tesla,Tesla Model 3,2025,50286.683707232034,51852.0,Like New,Phnom Penh,White,60/82,430-576,208,6.1,Dealer,GB-T/CCS2,18-11-2023,Synthetic (New Formula)
Leapmotor,Leapmotor T03,2024,13702.925069507266,48660.0,Good,Phnom Penh,Black,41.3,403,80,,Authorized Dealer,GB-T/CCS2,11/10/2024,Synthetic (New Formula)
AITO,AITO M5,2022,50018.35968496576,23914.0,Good,Phnom Penh,Grey,40,200 PHEV,200,4.8,Dealer,GB-T/CCS2,6/4/2024,Synthetic (New Formula)
BYD,BYD Sealion 6,2025,44469.92278161647,20856.0,Excellent,Battambang,Grey,18.3,80-100 PHEV,145,8.5,Authorized Dealer,GB-T/CCS2,3/12/2023,Synthetic (New Formula)
VinFast,VinFast VF 8,2025,44188.8013977436,29400.0,New,Phnom Penh,White,82/87.5,420-500,150,5.5,Private,GB-T/CCS2,13-07-2024,Synthetic (New Formula)
Tesla,Tesla Model 3,2024,47837.384203780784,29280.0,Good,Phnom Penh,White,60/82,430-576,208,6.1,Dealer,GB-T/CCS2,12/10/2024,Synthetic (New Formula)
Mercedes,Mercedes EQB,2024,75211.41071111943,55154.0,Excellent,Phnom Penh,Orange,66.5,419,168,8.0,Dealer,GB-T/CCS2,25-01-2024,Synthetic (New Formula)
Leapmotor,Leapmotor T03,2025,12944.817089308614,0.0,Excellent,Phnom Penh,Red,41.3,403,80,,Dealer,GB-T/CCS2,5/8/2025,Synthetic (New Formula)
MG,MG 4 EV,2023,26326.82599588789,12265.0,Like New,Phnom Penh,White,51/64/77,350-520,125,7.7,Private,GB-T/CCS2,7/2/2025,Synthetic (New Formula)
BYD,BYD Dolphin,2025,23993.848950748208,2202.0,New,Phnom Penh,Cosmos Black,44.9/60.5,310-420,70,7.5,Dealer,GB-T/CCS2,28-07-2023,Synthetic (New Formula)
MG,MG 4 EV,2025,25557.971449619683,23400.0,Excellent,Phnom Penh,Grey,51/64/77,350-520,125,7.7,Dealer,GB-T/CCS2,9/2/2022,Synthetic (New Formula)
Zeekr,Zeekr 007,2025,70184.63291133232,51168.0,Good,Phnom Penh,Silver,75/100,530-688,310,3.5,Dealer,GB-T/CCS2,12/8/2025,Synthetic (New Formula)
Hyundai,Hyundai Ioniq 6,2024,51897.14654448317,871.0,Excellent,Phnom Penh,Grey,53/77.4,429-614,151,8.1,Authorized Dealer,GB-T/CCS2,17-10-2024,Synthetic (New Formula)
Tesla,Tesla Model Y,2023,58469.62910383073,5525.0,Like New,Phnom Penh,Pearl White,60/75/82,430-600,220,6.9,Private,GB-T/CCS2,2/11/2022,Synthetic (New Formula)
BMW,BMW iX1,2024,58764.725638801574,11154.0,Like New,Kampong Cham,Green,64.7,417,150,8.6,Private,GB-T/CCS2,15-11-2023,Synthetic (New Formula)
Tesla,Tesla Model Y,2023,64700.731614493234,43512.0,New,Phnom Penh,Green,60/75/82,430-600,220,6.9,Authorized Dealer,GB-T/CCS2,25-08-2025,Synthetic (New Formula)
BYD,BYD Dolphin,2023,25414.873081453195,3444.0,New,Phnom Penh,White,44.9/60.5,310-420,70,7.5,Dealer,GB-T/CCS2,4/1/2023,Synthetic (New Formula)
AION,AION V,2025,39983.28643425244,41667.0,Like New,Phnom Penh,Silver,68.8/80,480-610,165,7.1,Dealer,GB-T/CCS2,20-03-2024,Synthetic (New Formula)
MG,MG ZS EV,2024,28783.086669336564,6840.0,Excellent,Phnom Penh,White,50.3/72.6,320-440,115,8.6,Private,GB-T/CCS2,10/1/2025,Synthetic (New Formula)
BYD,BYD Atto 2,2025,24509.641368557808,8440.0,New,Phnom Penh,Silver,45.1,312-401,130,7.9,Dealer,GB-T/CCS2,12/9/2024,Synthetic (New Formula)
AITO,AITO M7,2023,64833.270358645124,39732.0,Like New,Phnom Penh,Black,40,200 PHEV,330,4.8,Dealer,GB-T/CCS2,25-07-2024,Synthetic (New Formula)
Toyota,Toyota bZ4X,2023,54557.49384723774,55944.0,Excellent,Siem Reap,Grey,71.4,500,150,7.1,Authorized Dealer,GB-T/CCS2,21-01-2025,Synthetic (New Formula)
Denza,Denza D9,2024,77480.29975646584,0.0,Like New,Siem Reap,White,103,600,230,6.9,Authorized Dealer,GB-T/CCS2,8/1/2023,Synthetic (New Formula)
Zeekr,Zeekr 001,2023,80455.26878692735,38480.0,Excellent,Sihanoukville,Blue,86/100,560-620,200,3.3,Private,GB-T/CCS2,11/8/2023,Synthetic (New Formula)
Nissan,Nissan Leaf,2022,30703.40549986205,33528.0,New,Siem Reap,Black,40/62,240-385,110,7.0,Authorized Dealer,GB-T/CCS2,23-11-2022,Synthetic (New Formula)
MG,MG ZS EV,2021,34188.50468259813,57869.0,New,Phnom Penh,Grey,50.3/72.6,320-440,115,8.6,Authorized Dealer,GB-T/CCS2,5/2/2021,Synthetic (New Formula)
Hyundai,Hyundai Ioniq 5,2025,41983.155980386495,2144.0,Like New,Phnom Penh,Blue,58/72.6,354-488,125,7.4,Authorized Dealer,GB-T/CCS2,9/2/2025,Synthetic (New Formula)
BYD,BYD Tang,2023,67838.7613734675,24574.0,New,Preah Vihear,Black,86.4/108.8,400-530,180,4.6,Private,GB-T/CCS2,21-05-2023,Synthetic (New Formula)
Toyota,Toyota bZ4X,2023,49163.6510511321,48660.0,New,Sihanoukville,Black,71.4,500,150,7.1,Private,GB-T/CCS2,26-07-2024,Synthetic (New Formula)
VinFast,VinFast VF 9,2025,62248.997291921994,7928.0,New,Kampong Cham,White,123,438,300,6.5,Authorized Dealer,GB-T/CCS2,17-11-2022,Synthetic (New Formula)
AION,AION Y Plus,2024,31723.32471399803,0.0,Like New,Phnom Penh,Blue,51.9/63.9,410-510,150,7.8,Authorized Dealer,GB-T/CCS2,24-04-2024,Synthetic (New Formula)
VinFast,VinFast VF 6,2022,29482.051664708804,43725.0,Excellent,Phnom Penh,Grey,59.6,399,110,,Private,GB-T/CCS2,16-09-2023,Synthetic (New Formula)
Avatr,Avatr 11,2024,71328.18016417003,7512.0,New,Phnom Penh,Grey,90/116,555-700,230,3.9,Authorized Dealer,GB-T/CCS2,9/2/2023,Synthetic (New Formula)
BYD,BYD Sealion 6,2024,49961.33871717047,34340.0,New,Kampot,Blue,18.3,80-100 PHEV,145,8.5,Authorized Dealer,GB-T/CCS2,13-05-2024,Synthetic (New Formula)
BYD,BYD Han,2023,58629.49685659603,20957.0,Good,Phnom Penh,White,76.9/85.4,500-610,180,3.9,Dealer,GB-T/CCS2,18-05-2025,Synthetic (New Formula)
Mercedes,Mercedes EQB,2022,72611.95720554284,29568.0,New,Phnom Penh,Red,66.5,419,168,8.0,Dealer,GB-T/CCS2,16-08-2022,Synthetic (New Formula)
Kia,Kia EV9,2025,83207.0960812925,37296.0,Like New,Phnom Penh,Black,99.8,541,283,5.3,Private,GB-T/CCS2,9/6/2023,Synthetic (New Formula)
Zeekr,Zeekr 001,2025,71509.78543394865,27838.0,New,Kampong Cham,Blue,86/100,560-620,200,3.3,Private,GB-T/CCS2,5/5/2023,Synthetic (New Formula)
Avatr,Avatr 11,2023,68451.7854834922,12912.0,Like New,Kampong Cham,Grey,90/116,555-700,230,3.9,Dealer,GB-T/CCS2,13-05-2025,Synthetic (New Formula)
BYD,BYD Tang,2022,71939.00898438571,33136.0,Like New,Sihanoukville,Silver,86.4/108.8,400-530,180,4.6,Authorized Dealer,GB-T/CCS2,5/5/2021,Synthetic (New Formula)
MG,MG 4 EV,2024,25679.452498808954,5190.0,New,Phnom Penh,Grey,51/64/77,350-520,125,7.7,Dealer,GB-T/CCS2,9/2/2022,Synthetic (New Formula)
Kia,Kia EV9,2024,73611.13115887293,8020.0,New,Phnom Penh,Black,99.8,541,283,5.3,Dealer,GB-T/CCS2,20-05-2025,Synthetic (New Formula)
BYD,BYD Tang,2024,67373.34063679259,29551.0,Like New,Battambang,White,86.4/108.8,400-530,180,4.6,Private,GB-T/CCS2,10/4/2025,Synthetic (New Formula)
Nissan,Nissan Leaf,2023,28534.689332914284,25564.0,Good,Siem Reap,Grey,40/62,240-385,110,7.0,Authorized Dealer,GB-T/CCS2,12/5/2024,Synthetic (New Formula)
AION,AION Y Plus,2023,35697.46732407766,25164.0,Excellent,Phnom Penh,Blue,51.9/63.9,410-510,150,7.8,Authorized Dealer,GB-T/CCS2,24-04-2024,Synthetic (New Formula)
Kia,Kia EV6,2023,55998.45085893001,38988.0,Like New,Kampot,Silver,77.4,484,168,7.1,Authorized Dealer,GB-T/CCS2,19-08-2023,Synthetic (New Formula)
Zeekr,Zeekr 001,2023,80060.72865267938,39558.0,Good,Sihanoukville,Blue,86/100,560-620,200,3.3,Private,GB-T/CCS2,11/8/2023,Synthetic (New Formula)
BYD,BYD Dolphin,2025,24087.098103768007,5316.0,New,Kratie,Blue,44.9/60.5,310-420,70,7.5,Dealer,GB-T/CCS2,17-04-2024,Synthetic (New Formula)
Hyundai,Hyundai Ioniq 5,2025,43038.86133067189,10439.0,New,Sihanoukville,White,58/72.6,354-488,125,7.4,Authorized Dealer,GB-T/CCS2,8/5/2025,Synthetic (New Formula)
Avatr,Avatr 11,2024,71767.2779108937,26975.0,New,Phnom Penh,Red,90/116,555-700,230,3.9,Authorized Dealer,GB-T/CCS2,19-07-2024,Synthetic (New Formula)
Nissan,Nissan Leaf,2024,29276.601548596213,4960.0,Excellent,Phnom Penh,White,40/62,240-385,110,7.0,Dealer,GB-T/CCS2,26-08-2020,Synthetic (New Formula)
BYD,BYD Tang,2024,64998.83937253956,9016.0,New,Kep,White,86.4/108.8,400-530,180,4.6,Dealer,GB-T/CCS2,6/1/2022,Synthetic (New Formula)
BYD,BYD Atto 3,2020,33115.26899636809,7344.0,Excellent,Phnom Penh,Black,50/60.5,340-420,150,7.3,Private,GB-T/CCS2,12/7/2023,Synthetic (New Formula)
MG,MG ZS EV,2021,30722.09629735902,12480.0,Like New,Phnom Penh,Cosmos Black,50.3/72.6,320-440,115,8.6,Authorized Dealer,GB-T/CCS2,9/11/2021,Synthetic (New Formula)
MG,MG 4 EV,2025,27940.802832268953,52118.0,Like New,Phnom Penh,White,51/64/77,350-520,125,7.7,Dealer,GB-T/CCS2,27-07-2024,Synthetic (New Formula)
BYD,BYD Seal,2025,37554.674124031495,31563.0,Good,Phnom Penh,Blue,61.4/82.5,400-550,150,3.8,Private,GB-T/CCS2,20-12-2022,Synthetic (New Formula)
Zeekr,Zeekr 001,2024,79003.63423509845,45520.0,Fair,Kampot,White,86/100,560-620,200,3.3,Dealer,GB-T/CCS2,15-02-2025,Synthetic (New Formula)
BYD,BYD Tang,2024,61643.2760286766,11984.0,Good,Preah Vihear,Black,86.4/108.8,400-530,180,4.6,Private,GB-T/CCS2,21-05-2023,Synthetic (New Formula)
Kia,Kia EV5,2023,36538.03750325018,20832.0,Excellent,Phnom Penh,Silver,64.2/88,400-600,160,7.5,Authorized Dealer,GB-T/CCS2,13-08-2024,Synthetic (New Formula)
BYD,BYD Han,2024,57946.554974323364,6880.0,Excellent,Phnom Penh,Orange,76.9/85.4,500-610,180,3.9,Authorized Dealer,GB-T/CCS2,9/9/2021,Synthetic (New Formula)
Kia,Kia EV9,2024,79685.27137227502,18649.0,New,Koh Kong,Silver,99.8,541,283,5.3,Authorized Dealer,GB-T/CCS2,7/5/2024,Synthetic (New Formula)
MG,MG 5,2025,22215.433810355116,7344.0,Excellent,Phnom Penh,Grey,61.1,403,130,7.7,Dealer,GB-T/CCS2,5/1/2022,Synthetic (New Formula)
MG,MG 4 EV,2024,26302.490245395948,20856.0,New,Phnom Penh,White,51/64/77,350-520,125,7.7,Private,GB-T/CCS2,7/2/2025,Synthetic (New Formula)
Denza,Denza D9,2025,80745.1956200541,1128.0,New,Phnom Penh,Silver,103,600,230,6.9,Authorized Dealer,GB-T/CCS2,18-10-2023,Synthetic (New Formula)
BYD,BYD Han,2025,59802.181389956146,6902.0,New,Phnom Penh,Grey,76.9/85.4,500-610,180,3.9,Authorized Dealer,GB-T/CCS2,10/9/2023,Synthetic (New Formula)
Zeekr,Zeekr 001,2024,70413.09979618003,0.0,Like New,Phnom Penh,Blue,86/100,560-620,200,3.3,Dealer,GB-T/CCS2,16-10-2024,Synthetic (New Formula)
Mercedes,Mercedes EQB,2024,64132.72473468016,0.0,Excellent,Preah Vihear,Silver,66.5,419,168,8.0,Authorized Dealer,GB-T/CCS2,16-05-2022,Synthetic (New Formula)
VinFast,VinFast VF 8,2024,42444.22117390549,9900.0,New,Phnom Penh,Silver,82/87.5,420-500,150,5.5,Authorized Dealer,GB-T/CCS2,9/8/2023,Synthetic (New Formula)
BYD,BYD Sealion 5,2024,29586.802936251566,26505.0,New,Phnom Penh,White,60/72.8,410-520,150,7.5,Dealer,GB-T/CCS2,10/7/2025,Synthetic (New Formula)
Zeekr,Zeekr 001,2021,79558.26153774899,11090.0,Fair,Phnom Penh,White,86/100,560-620,200,3.3,Private,GB-T/CCS2,7/6/2022,Synthetic (New Formula)
Denza,Denza D9,2023,80686.61761829634,10940.0,New,Siem Reap,White,103,600,230,6.9,Authorized Dealer,GB-T/CCS2,8/1/2023,Synthetic (New Formula)
Hyundai,Hyundai Ioniq 5,2025,46837.28475928736,54510.0,Excellent,Siem Reap,Black,58/72.6,354-488,125,7.4,Private,GB-T/CCS2,5/2/2022,Synthetic (New Formula)
AITO,AITO M5,2025,48065.91529859365,20658.0,New,Battambang,White,40,200 PHEV,200,4.8,Private,GB-T/CCS2,24-06-2022,Synthetic (New Formula)
BYD,BYD Tang,2023,64929.11369503394,11605.0,Excellent,Preah Vihear,Black,86.4/108.8,400-530,180,4.6,Private,GB-T/CCS2,21-05-2023,Synthetic (New Formula)
Kia,Kia EV6,2025,54425.33327784409,52100.0,New,Kampot,Silver,77.4,484,168,7.1,Authorized Dealer,GB-T/CCS2,19-08-2023,Synthetic (New Formula)
BYD,BYD Han,2024,63001.45159663076,27300.0,Good,Kampot,White,76.9/85.4,500-610,180,3.9,Private,GB-T/CCS2,26-12-2020,Synthetic (New Formula)
Denza,Denza D9,2025,82388.72030878543,34632.0,Excellent,Phnom Penh,Pearl White,103,600,230,6.9,Authorized Dealer,GB-T/CCS2,16-08-2025,Synthetic (New Formula)
BYD,BYD Seagull,2021,22207.45201008606,29988.0,Like New,Kampong Cham,Red,30/38.88,190-305,55,,Dealer,GB-T/CCS2,4/7/2025,Synthetic (New Formula)
MG,MG 5,2025,19980.634170331592,0.0,Fair,Phnom Penh,Black,61.1,403,130,7.7,Private,GB-T/CCS2,18-06-2020,Synthetic (New Formula)
Tesla,Tesla Model Y,2020,65938.94980987259,31958.0,Fair,Phnom Penh,White,60/75/82,430-600,220,6.9,Dealer,GB-T/CCS2,19-01-2021,Synthetic (New Formula)
BMW,BMW iX1,2023,60932.10919104031,21275.0,Excellent,Siem Reap,Black,64.7,417,150,8.6,Authorized Dealer,GB-T/CCS2,14-05-2023,Synthetic (New Formula)
BYD,BYD Seagull,2024,20214.889751089435,17616.0,New,Battambang,Black,30/38.88,190-305,55,,Authorized Dealer,GB-T/CCS2,14-01-2025,Synthetic (New Formula)
Denza,Denza D9,2023,82724.55279922977,10790.0,New,Battambang,Silver,103,600,230,6.9,Authorized Dealer,GB-T/CCS2,16-07-2023,Synthetic (New Formula)
MG,MG 4 EV,2024,27336.218831937123,31745.0,New,Kampot,Blue,51/64/77,350-520,125,7.7,Authorized Dealer,GB-T/CCS2,20-05-2021,Synthetic (New Formula)
BYD,BYD Atto 2,2021,27011.97080499743,37128.0,Excellent,Siem Reap,White,45.1,312-401,130,7.9,Authorized Dealer,GB-T/CCS2,23-05-2025,Synthetic (New Formula)
Toyota,Toyota bZ4X,2020,53749.35002441504,40663.0,New,Phnom Penh,Pearl White,71.4,500,150,7.1,Private,GB-T/CCS2,28-04-2024,Synthetic (New Formula)
Zeekr,Zeekr 007,2024,65523.91718149849,20102.0,New,Phnom Penh,Blue,75/100,530-688,310,3.5,Dealer,GB-T/CCS2,16-12-2024,Synthetic (New Formula)
BYD,BYD Han,2022,64283.82261303399,35280.0,Like New,Battambang,Blue,76.9/85.4,500-610,180,3.9,Private,GB-T/CCS2,26-12-2021,Synthetic (New Formula)
Leapmotor,Leapmotor T03,2025,12515.638857483737,8020.0,Like New,Sihanoukville,Blue,41.3,403,80,,Dealer,GB-T/CCS2,4/11/2022,Synthetic (New Formula)
Denza,Denza D9,2025,83970.65693996861,29280.0,New,Phnom Penh,Grey,103,600,230,6.9,Private,GB-T/CCS2,28-10-2022,Synthetic (New Formula)
BYD,BYD Tang,2020,63797.44559076124,0.0,Excellent,Phnom Penh,Pearl White,86.4/108.8,400-530,180,4.6,Authorized Dealer,GB-T/CCS2,26-04-2022,Synthetic (New Formula)
Nissan,Nissan Leaf,2024,28079.83733077685,12912.0,Like New,Phnom Penh,Black,40/62,240-385,110,7.0,Private,GB-T/CCS2,11/2/2020,Synthetic (New Formula)
Hyundai,Hyundai Ioniq 6,2025,53920.804516666496,4390.0,Excellent,Phnom Penh,Silver,53/77.4,429-614,151,8.1,Authorized Dealer,GB-T/CCS2,21-01-2025,Synthetic (New Formula)
Tesla,Tesla Model 3,2022,47199.62565847937,0.0,New,Siem Reap,White,60/82,430-576,208,6.1,Dealer,GB-T/CCS2,2/8/2023,Synthetic (New Formula)
BYD,BYD Tang,2023,67971.22365544781,47670.0,New,Phnom Penh,Black,86.4/108.8,400-530,180,4.6,Dealer,GB-T/CCS2,28-03-2020,Synthetic (New Formula)
Nissan,Nissan Leaf,2024,27580.120936383824,10153.0,New,Phnom Penh,Grey,40/62,240-385,110,7.0,Authorized Dealer,GB-T/CCS2,12/2/2024,Synthetic (New Formula)
MG,MG 4 EV,2024,25938.165847983673,17616.0,New,Phnom Penh,Pearl White,51/64/77,350-520,125,7.7,Private,GB-T/CCS2,15-10-2023,Synthetic (New Formula)
VinFast,VinFast VF 6,2024,27553.857305236234,25029.0,New,Sihanoukville,Black,59.6,399,110,,Private,GB-T/CCS2,21-11-2024,Synthetic (New Formula)
XPeng,XPeng G6,2025,46926.71483356491,34340.0,Fair,Siem Reap,Silver,66/87.5,435-570,190,6.2,Private,GB-T/CCS2,11/10/2024,Synthetic (New Formula)
VinFast,VinFast VF 8,2023,46630.06709540675,20330.0,New,Phnom Penh,White,82/87.5,420-500,150,5.5,Authorized Dealer,GB-T/CCS2,15-12-2022,Synthetic (New Formula)
Nissan,Nissan Leaf,2024,30660.00695824044,33139.0,Like New,Kampot,Black,40/62,240-385,110,7.0,Authorized Dealer,GB-T/CCS2,4/8/2021,Synthetic (New Formula)
Mercedes,Mercedes EQB,2023,66146.81335626332,8998.0,Like New,Phnom Penh,Black,66.5,419,168,8.0,Private,GB-T/CCS2,5/6/2021,Synthetic (New Formula)
VinFast,VinFast VF 8,2024,42215.10920665644,20016.0,New,Phnom Penh,White,82/87.5,420-500,150,5.5,Authorized Dealer,GB-T/CCS2,15-12-2022,Synthetic (New Formula)
AION,AION ES,2024,31898.56298471171,21275.0,New,Phnom Penh,White,55.6,410,150,7.5,Dealer,GB-T/CCS2,16-02-2025,Synthetic (New Formula)
Hyundai,Hyundai Ioniq 5,2024,45847.91214373176,41750.0,Like New,Battambang,Green,58/72.6,354-488,125,7.4,Dealer,GB-T/CCS2,20-01-2023,Synthetic (New Formula)
MG,MG 4 EV,2025,25847.293097831327,14127.0,New,Phnom Penh,White,51/64/77,350-520,125,7.7,Dealer,GB-T/CCS2,27-07-2024,Synthetic (New Formula)
Avatr,Avatr 11,2025,67760.91288002882,29853.0,Excellent,Phnom Penh,Grey,90/116,555-700,230,3.9,Authorized Dealer,GB-T/CCS2,9/2/2023,Synthetic (New Formula)
Nissan,Nissan Leaf,2021,30943.647323598863,10329.0,New,Phnom Penh,Grey,40/62,240-385,110,7.0,Authorized Dealer,GB-T/CCS2,23-04-2025,Synthetic (New Formula)
Mercedes,Mercedes EQB,2025,63924.20035584823,11484.0,Excellent,Phnom Penh,Grey,66.5,419,168,8.0,Private,GB-T/CCS2,23-09-2021,Synthetic (New Formula)
AITO,AITO M5,2022,48646.99040138198,20286.0,Excellent,Phnom Penh,Grey,40,200 PHEV,200,4.8,Dealer,GB-T/CCS2,6/4/2024,Synthetic (New Formula)
BMW,BMW iX1,2025,54264.96542456251,0.0,Fair,Siem Reap,White,64.7,417,150,8.6,Authorized Dealer,GB-T/CCS2,22-08-2023,Synthetic (New Formula)
BMW,BMW iX1,2024,55748.50395452722,7569.0,Like New,Phnom Penh,Black,64.7,417,150,8.6,Authorized Dealer,GB-T/CCS2,23-08-2022,Synthetic (New Formula)
BYD,BYD Tang,2023,65778.66876151782,22088.0,Excellent,Preah Vihear,Black,86.4/108.8,400-530,180,4.6,Private,GB-T/CCS2,21-05-2023,Synthetic (New Formula)
Mercedes,Mercedes EQB,2024,70580.91341612795,30082.0,New,Sihanoukville,White,66.5,419,168,8.0,Authorized Dealer,GB-T/CCS2,2/11/2022,Synthetic (New Formula)
AITO,AITO M5,2025,44813.61279925757,0.0,Good,Battambang,Grey,40,200 PHEV,200,4.8,Private,GB-T/CCS2,2/1/2025,Synthetic (New Formula)
Hyundai,Hyundai Ioniq 6,2024,51467.52620668376,2054.0,Like New,Phnom Penh,Grey,53/77.4,429-614,151,8.1,Authorized Dealer,GB-T/CCS2,17-10-2024,Synthetic (New Formula)
Denza,Denza D9,2025,79073.71994324568,935.0,Excellent,Battambang,Silver,103,600,230,6.9,Authorized Dealer,GB-T/CCS2,16-07-2023,Synthetic (New Formula)
AION,AION ES,2021,33031.22802470154,23914.0,New,Kep,White,55.6,410,150,7.5,Private,GB-T/CCS2,28-12-2024,Synthetic (New Formula)
Arcfox,Arcfox Koala S,2023,26291.057663648786,8030.0,Excellent,Siem Reap,White,42.8,301,120,8.5,Dealer,GB-T/CCS2,22-10-2024,Synthetic (New Formula)
MG,MG 5,2024,21943.54343065269,1128.0,New,Siem Reap,Black,61.1,403,130,7.7,Authorized Dealer,GB-T/CCS2,9/5/2025,Synthetic (New Formula)
Avatr,Avatr 11,2025,61983.08059796884,9031.0,Excellent,Phnom Penh,Red,90/116,555-700,230,3.9,Private,GB-T/CCS2,3/8/2023,Synthetic (New Formula)
Arcfox,Arcfox Koala S,2025,28404.917874872688,30711.0,Fair,Sihanoukville,Black,42.8,301,120,8.5,Private,GB-T/CCS2,3/2/2025,Synthetic (New Formula)
VinFast,VinFast VF 9,2025,65296.6903273764,16524.0,New,Battambang,Black,123,438,300,6.5,Private,GB-T/CCS2,25-08-2025,Synthetic (New Formula)
BYD,BYD Sealion 7,2024,42279.59940703603,20328.0,Excellent,Phnom Penh,Silver,71.8/91.3,460-567,230,4.5,Dealer,GB-T/CCS2,11/5/2025,Synthetic (New Formula)
MG,MG 5,2025,22723.25836192885,29904.0,New,Phnom Penh,Black,61.1,403,130,7.7,Dealer,GB-T/CCS2,16-09-2025,Synthetic (New Formula)
Zeekr,Zeekr 001,2025,75748.97213465102,26505.0,Like New,Kampot,White,86/100,560-620,200,3.3,Dealer,GB-T/CCS2,15-02-2025,Synthetic (New Formula)
Kia,Kia EV6,2023,50580.17743544133,23550.0,Fair,Phnom Penh,Blue,77.4,484,168,7.1,Private,GB-T/CCS2,3/7/2024,Synthetic (New Formula)
AION,AION ES,2023,33164.124915519154,26130.0,Like New,Kep,White,55.6,410,150,7.5,Private,GB-T/CCS2,28-12-2024,Synthetic (New Formula)
VinFast,VinFast VF 8,2023,43766.60761522936,5755.0,New,Preah Vihear,Blue,82/87.5,420-500,150,5.5,Private,GB-T/CCS2,9/4/2022,Synthetic (New Formula)
BYD,BYD Seal,2022,39040.38954870678,35280.0,Excellent,Sihanoukville,Grey,61.4/82.5,400-550,150,3.8,Private,GB-T/CCS2,18-02-2025,Synthetic (New Formula)
XPeng,XPeng G6,2023,47283.98522040652,14926.0,New,Kep,White,66/87.5,435-570,190,6.2,Dealer,GB-T/CCS2,15-04-2025,Synthetic (New Formula)
BYD,BYD Tang,2023,66218.75295887249,5316.0,Like New,Phnom Penh,Black,86.4/108.8,400-530,180,4.6,Authorized Dealer,GB-T/CCS2,23-10-2020,Synthetic (New Formula)
Mercedes,Mercedes EQB,2023,72790.80163958247,33635.0,New,Kampong Cham,Black,66.5,419,168,8.0,Authorized Dealer,GB-T/CCS2,7/7/2023,Synthetic (New Formula)
MG,MG ZS EV,2025,28857.759919150438,18530.0,Excellent,Phnom Penh,Silver,50.3/72.6,320-440,115,8.6,Dealer,GB-T/CCS2,10/4/2022,Synthetic (New Formula)
MG,MG 5,2021,22387.056518412737,10700.0,Excellent,Siem Reap,Silver,61.1,403,130,7.7,Dealer,GB-T/CCS2,22-10-2024,Synthetic (New Formula)
Tesla,Tesla Model 3,2023,51848.99088471279,41940.0,Like New,Phnom Penh,Pearl White,60/82,430-576,208,6.1,Private,GB-T/CCS2,23-01-2024,Synthetic (New Formula)
Tesla,Tesla Model Y,2025,57212.554287354076,1147.0,New,Sihanoukville,Silver,60/75/82,430-600,220,6.9,Dealer,GB-T/CCS2,9/8/2021,Synthetic (New Formula)
Kia,Kia EV6,2025,53702.33978962148,44935.0,Excellent,Phnom Penh,Silver,77.4,484,168,7.1,Authorized Dealer,GB-T/CCS2,19-08-2025,Synthetic (New Formula)
MG,MG ZS EV,2023,28926.412269649863,0.0,Excellent,Siem Reap,Grey,50.3/72.6,320-440,115,8.6,Private,GB-T/CCS2,5/5/2021,Synthetic (New Formula)
Leapmotor,Leapmotor T03,2021,14899.0832926852,38991.0,Good,Phnom Penh,Pearl White,41.3,403,80,,Dealer,GB-T/CCS2,1/5/2022,Synthetic (New Formula)
BYD,BYD Seal,2022,38639.112945836925,17493.0,Like New,Phnom Penh,Green,61.4/82.5,400-550,150,3.8,Dealer,GB-T/CCS2,19-01-2024,Synthetic (New Formula)
Tesla,Tesla Model 3,2023,51788.43216300124,52100.0,Excellent,Kep,Black,60/82,430-576,208,6.1,Authorized Dealer,GB-T/CCS2,23-07-2024,Synthetic (New Formula)
BYD,BYD M9,2023,58491.526769689815,1112.0,New,Phnom Penh,Blue,52,180 PHEV,180,,Authorized Dealer,GB-T/CCS2,11/4/2025,Synthetic (New Formula)
BYD,BYD Atto 3,2025,30777.8829993435,26975.0,New,Phnom Penh,White,50/60.5,340-420,150,7.3,Private,GB-T/CCS2,17-09-2022,Synthetic (New Formula)
BYD,BYD Sealion 7,2021,47663.23572866521,38480.0,Like New,Sihanoukville,Silver,71.8/91.3,460-567,230,4.5,Dealer,GB-T/CCS2,11/12/2024,Synthetic (New Formula)
AITO,AITO M5,2024,48005.95066420563,25800.0,Excellent,Battambang,White,40,200 PHEV,200,4.8,Authorized Dealer,GB-T/CCS2,11/11/2023,Synthetic (New Formula)
BYD,BYD Seagull,2023,19339.500485325643,10710.0,Excellent,Phnom Penh,Silver,30/38.88,190-305,55,,Dealer,GB-T/CCS2,14-11-2024,Synthetic (New Formula)
VinFast,VinFast VF 8,2022,44598.824833214094,2268.0,New,Phnom Penh,Silver,82/87.5,420-500,150,5.5,Authorized Dealer,GB-T/CCS2,9/8/2023,Synthetic (New Formula)
BYD,BYD Dolphin,2025,28831.691715062112,47670.0,Like New,Sihanoukville,Black,44.9/60.5,310-420,70,7.5,Authorized Dealer,GB-T/CCS2,3/4/2023,Synthetic (New Formula)
Kia,Kia EV6,2025,50501.54181137921,26900.0,Good,Phnom Penh,Grey,77.4,484,168,7.1,Authorized Dealer,GB-T/CCS2,19-03-2022,Synthetic (New Formula)
Avatr,Avatr 07,2024,45320.61771712531,7980.0,Fair,Phnom Penh,Cosmos Black,62.2/100.5,420-621,190,4.9,Dealer,GB-T/CCS2,2/6/2024,Synthetic (New Formula)
Nissan,Nissan Leaf,2023,29581.41296522628,9536.0,Good,Phnom Penh,Grey,40/62,240-385,110,7.0,Authorized Dealer,GB-T/CCS2,10/4/2021,Synthetic (New Formula)
BYD,BYD Tang,2025,64527.969339428084,4670.0,Like New,Phnom Penh,Pearl White,86.4/108.8,400-530,180,4.6,Authorized Dealer,GB-T/CCS2,26-04-2022,Synthetic (New Formula)
BYD,BYD M9,2025,62356.12701734785,33635.0,Like New,Phnom Penh,Blue,52,180 PHEV,180,,Authorized Dealer,GB-T/CCS2,11/4/2025,Synthetic (New Formula)
Tesla,Tesla Model 3,2023,52793.641028518636,54229.0,Like New,Sihanoukville,Black,60/82,430-576,208,6.1,Authorized Dealer,GB-T/CCS2,27-11-2021,Synthetic (New Formula)
MG,MG ZS EV,2023,27979.68336066598,7455.0,Like New,Siem Reap,Black,50.3/72.6,320-440,115,8.6,Private,GB-T/CCS2,20-07-2022,Synthetic (New Formula)
Avatr,Avatr 11,2024,67606.92406693922,24574.0,Good,Phnom Penh,Cosmos Black,90/116,555-700,230,3.9,Private,GB-T/CCS2,15-05-2023,Synthetic (New Formula)
Hyundai,Hyundai Ioniq 5,2024,42486.27461658075,8832.0,Good,Phnom Penh,Blue,58/72.6,354-488,125,7.4,Authorized Dealer,GB-T/CCS2,9/2/2025,Synthetic (New Formula)
Nissan,Nissan Leaf,2023,29759.59282965956,5035.0,Like New,Phnom Penh,Red,40/62,240-385,110,7.0,Dealer,GB-T/CCS2,22-08-2023,Synthetic (New Formula)
Deepal,Deepal L07,2025,47529.330426155946,8071.0,New,Battambang,White,31.6,200 PHEV,160,7.3,Dealer,GB-T/CCS2,16-12-2024,Synthetic (New Formula)
Hyundai,Hyundai Ioniq 5,2024,42012.19279262105,0.0,Excellent,Phnom Penh,Black,58/72.6,354-488,125,7.4,Dealer,GB-T/CCS2,24-07-2023,Synthetic (New Formula)
BYD,BYD Tang,2025,59065.140058544624,0.0,Good,Phnom Penh,Black,86.4/108.8,400-530,180,4.6,Dealer,GB-T/CCS2,28-03-2020,Synthetic (New Formula)
Nissan,Nissan Leaf,2024,30225.30788711153,868.0,Excellent,Phnom Penh,Grey,40/62,240-385,110,7.0,Authorized Dealer,GB-T/CCS2,23-04-2025,Synthetic (New Formula)
BYD,BYD Han,2025,57783.342988820084,16128.0,Excellent,Siem Reap,Black,76.9/85.4,500-610,180,3.9,Private,GB-T/CCS2,19-01-2023,Synthetic (New Formula)
MG,MG 4 EV,2022,26271.304305072354,8272.0,Like New,Kratie,Grey,51/64/77,350-520,125,7.7,Private,GB-T/CCS2,9/11/2021,Synthetic (New Formula)
Nissan,Nissan Leaf,2024,27886.526327377538,23914.0,Like New,Siem Reap,Blue,40/62,240-385,110,7.0,Dealer,GB-T/CCS2,2/5/2023,Synthetic (New Formula)
Deepal,Deepal S07,2025,53498.70750205558,11984.0,Like New,Phnom Penh,White,31.6/80,200 PHEV,190,6.7,Private,GB-T/CCS2,18-05-2025,Synthetic (New Formula)
Arcfox,Arcfox Koala S,2025,27323.537697318417,11718.0,Excellent,Phnom Penh,White,42.8,301,120,8.5,Authorized Dealer,GB-T/CCS2,24-07-2024,Synthetic (New Formula)
AITO,AITO M5,2023,53231.67602059875,30996.0,Like New,Preah Vihear,Black,40,200 PHEV,200,4.8,Private,GB-T/CCS2,24-10-2024,Synthetic (New Formula)
AION,AION ES,2025,30020.313443314313,30008.0,Excellent,Phnom Penh,Grey,55.6,410,150,7.5,Private,GB-T/CCS2,3/9/2024,Synthetic (New Formula)
MG,MG 5,2022,25803.434592098,40663.0,Excellent,Phnom Penh,Grey,61.1,403,130,7.7,Dealer,GB-T/CCS2,21-05-2022,Synthetic (New Formula)
VinFast,VinFast VF 9,2025,67541.6953016268,27690.0,Good,Phnom Penh,Black,123,438,300,6.5,Dealer,GB-T/CCS2,14-05-2025,Synthetic (New Formula)
Nissan,Nissan Leaf,2024,30916.354804559072,28106.0,New,Phnom Penh,Grey,40/62,240-385,110,7.0,Authorized Dealer,GB-T/CCS2,12/2/2024,Synthetic (New Formula)
BYD,BYD Sealion 6,2021,46477.50420494255,17190.0,Excellent,Phnom Penh,Silver,18.3,80-100 PHEV,145,8.5,Dealer,GB-T/CCS2,5/9/2023,Synthetic (New Formula)
Tesla,Tesla Model Y,2025,58849.16282543246,9031.0,Fair,Siem Reap,Red,60/75/82,430-600,220,6.9,Authorized Dealer,GB-T/CCS2,8/4/2021,Synthetic (New Formula)
MG,MG ZS EV,2024,28245.167658762428,4670.0,Excellent,Phnom Penh,Cosmos Black,50.3/72.6,320-440,115,8.6,Authorized Dealer,GB-T/CCS2,9/11/2021,Synthetic (New Formula)
BYD,BYD Atto 3,2024,28923.504664153515,0.0,Excellent,Phnom Penh,White,50/60.5,340-420,150,7.3,Authorized Dealer,GB-T/CCS2,25-04-2023,Synthetic (New Formula)
BYD,BYD Atto 2,2025,24623.97470113124,25800.0,Excellent,Sihanoukville,Grey,45.1,312-401,130,7.9,Dealer,GB-T/CCS2,25-12-2024,Synthetic (New Formula)
AION,AION ES,2022,31995.289234177362,26102.0,New,Sihanoukville,Blue,55.6,410,150,7.5,Authorized Dealer,GB-T/CCS2,8/6/2024,Synthetic (New Formula)
BYD,BYD Seagull,2022,19995.27202940756,8190.0,Excellent,Battambang,Black,30/38.88,190-305,55,,Authorized Dealer,GB-T/CCS2,14-01-2025,Synthetic (New Formula)
Zeekr,Zeekr X,2025,53392.04406824029,22480.0,Good,Phnom Penh,Red,66,440,200,5.6,Authorized Dealer,GB-T/CCS2,11/12/2023,Synthetic (New Formula)
Kia,Kia EV9,2025,71235.40991135006,8224.0,Good,Phnom Penh,Silver,99.8,541,283,5.3,Private,GB-T/CCS2,26-02-2024,Synthetic (New Formula)
Zeekr,Zeekr X,2025,58157.0628556922,38988.0,Like New,Kep,Cosmos Black,66,440,200,5.6,Private,GB-T/CCS2,4/2/2024,Synthetic (New Formula)
BYD,BYD Seal,2025,38996.16120858908,36686.0,Fair,Sihanoukville,White,61.4/82.5,400-550,150,3.8,Dealer,GB-T/CCS2,2/11/2023,Synthetic (New Formula)
Xiaomi,Xiaomi SU7,2023,78521.83221357876,18202.0,New,Phnom Penh,Black,73.6/94.3,495-830,220,5.3,Private,GB-T/CCS2,3/6/2024,Synthetic (New Formula)
BYD,BYD Tang,2023,63937.88455516404,4425.0,Excellent,Siem Reap,Silver,86.4/108.8,400-530,180,4.6,Private,GB-T/CCS2,13-05-2024,Synthetic (New Formula)
Toyota,Toyota bZ4X,2023,45643.99755858213,6825.0,New,Sihanoukville,Black,71.4,500,150,7.1,Authorized Dealer,GB-T/CCS2,11/3/2022,Synthetic (New Formula)
Zeekr,Zeekr 001,2020,83970.24937534836,28890.0,Excellent,Sihanoukville,Blue,86/100,560-620,200,3.3,Private,GB-T/CCS2,11/8/2023,Synthetic (New Formula)
Avatr,Avatr 07,2025,44949.68726697755,7928.0,New,Preah Vihear,Black,62.2/100.5,420-621,190,4.9,Authorized Dealer,GB-T/CCS2,21-12-2024,Synthetic (New Formula)
Hyundai,Hyundai Ioniq 5,2025,42974.44995108759,26600.0,New,Kep,Black,58/72.6,354-488,125,7.4,Private,GB-T/CCS2,13-09-2025,Synthetic (New Formula)
Kia,Kia EV5,2023,37165.927794304465,4390.0,Fair,Kampot,White,64.2/88,400-600,160,7.5,Private,GB-T/CCS2,25-01-2025,Synthetic (New Formula)
AION,AION V,2023,41716.832462991995,24800.0,Like New,Phnom Penh,Blue,68.8/80,480-610,165,7.1,Dealer,GB-T/CCS2,24-05-2025,Synthetic (New Formula)
Denza,Denza D9,2025,87955.74386527271,24574.0,Excellent,Phnom Penh,Black,103,600,230,6.9,Private,GB-T/CCS2,9/4/2024,Synthetic (New Formula)
BMW,BMW iX1,2024,55724.83608394757,975.0,Like New,Kampong Cham,Green,64.7,417,150,8.6,Private,GB-T/CCS2,15-11-2023,Synthetic (New Formula)
BYD,BYD Han,2023,57654.762740157865,975.0,Like New,Phnom Penh,Silver,76.9/85.4,500-610,180,3.9,Authorized Dealer,GB-T/CCS2,7/6/2021,Synthetic (New Formula)
AITO,AITO M7,2022,68565.47538861915,43563.0,New,Phnom Penh,White,40,200 PHEV,330,4.8,Private,GB-T/CCS2,7/1/2024,Synthetic (New Formula)
Kia,Kia EV6,2022,56329.917100314684,42269.0,Good,Phnom Penh,Blue,77.4,484,168,7.1,Dealer,GB-T/CCS2,14-05-2023,Synthetic (New Formula)
Avatr,Avatr 11,2024,67636.06995467213,0.0,Good,Kep,Grey,90/116,555-700,230,3.9,Private,GB-T/CCS2,9/10/2024,Synthetic (New Formula)
Toyota,Toyota bZ4X,2023,49604.91224216043,22088.0,Good,Phnom Penh,Blue,71.4,500,150,7.1,Private,GB-T/CCS2,18-09-2025,Synthetic (New Formula)
BYD,BYD Dolphin,2023,25582.188468816523,14651.0,Fair,Phnom Penh,Blue,44.9/60.5,310-420,70,7.5,Authorized Dealer,GB-T/CCS2,18-08-2022,Synthetic (New Formula)
Hyundai,Hyundai Ioniq 6,2022,58339.70547228277,29700.0,New,Phnom Penh,White,53/77.4,429-614,151,8.1,Dealer,GB-T/CCS2,3/5/2023,Synthetic (New Formula)
Zeekr,Zeekr 001,2024,71275.20810464461,3468.0,Like New,Sihanoukville,Blue,86/100,560-620,200,3.3,Private,GB-T/CCS2,11/8/2023,Synthetic (New Formula)
Kia,Kia EV5,2023,36662.52336221452,26280.0,Like New,Phnom Penh,Blue,64.2/88,400-600,160,7.5,Authorized Dealer,GB-T/CCS2,11/2/2024,Synthetic (New Formula)
Zeekr,Zeekr 001,2022,84952.91859065084,55154.0,Good,Phnom Penh,White,86/100,560-620,200,3.3,Private,GB-T/CCS2,19-01-2024,Synthetic (New Formula)
BMW,BMW iX1,2023,58981.27867321417,4170.0,Excellent,Siem Reap,Grey,64.7,417,150,8.6,Dealer,GB-T/CCS2,19-10-2024,Synthetic (New Formula)
BYD,BYD Seal 5,2023,22372.38178280913,14922.0,Excellent,Phnom Penh,Blue,15.8,80 PHEV,110,7.9,Private,GB-T/CCS2,28-11-2024,Synthetic (New Formula)
Kia,Kia EV5,2025,34678.97409120411,22480.0,Good,Siem Reap,Grey,64.2/88,400-600,160,7.5,Authorized Dealer,GB-T/CCS2,23-12-2023,Synthetic (New Formula)
Deepal,Deepal S07,2024,49450.69117731489,6792.0,Like New,Phnom Penh,Silver,31.6/80,200 PHEV,190,6.7,Private,GB-T/CCS2,20-06-2024,Synthetic (New Formula)
BYD,BYD Atto 3,2022,32445.100989804927,8728.0,Like New,Kampot,Black,50/60.5,340-420,150,7.3,Private,GB-T/CCS2,15-08-2024,Synthetic (New Formula)
Tesla,Tesla Model 3,2023,49297.468228488084,26600.0,Excellent,Kampot,Grey,60/82,430-576,208,6.1,Authorized Dealer,GB-T/CCS2,27-04-2024,Synthetic (New Formula)
Kia,Kia EV6,2025,50585.787509986,38988.0,Like New,Phnom Penh,Blue,77.4,484,168,7.1,Dealer,GB-T/CCS2,14-05-2023,Synthetic (New Formula)
AION,AION V,2024,40305.71699721867,20559.0,New,Phnom Penh,White,68.8/80,480-610,165,7.1,Dealer,GB-T/CCS2,1/8/2025,Synthetic (New Formula)
BYD,BYD Sealion 5,2024,25981.68897858966,8071.0,Like New,Phnom Penh,White,60/72.8,410-520,150,7.5,Dealer,GB-T/CCS2,10/7/2025,Synthetic (New Formula)
MG,MG ZS EV,2025,30329.859392791608,29988.0,Excellent,Phnom Penh,Silver,50.3/72.6,320-440,115,8.6,Dealer,GB-T/CCS2,21-10-2024,Synthetic (New Formula)
BYD,BYD Seal 5,2025,20084.782624875235,1112.0,Good,Sihanoukville,Red,15.8,80 PHEV,110,7.9,Authorized Dealer,GB-T/CCS2,4/7/2025,Synthetic (New Formula)
AITO,AITO M5,2025,46347.639860487674,11209.0,Excellent,Siem Reap,White,40,200 PHEV,200,4.8,Authorized Dealer,GB-T/CCS2,11/2/2023,Synthetic (New Formula)
Zeekr,Zeekr 001,2024,71190.16412602749,0.0,Like New,Phnom Penh,White,86/100,560-620,200,3.3,Dealer,GB-T/CCS2,15-02-2023,Synthetic (New Formula)
Leapmotor,Leapmotor T03,2023,13813.618647364037,5525.0,New,Preah Vihear,White,41.3,403,80,,Authorized Dealer,GB-T/CCS2,10/2/2025,Synthetic (New Formula)
VinFast,VinFast VF 9,2020,72974.02826361624,14170.0,Fair,Battambang,Black,123,438,300,6.5,Private,GB-T/CCS2,25-08-2025,Synthetic (New Formula)
Mercedes,Mercedes EQB,2021,68220.69965309856,0.0,New,Sihanoukville,White,66.5,419,168,8.0,Authorized Dealer,GB-T/CCS2,2/11/2022,Synthetic (New Formula)
MG,MG ZS EV,2021,31290.898881824232,19343.0,New,Phnom Penh,Cosmos Black,50.3/72.6,320-440,115,8.6,Authorized Dealer,GB-T/CCS2,9/11/2021,Synthetic (New Formula)
MG,MG 5,2025,24211.51651858861,52118.0,Good,Kampot,Black,61.1,403,130,7.7,Authorized Dealer,GB-T/CCS2,17-11-2021,Synthetic (New Formula)
Hyundai,Hyundai Ioniq 6,2024,56888.34734635598,31745.0,Like New,Phnom Penh,White,53/77.4,429-614,151,8.1,Dealer,GB-T/CCS2,3/5/2023,Synthetic (New Formula)
Toyota,Toyota bZ4X,2024,46196.04629099867,20608.0,Good,Sihanoukville,Black,71.4,500,150,7.1,Private,GB-T/CCS2,26-07-2024,Synthetic (New Formula)
BYD,BYD Dolphin,2023,28844.047747360237,31944.0,New,Koh Kong,Black,44.9/60.5,310-420,70,7.5,Dealer,GB-T/CCS2,8/11/2022,Synthetic (New Formula)
Tesla,Tesla Model 3,2023,44868.44592012974,0.0,New,Kampong Cham,White,60/82,430-576,208,6.1,Private,GB-T/CCS2,5/8/2021,Synthetic (New Formula)
VinFast,VinFast VF 6,2024,25533.911980243727,12265.0,New,Phnom Penh,White,59.6,399,110,,Dealer,GB-T/CCS2,23-08-2024,Synthetic (New Formula)
MG,MG 5,2024,21384.90809064389,1846.0,Good,Kampot,Black,61.1,403,130,7.7,Authorized Dealer,GB-T/CCS2,17-11-2021,Synthetic (New Formula)
Avatr,Avatr 11,2020,72724.49186994415,4960.0,New,Phnom Penh,Red,90/116,555-700,230,3.9,Authorized Dealer,GB-T/CCS2,19-07-2024,Synthetic (New Formula)
VinFast,VinFast VF 9,2022,69342.98086851137,12265.0,New,Phnom Penh,Green,123,438,300,6.5,Authorized Dealer,GB-T/CCS2,5/5/2023,Synthetic (New Formula)
BMW,BMW iX1,2025,57747.32437760352,24486.0,Excellent,Siem Reap,Grey,64.7,417,150,8.6,Dealer,GB-T/CCS2,19-10-2024,Synthetic (New Formula)
MG,MG ZS EV,2024,27687.076780076222,3444.0,Good,Phnom Penh,Black,50.3/72.6,320-440,115,8.6,Private,GB-T/CCS2,28-10-2022,Synthetic (New Formula)
BYD,BYD Seal,2024,33849.280621570346,0.0,New,Siem Reap,Grey,61.4/82.5,400-550,150,3.8,Authorized Dealer,GB-T/CCS2,17-05-2025,Synthetic (New Formula)
Kia,Kia EV5,2023,38817.91344330122,31426.0,New,Kampot,White,64.2/88,400-600,160,7.5,Private,GB-T/CCS2,25-01-2025,Synthetic (New Formula)
Tesla,Tesla Model 3,2025,43748.87909679292,10320.0,Like New,Phnom Penh,Pearl White,60/82,430-576,208,6.1,Private,GB-T/CCS2,23-01-2024,Synthetic (New Formula)
AION,AION Y Plus,2024,32220.863936303143,9666.0,New,Phnom Penh,Blue,51.9/63.9,410-510,150,7.8,Authorized Dealer,GB-T/CCS2,24-04-2024,Synthetic (New Formula)
Zeekr,Zeekr 007,2024,65397.72088144207,24525.0,Excellent,Phnom Penh,Black,75/100,530-688,310,3.5,Private,GB-T/CCS2,13-03-2024,Synthetic (New Formula)
Kia,Kia EV6,2024,52220.26643437238,28730.0,New,Phnom Penh,Silver,77.4,484,168,7.1,Dealer,GB-T/CCS2,14-12-2022,Synthetic (New Formula)
Nissan,Nissan Leaf,2022,30582.970820932434,14729.0,Good,Phnom Penh,White,40/62,240-385,110,7.0,Dealer,GB-T/CCS2,24-11-2024,Synthetic (New Formula)
Hyundai,Hyundai Ioniq 6,2025,53059.983195427085,8760.0,Fair,Phnom Penh,Grey,53/77.4,429-614,151,8.1,Authorized Dealer,GB-T/CCS2,17-10-2024,Synthetic (New Formula)
Hyundai,Hyundai Ioniq 5,2023,44190.485655643715,34632.0,New,Phnom Penh,Silver,58/72.6,354-488,125,7.4,Private,GB-T/CCS2,12/11/2024,Synthetic (New Formula)
BYD,BYD Dolphin,2024,23857.64556801407,991.0,New,Phnom Penh,Silver,44.9/60.5,310-420,70,7.5,Authorized Dealer,GB-T/CCS2,21-05-2022,Synthetic (New Formula)
BYD,BYD Tang,2024,66752.17348529126,12320.0,Excellent,Phnom Penh,Red,86.4/108.8,400-530,180,4.6,Authorized Dealer,GB-T/CCS2,15-10-2022,Synthetic (New Formula)
Hyundai,Hyundai Ioniq 5,2024,41618.7944006503,12195.0,Like New,Siem Reap,White,58/72.6,354-488,125,7.4,Authorized Dealer,GB-T/CCS2,12/9/2021,Synthetic (New Formula)
VinFast,VinFast VF 6,2024,25402.449536347467,5525.0,Like New,Sihanoukville,Silver,59.6,399,110,,Dealer,GB-T/CCS2,20-06-2023,Synthetic (New Formula)
Nissan,Nissan Leaf,2024,31109.471379006674,48256.0,New,Kampong Cham,Green,40/62,240-385,110,7.0,Authorized Dealer,GB-T/CCS2,13-11-2021,Synthetic (New Formula)
Avatr,Avatr 11,2025,66596.83599394256,19362.0,Good,Phnom Penh,Red,90/116,555-700,230,3.9,Dealer,GB-T/CCS2,1/1/2025,Synthetic (New Formula)
BYD,BYD Atto 3,2021,33561.915671219074,39732.0,New,Phnom Penh,Black,50/60.5,340-420,150,7.3,Private,GB-T/CCS2,12/7/2023,Synthetic (New Formula)
Nissan,Nissan Leaf,2025,29874.48370123605,25885.0,New,Phnom Penh,Grey,40/62,240-385,110,7.0,Authorized Dealer,GB-T/CCS2,12/2/2024,Synthetic (New Formula)
BYD,BYD Sealion 6,2025,42910.397979392015,868.0,New,Battambang,Blue,18.3,80-100 PHEV,145,8.5,Dealer,GB-T/CCS2,24-01-2025,Synthetic (New Formula)
Tesla,Tesla Model 3,2023,46975.55836575199,14882.0,Like New,Siem Reap,Green,60/82,430-576,208,6.1,Dealer,GB-T/CCS2,21-02-2021,Synthetic (New Formula)
Leapmotor,Leapmotor T03,2021,13108.16314991582,960.0,New,Siem Reap,Grey,41.3,403,80,,Authorized Dealer,GB-T/CCS2,1/8/2022,Synthetic (New Formula)
XPeng,XPeng G6,2022,48851.03592632873,14170.0,New,Phnom Penh,Grey,66/87.5,435-570,190,6.2,Authorized Dealer,GB-T/CCS2,27-01-2025,Synthetic (New Formula)
MG,MG 5,2023,22510.241793772926,26676.0,New,Kep,Red,61.1,403,130,7.7,Dealer,GB-T/CCS2,23-09-2020,Synthetic (New Formula)
Deepal,Deepal L07,2022,49464.79271477812,12698.0,Excellent,Kratie,Black,31.6,200 PHEV,160,7.3,Authorized Dealer,GB-T/CCS2,5/5/2025,Synthetic (New Formula)
Kia,Kia EV6,2024,52370.26568913176,6839.0,Fair,Phnom Penh,Black,77.4,484,168,7.1,Authorized Dealer,GB-T/CCS2,3/4/2024,Synthetic (New Formula)
AITO,AITO M5,2025,48564.89750819664,26680.0,New,Phnom Penh,Grey,40,200 PHEV,200,4.8,Dealer,GB-T/CCS2,6/4/2024,Synthetic (New Formula)
Tesla,Tesla Model 3,2024,47517.609710281395,11984.0,Good,Kep,Black,60/82,430-576,208,6.1,Authorized Dealer,GB-T/CCS2,23-07-2024,Synthetic (New Formula)
Deepal,Deepal S07,2021,62291.9027919712,56601.0,New,Phnom Penh,White,31.6/80,200 PHEV,190,6.7,Dealer,GB-T/CCS2,24-09-2024,Synthetic (New Formula)
Zeekr,Zeekr 001,2022,72249.57178698893,10197.0,Excellent,Phnom Penh,White,86/100,560-620,200,3.3,Private,GB-T/CCS2,19-01-2024,Synthetic (New Formula)
AITO,AITO M5,2022,45964.40960758051,13392.0,New,Phnom Penh,Red,40,200 PHEV,200,4.8,Authorized Dealer,GB-T/CCS2,2/9/2022,Synthetic (New Formula)
MG,MG ZS EV,2023,31345.178786481825,26900.0,New,Siem Reap,White,50.3/72.6,320-440,115,8.6,Authorized Dealer,GB-T/CCS2,14-09-2023,Synthetic (New Formula)
BYD,BYD Dolphin,2025,26229.269358310947,44187.0,Fair,Kratie,Blue,44.9/60.5,310-420,70,7.5,Dealer,GB-T/CCS2,17-04-2024,Synthetic (New Formula)
BYD,BYD Tang,2025,59558.973339230404,0.0,Like New,Preah Vihear,Black,86.4/108.8,400-530,180,4.6,Private,GB-T/CCS2,21-05-2023,Synthetic (New Formula)
BYD,BYD Seal,2024,39455.05302225107,43989.0,New,Siem Reap,Grey,61.4/82.5,400-550,150,3.8,Authorized Dealer,GB-T/CCS2,17-05-2025,Synthetic (New Formula)
Mercedes,Mercedes EQB,2022,63634.983294815014,2142.0,Like New,Phnom Penh,White,66.5,419,168,8.0,Authorized Dealer,GB-T/CCS2,11/12/2021,Synthetic (New Formula)
VinFast,VinFast VF 8,2023,49191.221863458784,72513.0,Like New,Siem Reap,White,82/87.5,420-500,150,5.5,Private,GB-T/CCS2,21-07-2022,Synthetic (New Formula)
Zeekr,Zeekr X,2022,57716.8074214717,21489.0,New,Phnom Penh,Red,66,440,200,5.6,Authorized Dealer,GB-T/CCS2,11/12/2023,Synthetic (New Formula)
BMW,BMW iX1,2025,55006.54206137172,18202.0,New,Siem Reap,Grey,64.7,417,150,8.6,Dealer,GB-T/CCS2,19-10-2024,Synthetic (New Formula)
Denza,Denza D9,2025,77730.84757713455,8728.0,Like New,Battambang,Silver,103,600,230,6.9,Authorized Dealer,GB-T/CCS2,18-04-2022,Synthetic (New Formula)
Tesla,Tesla Model 3,2024,43716.337891520874,0.0,Like New,Sihanoukville,White,60/82,430-576,208,6.1,Dealer,GB-T/CCS2,18-07-2022,Synthetic (New Formula)
Zeekr,Zeekr 001,2020,86648.17507847675,37350.0,New,Kampong Cham,Blue,86/100,560-620,200,3.3,Private,GB-T/CCS2,5/5/2023,Synthetic (New Formula)
VinFast,VinFast VF 8,2023,43924.43588875502,12950.0,Like New,Phnom Penh,Grey,82/87.5,420-500,150,5.5,Private,GB-T/CCS2,11/2/2023,Synthetic (New Formula)
Zeekr,Zeekr X,2025,59481.39536940132,59472.0,Excellent,Phnom Penh,Black,66,440,200,5.6,Authorized Dealer,GB-T/CCS2,16-11-2024,Synthetic (New Formula)
MG,MG ZS EV,2024,29371.538049484003,17385.0,New,Phnom Penh,Silver,50.3/72.6,320-440,115,8.6,Dealer,GB-T/CCS2,10/4/2022,Synthetic (New Formula)
Deepal,Deepal S07,2025,50490.34194838108,8190.0,New,Kampot,White,31.6/80,200 PHEV,190,6.7,Dealer,GB-T/CCS2,4/12/2024,Synthetic (New Formula)
BYD,BYD Han,2025,57098.12032560045,8640.0,Fair,Phnom Penh,Black,76.9/85.4,500-610,180,3.9,Private,GB-T/CCS2,18-09-2024,Synthetic (New Formula)
Kia,Kia EV5,2025,35464.7573077612,10153.0,New,Phnom Penh,Silver,64.2/88,400-600,160,7.5,Dealer,GB-T/CCS2,28-06-2023,Synthetic (New Formula)
Zeekr,Zeekr 007,2023,67028.09819802977,12446.0,New,Preah Vihear,Grey,75/100,530-688,310,3.5,Authorized Dealer,GB-T/CCS2,16-09-2024,Synthetic (New Formula)
AITO,AITO M5,2023,45156.22897975639,1128.0,New,Sihanoukville,Black,40,200 PHEV,200,4.8,Authorized Dealer,GB-T/CCS2,24-08-2023,Synthetic (New Formula)
AION,AION Y Plus,2024,34820.34848780539,20856.0,Good,Phnom Penh,Blue,51.9/63.9,410-510,150,7.8,Authorized Dealer,GB-T/CCS2,24-04-2024,Synthetic (New Formula)
Tesla,Tesla Model 3,2021,56086.181090430844,72513.0,Like New,Phnom Penh,Black,60/82,430-576,208,6.1,Dealer,GB-T/CCS2,5/5/2021,Synthetic (New Formula)
Deepal,Deepal L07,2025,48142.605719988,44820.0,New,Siem Reap,Blue,31.6,200 PHEV,160,7.3,Dealer,GB-T/CCS2,25-09-2024,Synthetic (New Formula)
Mercedes,Mercedes EQB,2022,66829.7580703436,1167.0,Like New,Phnom Penh,Black,66.5,419,168,8.0,Private,GB-T/CCS2,28-02-2025,Synthetic (New Formula)
MG,MG 5,2023,22109.287805409545,3912.0,Excellent,Siem Reap,Silver,61.1,403,130,7.7,Dealer,GB-T/CCS2,22-10-2024,Synthetic (New Formula)
Hyundai,Hyundai Ioniq 6,2022,56570.01581753672,11964.0,New,Phnom Penh,Blue,53/77.4,429-614,151,8.1,Dealer,GB-T/CCS2,15-01-2024,Synthetic (New Formula)
VinFast,VinFast VF 8,2024,45985.64757064337,33252.0,Good,Preah Vihear,Blue,82/87.5,420-500,150,5.5,Private,GB-T/CCS2,9/4/2022,Synthetic (New Formula)
BYD,BYD Seal 5,2023,21767.524584267263,8073.0,Good,Sihanoukville,Silver,15.8,80 PHEV,110,7.9,Authorized Dealer,GB-T/CCS2,2/1/2025,Synthetic (New Formula)
BYD,BYD Han,2020,66046.54423303713,11956.0,Good,Kampong Cham,White,76.9/85.4,500-610,180,3.9,Authorized Dealer,GB-T/CCS2,19-05-2022,Synthetic (New Formula)
BYD,BYD Seal,2025,37948.77920901349,29896.0,Excellent,Siem Reap,Black,61.4/82.5,400-550,150,3.8,Dealer,GB-T/CCS2,18-09-2022,Synthetic (New Formula)
VinFast,VinFast VF 6,2025,25235.309448508702,8030.0,Fair,Siem Reap,Silver,59.6,399,110,,Private,GB-T/CCS2,6/5/2025,Synthetic (New Formula)
AION,AION V,2022,41312.42114628035,10630.0,New,Phnom Penh,Black,68.8/80,480-610,165,7.1,Private,GB-T/CCS2,15-02-2025,Synthetic (New Formula)
VinFast,VinFast VF 8,2025,47291.04025051989,38480.0,New,Preah Vihear,Blue,82/87.5,420-500,150,5.5,Private,GB-T/CCS2,9/4/2022,Synthetic (New Formula)
Deepal,Deepal L07,2025,50422.28635468461,43734.0,Like New,Kampot,Green,31.6,200 PHEV,160,7.3,Private,GB-T/CCS2,3/3/2024,Synthetic (New Formula)
Tesla,Tesla Model Y,2023,59672.65445983376,4390.0,Like New,Battambang,Silver,60/75/82,430-600,220,6.9,Dealer,GB-T/CCS2,15-04-2023,Synthetic (New Formula)
VinFast,VinFast VF 6,2025,25616.52500397606,20540.0,New,Sihanoukville,Silver,59.6,399,110,,Dealer,GB-T/CCS2,4/12/2022,Synthetic (New Formula)
BYD,BYD Atto 3,2025,29336.46159116279,10197.0,Excellent,Phnom Penh,White,50/60.5,340-420,150,7.3,Private,GB-T/CCS2,17-09-2022,Synthetic (New Formula)
Tesla,Tesla Model 3,2021,52092.27651458279,39303.0,Good,Kampot,Grey,60/82,430-576,208,6.1,Authorized Dealer,GB-T/CCS2,27-04-2024,Synthetic (New Formula)
BYD,BYD Seagull,2024,21025.151875687632,33490.0,Good,Battambang,Orange,30/38.88,190-305,55,,Dealer,GB-T/CCS2,4/4/2025,Synthetic (New Formula)
BYD,BYD Han,2024,71986.88554526461,55154.0,Excellent,Phnom Penh,White,76.9/85.4,500-610,180,3.9,Dealer,GB-T/CCS2,18-05-2025,Synthetic (New Formula)
Leapmotor,Leapmotor T03,2025,12895.250969167948,22088.0,Good,Siem Reap,Grey,41.3,403,80,,Authorized Dealer,GB-T/CCS2,1/8/2022,Synthetic (New Formula)
Mercedes,Mercedes EQB,2023,69621.72787176755,29853.0,Excellent,Preah Vihear,Silver,66.5,419,168,8.0,Authorized Dealer,GB-T/CCS2,16-05-2022,Synthetic (New Formula)
Arcfox,Arcfox Koala S,2025,26557.575497308393,17594.0,New,Phnom Penh,Silver,42.8,301,120,8.5,Dealer,GB-T/CCS2,16-08-2025,Synthetic (New Formula)
BYD,BYD Sealion 7,2024,40633.456811025906,4230.0,New,Kampot,White,71.8/91.3,460-567,230,4.5,Private,GB-T/CCS2,15-02-2025,Synthetic (New Formula)
Toyota,Toyota bZ4X,2025,50574.14366941176,42441.0,Like New,Sihanoukville,White,71.4,500,150,7.1,Authorized Dealer,GB-T/CCS2,20-01-2024,Synthetic (New Formula)
BYD,BYD Sealion 6,2023,46610.59947000688,23722.0,Excellent,Phnom Penh,White,18.3,80-100 PHEV,145,8.5,Dealer,GB-T/CCS2,10/6/2023,Synthetic (New Formula)
Zeekr,Zeekr 001,2023,74519.14991860851,15485.0,New,Sihanoukville,Blue,86/100,560-620,200,3.3,Private,GB-T/CCS2,11/8/2023,Synthetic (New Formula)
Kia,Kia EV5,2024,36819.04778058184,39303.0,New,Phnom Penh,Blue,64.2/88,400-600,160,7.5,Authorized Dealer,GB-T/CCS2,11/2/2024,Synthetic (New Formula)
BYD,BYD Tang,2023,68092.8089590623,43513.0,Good,Sihanoukville,White,86.4/108.8,400-530,180,4.6,Dealer,GB-T/CCS2,11/6/2020,Synthetic (New Formula)
Kia,Kia EV6,2025,48561.74945576611,34340.0,Fair,Phnom Penh,Silver,77.4,484,168,7.1,Authorized Dealer,GB-T/CCS2,19-08-2025,Synthetic (New Formula)
AION,AION Y Plus,2024,39289.83320189869,59940.0,New,Phnom Penh,Blue,51.9/63.9,410-510,150,7.8,Private,GB-T/CCS2,9/7/2024,Synthetic (New Formula)
VinFast,VinFast VF 8,2020,50333.83854756712,12320.0,Excellent,Kampong Cham,Blue,82/87.5,420-500,150,5.5,Dealer,GB-T/CCS2,12/5/2025,Synthetic (New Formula)
BYD,BYD Sealion 7,2021,42699.094752978664,895.0,Fair,Phnom Penh,Blue,71.8/91.3,460-567,230,4.5,Authorized Dealer,GB-T/CCS2,11/8/2025,Synthetic (New Formula)
Toyota,Toyota bZ4X,2022,46149.822387009,16524.0,Like New,Phnom Penh,White,71.4,500,150,7.1,Authorized Dealer,GB-T/CCS2,22-10-2024,Synthetic (New Formula)
Nissan,Nissan Leaf,2022,30160.18562804334,3444.0,New,Phnom Penh,White,40/62,240-385,110,7.0,Dealer,GB-T/CCS2,24-11-2024,Synthetic (New Formula)
Mercedes,Mercedes EQB,2024,70798.68192962014,56601.0,Fair,Phnom Penh,Grey,66.5,419,168,8.0,Private,GB-T/CCS2,23-09-2021,Synthetic (New Formula)
BYD,BYD Han,2023,61932.98914486948,4060.0,Like New,Phnom Penh,Black,76.9/85.4,500-610,180,3.9,Private,GB-T/CCS2,2/2/2022,Synthetic (New Formula)
Zeekr,Zeekr 001,2024,74040.40611340576,17190.0,Like New,Phnom Penh,White,86/100,560-620,200,3.3,Private,GB-T/CCS2,7/6/2022,Synthetic (New Formula)
MG,MG ZS EV,2022,29828.421721609506,19343.0,Like New,Phnom Penh,White,50.3/72.6,320-440,115,8.6,Authorized Dealer,GB-T/CCS2,10/8/2021,Synthetic (New Formula)
Tesla,Tesla Model 3,2023,50115.712948740205,34304.0,New,Phnom Penh,White,60/82,430-576,208,6.1,Private,GB-T/CCS2,1/2/2023,Synthetic (New Formula)
Kia,Kia EV6,2024,50255.42136885794,8400.0,New,Sihanoukville,Green,77.4,484,168,7.1,Authorized Dealer,GB-T/CCS2,3/1/2024,Synthetic (New Formula)
Nissan,Nissan Leaf,2022,29747.61468192863,7924.0,New,Phnom Penh,Grey,40/62,240-385,110,7.0,Authorized Dealer,GB-T/CCS2,12/2/2024,Synthetic (New Formula)
Denza,Denza D9,2023,86699.38722213348,35800.0,Excellent,Phnom Penh,Cosmos Black,103,600,230,6.9,Authorized Dealer,GB-T/CCS2,10/4/2023,Synthetic (New Formula)
Zeekr,Zeekr X,2024,55185.751437183055,21275.0,Like New,Phnom Penh,Black,66,440,200,5.6,Authorized Dealer,GB-T/CCS2,16-11-2024,Synthetic (New Formula)
Toyota,Toyota bZ4X,2025,47755.44926312414,51168.0,New,Phnom Penh,Pearl White,71.4,500,150,7.1,Private,GB-T/CCS2,28-04-2024,Synthetic (New Formula)
Nissan,Nissan Leaf,2022,30085.169215044574,5190.0,New,Phnom Penh,Grey,40/62,240-385,110,7.0,Authorized Dealer,GB-T/CCS2,12/2/2024,Synthetic (New Formula)
BMW,BMW iX1,2021,55998.32629911382,0.0,Excellent,Sihanoukville,Grey,64.7,417,150,8.6,Private,GB-T/CCS2,27-02-2025,Synthetic (New Formula)
VinFast,VinFast VF 9,2023,67384.06266971682,14040.0,New,Phnom Penh,Orange,123,438,300,6.5,Authorized Dealer,GB-T/CCS2,24-08-2023,Synthetic (New Formula)
Toyota,Toyota bZ4X,2024,45441.026908523454,0.0,Like New,Phnom Penh,Blue,71.4,500,150,7.1,Private,GB-T/CCS2,18-09-2025,Synthetic (New Formula)
Tesla,Tesla Model 3,2024,48818.745767008,30008.0,Like New,Battambang,Grey,60/82,430-576,208,6.1,Dealer,GB-T/CCS2,20-08-2025,Synthetic (New Formula)
BYD,BYD Han,2021,62627.5750916198,2238.0,New,Battambang,Silver,76.9/85.4,500-610,180,3.9,Dealer,GB-T/CCS2,1/3/2021,Synthetic (New Formula)
Deepal,Deepal S07,2020,60449.21352246915,36618.0,Like New,Phnom Penh,White,31.6/80,200 PHEV,190,6.7,Dealer,GB-T/CCS2,24-09-2024,Synthetic (New Formula)
Arcfox,Arcfox Koala S,2024,29329.513628093555,29636.0,Like New,Phnom Penh,Black,42.8,301,120,8.5,Authorized Dealer,GB-T/CCS2,26-05-2025,Synthetic (New Formula)
Leapmotor,Leapmotor T03,2021,13991.34872005731,4670.0,New,Phnom Penh,Black,41.3,403,80,,Authorized Dealer,GB-T/CCS2,11/10/2024,Synthetic (New Formula)
BYD,BYD Seal,2024,35930.96213829059,0.0,Excellent,Sihanoukville,Grey,61.4/82.5,400-550,150,3.8,Private,GB-T/CCS2,18-02-2025,Synthetic (New Formula)
Kia,Kia EV9,2024,80834.35194728353,16282.0,Good,Phnom Penh,Grey,99.8,541,283,5.3,Authorized Dealer,GB-T/CCS2,12/1/2025,Synthetic (New Formula)
Tesla,Tesla Model Y,2025,57088.93922825818,5346.0,Good,Phnom Penh,Cosmos Black,60/75/82,430-600,220,6.9,Authorized Dealer,GB-T/CCS2,2/1/2023,Synthetic (New Formula)
Avatr,Avatr 11,2025,64806.525633054815,9735.0,New,Sihanoukville,Green,90/116,555-700,230,3.9,Dealer,GB-T/CCS2,4/11/2022,Synthetic (New Formula)
AITO,AITO M7,2024,56227.959800859826,11984.0,New,Phnom Penh,White,40,200 PHEV,330,4.8,Private,GB-T/CCS2,7/1/2024,Synthetic (New Formula)
AITO,AITO M7,2022,66856.88650555564,45520.0,Fair,Siem Reap,Grey,40,200 PHEV,330,4.8,Private,GB-T/CCS2,10/10/2023,Synthetic (New Formula)
Leapmotor,Leapmotor T03,2024,13701.129788073193,29896.0,New,Phnom Penh,Cosmos Black,41.3,403,80,,Private,GB-T/CCS2,5/2/2023,Synthetic (New Formula)
BMW,BMW iX1,2025,58483.57623463663,20286.0,Good,Phnom Penh,Black,64.7,417,150,8.6,Authorized Dealer,GB-T/CCS2,23-08-2022,Synthetic (New Formula)
Toyota,Toyota bZ4X,2023,45395.86872585872,11648.0,Good,Phnom Penh,Blue,71.4,500,150,7.1,Private,GB-T/CCS2,18-09-2025,Synthetic (New Formula)
Xiaomi,Xiaomi SU7,2025,75778.71483997285,24525.0,Like New,Phnom Penh,Black,73.6/94.3,495-830,220,5.3,Authorized Dealer,GB-T/CCS2,13-08-2025,Synthetic (New Formula)
Leapmotor,Leapmotor T03,2022,13925.83687378947,17385.0,Good,Siem Reap,Grey,41.3,403,80,,Authorized Dealer,GB-T/CCS2,1/8/2022,Synthetic (New Formula)
Avatr,Avatr 11,2022,67852.83562500073,0.0,Like New,Phnom Penh,Red,90/116,555-700,230,3.9,Private,GB-T/CCS2,3/8/2023,Synthetic (New Formula)
Hyundai,Hyundai Ioniq 5,2021,41884.954594819705,0.0,Good,Siem Reap,White,58/72.6,354-488,125,7.4,Authorized Dealer,GB-T/CCS2,12/9/2021,Synthetic (New Formula)
Kia,Kia EV9,2025,79298.3329039454,25048.0,Good,Phnom Penh,White,99.8,541,283,5.3,Authorized Dealer,GB-T/CCS2,22-08-2025,Synthetic (New Formula)
BYD,BYD Han,2024,55793.462958474214,4836.0,New,Phnom Penh,Grey,76.9/85.4,500-610,180,3.9,Authorized Dealer,GB-T/CCS2,10/9/2023,Synthetic (New Formula)
XPeng,XPeng G6,2024,47251.672395670415,35280.0,New,Siem Reap,Silver,66/87.5,435-570,190,6.2,Private,GB-T/CCS2,11/10/2024,Synthetic (New Formula)
Mercedes,Mercedes EQB,2023,68003.06138625542,9735.0,New,Kampot,White,66.5,419,168,8.0,Dealer,GB-T/CCS2,28-08-2025,Synthetic (New Formula)
BYD,BYD Han,2023,67238.12461497307,31590.0,Excellent,Phnom Penh,White,76.9/85.4,500-610,180,3.9,Dealer,GB-T/CCS2,18-05-2025,Synthetic (New Formula)
BYD,BYD Seagull,2024,18705.29069211583,9536.0,Good,Battambang,Orange,30/38.88,190-305,55,,Dealer,GB-T/CCS2,4/4/2025,Synthetic (New Formula)
Kia,Kia EV5,2021,40286.003709411954,34632.0,Like New,Phnom Penh,Silver,64.2/88,400-600,160,7.5,Authorized Dealer,GB-T/CCS2,13-08-2024,Synthetic (New Formula)
AITO,AITO M5,2023,46497.37784229112,11718.0,Excellent,Phnom Penh,Red,40,200 PHEV,200,4.8,Authorized Dealer,GB-T/CCS2,13-01-2024,Synthetic (New Formula)
Nissan,Nissan Leaf,2025,30788.887835145866,27300.0,Like New,Kratie,Silver,40/62,240-385,110,7.0,Dealer,GB-T/CCS2,6/5/2020,Synthetic (New Formula)
AITO,AITO M7,2023,56707.84130056957,0.0,Good,Kampong Cham,Grey,40,200 PHEV,330,4.8,Dealer,GB-T/CCS2,20-08-2022,Synthetic (New Formula)
Tesla,Tesla Model 3,2025,43733.069662389644,0.0,New,Kep,Black,60/82,430-576,208,6.1,Authorized Dealer,GB-T/CCS2,23-07-2024,Synthetic (New Formula)
VinFast,VinFast VF 8,2023,47940.41710505875,30008.0,New,Siem Reap,White,82/87.5,420-500,150,5.5,Private,GB-T/CCS2,21-07-2022,Synthetic (New Formula)
Mercedes,Mercedes EQB,2024,61256.464426514605,868.0,Excellent,Phnom Penh,Orange,66.5,419,168,8.0,Dealer,GB-T/CCS2,25-01-2024,Synthetic (New Formula)
MG,MG 5,2022,23124.84365423814,1112.0,Good,Preah Vihear,Grey,61.1,403,130,7.7,Authorized Dealer,GB-T/CCS2,25-09-2022,Synthetic (New Formula)
AITO,AITO M7,2022,56320.9405663294,1185.0,Like New,Phnom Penh,Black,40,200 PHEV,330,4.8,Dealer,GB-T/CCS2,19-11-2022,Synthetic (New Formula)
Denza,Denza D9,2023,87728.61200758982,30711.0,New,Preah Vihear,Red,103,600,230,6.9,Dealer,GB-T/CCS2,10/1/2024,Synthetic (New Formula)
Nissan,Nissan Leaf,2023,27271.831227289673,0.0,New,Koh Kong,White,40/62,240-385,110,7.0,Authorized Dealer,GB-T/CCS2,25-01-2025,Synthetic (New Formula)
Denza,Denza D9,2023,79093.76105461996,1766.0,New,Battambang,Silver,103,600,230,6.9,Authorized Dealer,GB-T/CCS2,16-07-2023,Synthetic (New Formula)
AITO,AITO M5,2024,45298.810174483915,0.0,Like New,Sihanoukville,Black,40,200 PHEV,200,4.8,Authorized Dealer,GB-T/CCS2,24-08-2023,Synthetic (New Formula)
BYD,BYD Tang,2023,66603.08824838013,25164.0,New,Sihanoukville,White,86.4/108.8,400-530,180,4.6,Dealer,GB-T/CCS2,11/6/2020,Synthetic (New Formula)
Mercedes,Mercedes EQB,2024,66710.77301687436,28560.0,New,Phnom Penh,White,66.5,419,168,8.0,Authorized Dealer,GB-T/CCS2,11/12/2021,Synthetic (New Formula)
Kia,Kia EV5,2023,35248.33414686647,4240.0,Fair,Kampot,White,64.2/88,400-600,160,7.5,Private,GB-T/CCS2,25-01-2025,Synthetic (New Formula)
Tesla,Tesla Model 3,2023,53897.15599910376,64206.0,New,Kampong Cham,White,60/82,430-576,208,6.1,Private,GB-T/CCS2,5/8/2021,Synthetic (New Formula)
Tesla,Tesla Model Y,2025,60761.42953293473,29400.0,New,Siem Reap,White,60/75/82,430-600,220,6.9,Private,GB-T/CCS2,9/7/2023,Synthetic (New Formula)
BYD,BYD Tang,2024,63175.443591405805,866.0,New,Phnom Penh,Black,86.4/108.8,400-530,180,4.6,Dealer,GB-T/CCS2,28-03-2020,Synthetic (New Formula)
BYD,BYD M9,2022,59916.66239813001,11495.0,Excellent,Phnom Penh,Blue,52,180 PHEV,180,,Authorized Dealer,GB-T/CCS2,11/4/2025,Synthetic (New Formula)
MG,MG 4 EV,2025,25744.621585463763,32032.0,Good,Phnom Penh,Grey,51/64/77,350-520,125,7.7,Dealer,GB-T/CCS2,28-08-2022,Synthetic (New Formula)
AITO,AITO M5,2023,46655.05497621301,11304.0,Fair,Kampong Cham,Black,40,200 PHEV,200,4.8,Private,GB-T/CCS2,10/3/2022,Synthetic (New Formula)
Leapmotor,Leapmotor T03,2024,12960.087143848912,16928.0,Fair,Phnom Penh,Red,41.3,403,80,,Dealer,GB-T/CCS2,5/8/2025,Synthetic (New Formula)
Zeekr,Zeekr 007,2022,68427.53516916216,24574.0,Good,Phnom Penh,Red,75/100,530-688,310,3.5,Private,GB-T/CCS2,3/2/2025,Synthetic (New Formula)
Tesla,Tesla Model 3,2022,50160.14806102312,20016.0,New,Kep,Black,60/82,430-576,208,6.1,Authorized Dealer,GB-T/CCS2,23-07-2024,Synthetic (New Formula)
AITO,AITO M5,2025,44405.60157035866,10065.0,Excellent,Kep,White,40,200 PHEV,200,4.8,Dealer,GB-T/CCS2,13-07-2024,Synthetic (New Formula)
Toyota,Toyota bZ4X,2022,51546.279971288786,47300.0,New,Phnom Penh,Pearl White,71.4,500,150,7.1,Private,GB-T/CCS2,28-04-2024,Synthetic (New Formula)
VinFast,VinFast VF 8,2024,42297.72644904834,7434.0,New,Kratie,White,82/87.5,420-500,150,5.5,Private,GB-T/CCS2,12/5/2023,Synthetic (New Formula)
VinFast,VinFast VF 8,2021,51547.301949776214,45360.0,Good,Kratie,White,82/87.5,420-500,150,5.5,Private,GB-T/CCS2,12/5/2023,Synthetic (New Formula)
Tesla,Tesla Model 3,2022,49987.6379409014,34304.0,Excellent,Phnom Penh,White,60/82,430-576,208,6.1,Dealer,GB-T/CCS2,18-11-2023,Synthetic (New Formula)
MG,MG 4 EV,2024,26405.833409234358,24075.0,New,Phnom Penh,Pearl White,51/64/77,350-520,125,7.7,Private,GB-T/CCS2,15-10-2023,Synthetic (New Formula)
Deepal,Deepal S07,2023,52179.47760936209,0.0,Excellent,Phnom Penh,Silver,31.6/80,200 PHEV,190,6.7,Private,GB-T/CCS2,20-06-2024,Synthetic (New Formula)
AITO,AITO M5,2024,50941.67604223959,35598.0,Like New,Battambang,Grey,40,200 PHEV,200,4.8,Authorized Dealer,GB-T/CCS2,10/7/2025,Synthetic (New Formula)
Leapmotor,Leapmotor T03,2025,12139.267435693682,944.0,Good,Sihanoukville,Blue,41.3,403,80,,Dealer,GB-T/CCS2,4/11/2022,Synthetic (New Formula)
Deepal,Deepal L07,2023,51582.0345269592,35178.0,Excellent,Siem Reap,Blue,31.6,200 PHEV,160,7.3,Dealer,GB-T/CCS2,25-09-2024,Synthetic (New Formula)
BYD,BYD Tang,2024,69007.05933969075,31426.0,Like New,Phnom Penh,Blue,86.4/108.8,400-530,180,4.6,Authorized Dealer,GB-T/CCS2,4/7/2022,Synthetic (New Formula)
AITO,AITO M7,2022,59327.04367323815,4060.0,New,Battambang,Grey,40,200 PHEV,330,4.8,Dealer,GB-T/CCS2,18-01-2025,Synthetic (New Formula)
Mercedes,Mercedes EQB,2022,68925.76078754618,24574.0,Excellent,Phnom Penh,Silver,66.5,419,168,8.0,Authorized Dealer,GB-T/CCS2,6/10/2024,Synthetic (New Formula)
BYD,BYD Sealion 7,2024,41552.71906074497,12342.0,New,Siem Reap,Green,71.8/91.3,460-567,230,4.5,Authorized Dealer,GB-T/CCS2,25-09-2024,Synthetic (New Formula)
Tesla,Tesla Model Y,2025,56822.65177350606,7344.0,New,Phnom Penh,White,60/75/82,430-600,220,6.9,Private,GB-T/CCS2,14-05-2022,Synthetic (New Formula)
BYD,BYD Han,2024,64921.341820604765,37398.0,Excellent,Phnom Penh,White,76.9/85.4,500-610,180,3.9,Dealer,GB-T/CCS2,12/5/2024,Synthetic (New Formula)
Denza,Denza D9,2022,86237.49143579192,9185.0,Excellent,Phnom Penh,Grey,103,600,230,6.9,Private,GB-T/CCS2,28-10-2022,Synthetic (New Formula)
Mercedes,Mercedes EQB,2025,69861.94402586039,48256.0,Good,Phnom Penh,Grey,66.5,419,168,8.0,Private,GB-T/CCS2,23-09-2021,Synthetic (New Formula)
Avatr,Avatr 07,2024,45051.852253192796,15820.0,New,Phnom Penh,Cosmos Black,62.2/100.5,420-621,190,4.9,Dealer,GB-T/CCS2,2/6/2024,Synthetic (New Formula)
BYD,BYD Sealion 6,2022,49176.89749257756,36642.0,New,Kratie,Silver,18.3,80-100 PHEV,145,8.5,Private,GB-T/CCS2,13-05-2025,Synthetic (New Formula)
BYD,BYD Tang,2024,69992.00894033335,26768.0,Excellent,Phnom Penh,Black,86.4/108.8,400-530,180,4.6,Private,GB-T/CCS2,17-09-2024,Synthetic (New Formula)
Tesla,Tesla Model Y,2023,59543.84309046217,7224.0,Like New,Phnom Penh,Green,60/75/82,430-600,220,6.9,Authorized Dealer,GB-T/CCS2,25-08-2025,Synthetic (New Formula)
Kia,Kia EV9,2022,77672.30015325728,4025.0,New,Phnom Penh,Black,99.8,541,283,5.3,Private,GB-T/CCS2,9/6/2023,Synthetic (New Formula)
Kia,Kia EV9,2025,77214.98878069066,895.0,Like New,Phnom Penh,White,99.8,541,283,5.3,Private,GB-T/CCS2,8/11/2024,Synthetic (New Formula)
VinFast,VinFast VF 6,2022,27154.793731252328,17594.0,Like New,Sihanoukville,Black,59.6,399,110,,Private,GB-T/CCS2,21-11-2024,Synthetic (New Formula)
MG,MG 5,2022,23078.83782012185,8728.0,New,Phnom Penh,Black,61.1,403,130,7.7,Dealer,GB-T/CCS2,5/9/2023,Synthetic (New Formula)
AION,AION ES,2023,30134.012320989466,4836.0,Fair,Phnom Penh,White,55.6,410,150,7.5,Dealer,GB-T/CCS2,16-02-2025,Synthetic (New Formula)
BYD,BYD Dolphin,2024,26314.038158912153,29853.0,New,Phnom Penh,Blue,44.9/60.5,310-420,70,7.5,Dealer,GB-T/CCS2,17-10-2024,Synthetic (New Formula)
Hyundai,Hyundai Ioniq 5,2021,47591.560350868174,26854.0,Like New,Phnom Penh,White,58/72.6,354-488,125,7.4,Private,GB-T/CCS2,23-04-2023,Synthetic (New Formula)
Nissan,Nissan Leaf,2020,31003.498413461573,24384.0,Good,Phnom Penh,Black,40/62,240-385,110,7.0,Private,GB-T/CCS2,11/2/2020,Synthetic (New Formula)
BYD,BYD Seal,2022,37530.889684437956,9016.0,Good,Phnom Penh,White,61.4/82.5,400-550,150,3.8,Dealer,GB-T/CCS2,28-11-2024,Synthetic (New Formula)
Toyota,Toyota bZ4X,2025,46664.08295689193,24075.0,New,Phnom Penh,Pearl White,71.4,500,150,7.1,Private,GB-T/CCS2,28-04-2024,Synthetic (New Formula)
Leapmotor,Leapmotor T03,2023,14220.94392999653,18972.0,New,Phnom Penh,Pearl White,41.3,403,80,,Dealer,GB-T/CCS2,1/5/2022,Synthetic (New Formula)
Avatr,Avatr 07,2025,45156.45512006561,4895.0,Like New,Phnom Penh,Silver,62.2/100.5,420-621,190,4.9,Authorized Dealer,GB-T/CCS2,13-02-2025,Synthetic (New Formula)
Avatr,Avatr 11,2025,62574.64382640612,21060.0,New,Phnom Penh,Red,90/116,555-700,230,3.9,Dealer,GB-T/CCS2,1/1/2025,Synthetic (New Formula)
Denza,Denza D9,2025,81201.83343226658,17493.0,Like New,Phnom Penh,Black,103,600,230,6.9,Authorized Dealer,GB-T/CCS2,6/7/2022,Synthetic (New Formula)
VinFast,VinFast VF 9,2022,74115.97076641873,4836.0,Excellent,Phnom Penh,White,123,438,300,6.5,Authorized Dealer,GB-T/CCS2,12/8/2022,Synthetic (New Formula)
AITO,AITO M7,2023,61622.109193445205,16282.0,Good,Siem Reap,Grey,40,200 PHEV,330,4.8,Private,GB-T/CCS2,10/10/2023,Synthetic (New Formula)
Kia,Kia EV6,2024,49785.74100825531,23550.0,Like New,Phnom Penh,White,77.4,484,168,7.1,Authorized Dealer,GB-T/CCS2,25-10-2024,Synthetic (New Formula)
Avatr,Avatr 07,2023,52742.43706112976,43989.0,Good,Phnom Penh,Grey,62.2/100.5,420-621,190,4.9,Dealer,GB-T/CCS2,26-05-2025,Synthetic (New Formula)
BMW,BMW iX1,2024,62054.09675918533,55944.0,Like New,Siem Reap,Grey,64.7,417,150,8.6,Dealer,GB-T/CCS2,19-10-2024,Synthetic (New Formula)
Mercedes,Mercedes EQB,2022,66194.33340851087,25048.0,New,Phnom Penh,Red,66.5,419,168,8.0,Dealer,GB-T/CCS2,16-08-2022,Synthetic (New Formula)
Nissan,Nissan Leaf,2024,28716.350042992606,14922.0,New,Kampot,Black,40/62,240-385,110,7.0,Authorized Dealer,GB-T/CCS2,4/8/2021,Synthetic (New Formula)
BMW,BMW iX1,2022,57869.576660556784,1060.0,New,Koh Kong,Silver,64.7,417,150,8.6,Dealer,GB-T/CCS2,22-06-2025,Synthetic (New Formula)
MG,MG 4 EV,2023,24065.322897152702,0.0,Good,Phnom Penh,White,51/64/77,350-520,125,7.7,Private,GB-T/CCS2,7/2/2025,Synthetic (New Formula)
Zeekr,Zeekr 001,2022,80820.91879649766,43440.0,Excellent,Phnom Penh,Green,86/100,560-620,200,3.3,Private,GB-T/CCS2,22-11-2023,Synthetic (New Formula)
Avatr,Avatr 12,2023,63334.414057671915,5035.0,Like New,Kampong Cham,White,94.5,650,230,3.9,Dealer,GB-T/CCS2,3/4/2025,Synthetic (New Formula)
BYD,BYD Seal 5,2023,22605.6430729624,22814.0,New,Phnom Penh,Grey,15.8,80 PHEV,110,7.9,Private,GB-T/CCS2,3/8/2024,Synthetic (New Formula)
Zeekr,Zeekr 007,2022,68272.49032985006,22088.0,Good,Phnom Penh,Black,75/100,530-688,310,3.5,Private,GB-T/CCS2,13-03-2024,Synthetic (New Formula)
VinFast,VinFast VF 9,2023,75405.02638759521,64206.0,New,Phnom Penh,Silver,123,438,300,6.5,Private,GB-T/CCS2,16-11-2023,Synthetic (New Formula)
Tesla,Tesla Model 3,2025,51496.711543379904,52100.0,Good,Kep,Black,60/82,430-576,208,6.1,Authorized Dealer,GB-T/CCS2,23-07-2024,Synthetic (New Formula)
Kia,Kia EV5,2020,39903.71267636855,33012.0,Like New,Phnom Penh,Blue,64.2/88,400-600,160,7.5,Authorized Dealer,GB-T/CCS2,11/2/2024,Synthetic (New Formula)
Avatr,Avatr 11,2022,72714.03484962451,5745.0,New,Sihanoukville,Green,90/116,555-700,230,3.9,Dealer,GB-T/CCS2,4/11/2022,Synthetic (New Formula)
VinFast,VinFast VF 9,2024,62459.95891535272,8272.0,Excellent,Phnom Penh,Orange,123,438,300,6.5,Authorized Dealer,GB-T/CCS2,24-08-2023,Synthetic (New Formula)
Mercedes,Mercedes EQB,2024,63036.2635874143,16439.0,Good,Kampot,Grey,66.5,419,168,8.0,Dealer,GB-T/CCS2,14-04-2024,Synthetic (New Formula)
Tesla,Tesla Model 3,2023,47311.16395942892,6902.0,New,Phnom Penh,White,60/82,430-576,208,6.1,Dealer,GB-T/CCS2,12/10/2024,Synthetic (New Formula)
BYD,BYD Sealion 5,2022,29506.923163906864,8030.0,Excellent,Siem Reap,Silver,60/72.8,410-520,150,7.5,Dealer,GB-T/CCS2,7/1/2025,Synthetic (New Formula)
MG,MG ZS EV,2023,31073.288404504885,31944.0,New,Phnom Penh,White,50.3/72.6,320-440,115,8.6,Private,GB-T/CCS2,21-01-2022,Synthetic (New Formula)
VinFast,VinFast VF 8,2023,43443.35614978401,0.0,Excellent,Phnom Penh,Grey,82/87.5,420-500,150,5.5,Private,GB-T/CCS2,11/2/2023,Synthetic (New Formula)
Deepal,Deepal L07,2025,45281.76699358319,7504.0,Like New,Kratie,Black,31.6,200 PHEV,160,7.3,Authorized Dealer,GB-T/CCS2,5/5/2025,Synthetic (New Formula)
BYD,BYD Tang,2024,63032.07431310086,20286.0,Good,Kep,White,86.4/108.8,400-530,180,4.6,Dealer,GB-T/CCS2,6/1/2022,Synthetic (New Formula)
Leapmotor,Leapmotor T03,2025,12603.150803424447,16282.0,Excellent,Phnom Penh,Pearl White,41.3,403,80,,Dealer,GB-T/CCS2,1/5/2022,Synthetic (New Formula)
Deepal,Deepal S07,2023,56381.98150797984,48256.0,Excellent,Phnom Penh,White,31.6/80,200 PHEV,190,6.7,Dealer,GB-T/CCS2,24-09-2024,Synthetic (New Formula)
AITO,AITO M5,2022,50782.02457918987,50820.0,Fair,Kampot,White,40,200 PHEV,200,4.8,Authorized Dealer,GB-T/CCS2,17-05-2023,Synthetic (New Formula)
BYD,BYD Dolphin,2022,30478.560850587666,63056.0,Like New,Koh Kong,Black,44.9/60.5,310-420,70,7.5,Dealer,GB-T/CCS2,8/11/2022,Synthetic (New Formula)
Avatr,Avatr 11,2024,64462.716559848515,824.0,New,Kep,Grey,90/116,555-700,230,3.9,Private,GB-T/CCS2,9/10/2024,Synthetic (New Formula)
BYD,BYD Tang,2021,68300.68995811096,10030.0,Like New,Kep,White,86.4/108.8,400-530,180,4.6,Dealer,GB-T/CCS2,9/8/2023,Synthetic (New Formula)
Leapmotor,Leapmotor T03,2023,12551.09310319479,6060.0,New,Phnom Penh,Pearl White,41.3,403,80,,Dealer,GB-T/CCS2,1/5/2022,Synthetic (New Formula)
Hyundai,Hyundai Ioniq 5,2023,43107.30114806039,0.0,Excellent,Phnom Penh,White,58/72.6,354-488,125,7.4,Private,GB-T/CCS2,23-04-2023,Synthetic (New Formula)
BYD,BYD Han,2024,58055.991399139464,8640.0,Good,Phnom Penh,Black,76.9/85.4,500-610,180,3.9,Private,GB-T/CCS2,2/2/2022,Synthetic (New Formula)
Tesla,Tesla Model 3,2023,51768.78720341213,32973.0,Good,Battambang,Grey,60/82,430-576,208,6.1,Dealer,GB-T/CCS2,20-08-2025,Synthetic (New Formula)
Deepal,Deepal S07,2024,55838.06538766603,32973.0,Like New,Phnom Penh,Silver,31.6/80,200 PHEV,190,6.7,Private,GB-T/CCS2,20-06-2024,Synthetic (New Formula)
Tesla,Tesla Model 3,2024,46979.63235295349,3376.0,Like New,Sihanoukville,Green,60/82,430-576,208,6.1,Dealer,GB-T/CCS2,25-09-2020,Synthetic (New Formula)
Nissan,Nissan Leaf,2025,28331.628192245364,22770.0,Like New,Siem Reap,Grey,40/62,240-385,110,7.0,Authorized Dealer,GB-T/CCS2,12/5/2024,Synthetic (New Formula)
AION,AION Y Plus,2022,36852.54873065182,24248.0,New,Phnom Penh,Silver,51.9/63.9,410-510,150,7.8,Authorized Dealer,GB-T/CCS2,2/1/2025,Synthetic (New Formula)
AION,AION Y Plus,2024,32349.801141365388,4390.0,New,Phnom Penh,Black,51.9/63.9,410-510,150,7.8,Dealer,GB-T/CCS2,17-10-2024,Synthetic (New Formula)
BYD,BYD Seal 5,2025,21695.81331473666,22814.0,Excellent,Preah Vihear,White,15.8,80 PHEV,110,7.9,Authorized Dealer,GB-T/CCS2,1/5/2024,Synthetic (New Formula)
MG,MG 5,2024,21795.836362559647,10710.0,New,Phnom Penh,Black,61.1,403,130,7.7,Private,GB-T/CCS2,18-06-2020,Synthetic (New Formula)
Xiaomi,Xiaomi SU7,2025,73128.96811318285,7928.0,Excellent,Phnom Penh,Silver,73.6/94.3,495-830,220,5.3,Authorized Dealer,GB-T/CCS2,3/1/2025,Synthetic (New Formula)
BYD,BYD Atto 3,2021,35698.57986744524,72513.0,Like New,Phnom Penh,Orange,50/60.5,340-420,150,7.3,Private,GB-T/CCS2,21-04-2025,Synthetic (New Formula)
Hyundai,Hyundai Ioniq 6,2022,52668.46863155025,7288.0,New,Phnom Penh,Red,53/77.4,429-614,151,8.1,Dealer,GB-T/CCS2,23-02-2023,Synthetic (New Formula)
Tesla,Tesla Model 3,2025,45960.54668684104,44935.0,New,Siem Reap,Silver,60/82,430-576,208,6.1,Authorized Dealer,GB-T/CCS2,23-03-2020,Synthetic (New Formula)
MG,MG 4 EV,2024,24569.564702858865,9666.0,Excellent,Siem Reap,Silver,51/64/77,350-520,125,7.7,Authorized Dealer,GB-T/CCS2,3/5/2022,Synthetic (New Formula)
Arcfox,Arcfox Koala S,2022,29614.728558807914,22960.0,Fair,Phnom Penh,White,42.8,301,120,8.5,Authorized Dealer,GB-T/CCS2,24-07-2024,Synthetic (New Formula)
Toyota,Toyota bZ4X,2025,43902.73330719398,23736.0,New,Sihanoukville,Black,71.4,500,150,7.1,Authorized Dealer,GB-T/CCS2,11/3/2022,Synthetic (New Formula)
BYD,BYD Tang,2024,63157.69148813634,25146.0,Like New,Phnom Penh,Silver,86.4/108.8,400-530,180,4.6,Private,GB-T/CCS2,12/1/2024,Synthetic (New Formula)
Hyundai,Hyundai Ioniq 5,2021,51541.19343248096,39100.0,Like New,Phnom Penh,Black,58/72.6,354-488,125,7.4,Dealer,GB-T/CCS2,24-07-2023,Synthetic (New Formula)
VinFast,VinFast VF 8,2024,41540.68085829198,0.0,New,Preah Vihear,Green,82/87.5,420-500,150,5.5,Authorized Dealer,GB-T/CCS2,27-01-2024,Synthetic (New Formula)
Zeekr,Zeekr X,2024,52977.83281526296,944.0,Like New,Phnom Penh,Red,66,440,200,5.6,Authorized Dealer,GB-T/CCS2,11/12/2023,Synthetic (New Formula)
Arcfox,Arcfox Koala S,2022,30617.08793259092,35178.0,New,Phnom Penh,Black,42.8,301,120,8.5,Authorized Dealer,GB-T/CCS2,26-05-2025,Synthetic (New Formula)
Mercedes,Mercedes EQB,2024,67844.15546257017,27347.0,New,Siem Reap,Black,66.5,419,168,8.0,Authorized Dealer,GB-T/CCS2,18-04-2023,Synthetic (New Formula)
MG,MG 5,2023,20697.291767957835,0.0,Good,Phnom Penh,Black,61.1,403,130,7.7,Dealer,GB-T/CCS2,5/9/2023,Synthetic (New Formula)
Avatr,Avatr 07,2024,45646.16327799534,4836.0,Excellent,Phnom Penh,Silver,62.2/100.5,420-621,190,4.9,Authorized Dealer,GB-T/CCS2,13-02-2025,Synthetic (New Formula)
BYD,BYD Tang,2022,64942.425795856645,25800.0,Excellent,Phnom Penh,Pearl White,86.4/108.8,400-530,180,4.6,Dealer,GB-T/CCS2,23-02-2021,Synthetic (New Formula)
Kia,Kia EV9,2025,78930.7295989111,895.0,New,Sihanoukville,White,99.8,541,283,5.3,Dealer,GB-T/CCS2,28-12-2023,Synthetic (New Formula)
Tesla,Tesla Model 3,2025,43139.92289341817,11964.0,Excellent,Siem Reap,Green,60/82,430-576,208,6.1,Dealer,GB-T/CCS2,21-02-2021,Synthetic (New Formula)
AITO,AITO M7,2021,68091.74238842705,61672.0,Like New,Phnom Penh,Orange,40,200 PHEV,330,4.8,Private,GB-T/CCS2,13-04-2025,Synthetic (New Formula)
BYD,BYD Seal,2024,38001.915503508026,39790.0,Like New,Siem Reap,Grey,61.4/82.5,400-550,150,3.8,Authorized Dealer,GB-T/CCS2,17-05-2025,Synthetic (New Formula)
Zeekr,Zeekr X,2023,56120.121991178436,34632.0,New,Kampong Cham,Black,66,440,200,5.6,Authorized Dealer,GB-T/CCS2,7/1/2025,Synthetic (New Formula)
Zeekr,Zeekr 007,2025,66962.32399877136,31563.0,Good,Siem Reap,Pearl White,75/100,530-688,310,3.5,Authorized Dealer,GB-T/CCS2,11/6/2024,Synthetic (New Formula)
AITO,AITO M7,2024,60913.96345443707,0.0,Excellent,Phnom Penh,Green,40,200 PHEV,330,4.8,Authorized Dealer,GB-T/CCS2,15-10-2024,Synthetic (New Formula)
Zeekr,Zeekr 007,2024,59778.96609224206,0.0,Fair,Siem Reap,Pearl White,75/100,530-688,310,3.5,Authorized Dealer,GB-T/CCS2,11/6/2024,Synthetic (New Formula)
BYD,BYD Atto 2,2022,25377.777166106593,30336.0,New,Phnom Penh,Grey,45.1,312-401,130,7.9,Private,GB-T/CCS2,24-08-2025,Synthetic (New Formula)
Denza,Denza D9,2025,74386.98321110343,8400.0,Like New,Siem Reap,White,103,600,230,6.9,Authorized Dealer,GB-T/CCS2,14-02-2025,Synthetic (New Formula)
BYD,BYD Han,2024,61247.90381986697,26600.0,Like New,Phnom Penh,White,76.9/85.4,500-610,180,3.9,Dealer,GB-T/CCS2,18-05-2025,Synthetic (New Formula)
BYD,BYD Han,2023,58710.445795624975,0.0,Like New,Kampot,White,76.9/85.4,500-610,180,3.9,Private,GB-T/CCS2,26-12-2020,Synthetic (New Formula)
Tesla,Tesla Model 3,2024,44789.16732760902,3444.0,Like New,Kep,Black,60/82,430-576,208,6.1,Authorized Dealer,GB-T/CCS2,23-07-2024,Synthetic (New Formula)
Hyundai,Hyundai Ioniq 6,2025,51133.051458214526,0.0,Fair,Phnom Penh,Silver,53/77.4,429-614,151,8.1,Authorized Dealer,GB-T/CCS2,21-01-2025,Synthetic (New Formula)
BYD,BYD Seal 5,2023,21449.90689408809,0.0,Like New,Sihanoukville,Red,15.8,80 PHEV,110,7.9,Authorized Dealer,GB-T/CCS2,4/7/2025,Synthetic (New Formula)
Deepal,Deepal L07,2024,46499.50636832505,1846.0,New,Kampot,Green,31.6,200 PHEV,160,7.3,Private,GB-T/CCS2,3/3/2024,Synthetic (New Formula)
Tesla,Tesla Model Y,2021,63075.12461066671,17385.0,New,Siem Reap,White,60/75/82,430-600,220,6.9,Private,GB-T/CCS2,9/7/2023,Synthetic (New Formula)
MG,MG 4 EV,2022,25759.87138739525,8440.0,Like New,Phnom Penh,White,51/64/77,350-520,125,7.7,Private,GB-T/CCS2,7/2/2025,Synthetic (New Formula)
MG,MG 4 EV,2024,25422.960984457783,935.0,Excellent,Phnom Penh,Grey,51/64/77,350-520,125,7.7,Dealer,GB-T/CCS2,28-08-2022,Synthetic (New Formula)
MG,MG 5,2025,21992.722986296107,23400.0,Excellent,Siem Reap,White,61.1,403,130,7.7,Dealer,GB-T/CCS2,19-06-2024,Synthetic (New Formula)
BYD,BYD Seal,2023,37620.08840846305,5035.0,New,Sihanoukville,White,61.4/82.5,400-550,150,3.8,Private,GB-T/CCS2,26-08-2024,Synthetic (New Formula)
BYD,BYD Seal,2023,40076.33559823078,31528.0,Like New,Koh Kong,Blue,61.4/82.5,400-550,150,3.8,Authorized Dealer,GB-T/CCS2,16-09-2025,Synthetic (New Formula)
BYD,BYD Atto 3,2025,28869.376161253647,26208.0,New,Siem Reap,White,50/60.5,340-420,150,7.3,Dealer,GB-T/CCS2,24-01-2025,Synthetic (New Formula)
Zeekr,Zeekr 007,2025,61813.01560642332,33635.0,Fair,Phnom Penh,Red,75/100,530-688,310,3.5,Dealer,GB-T/CCS2,8/5/2025,Synthetic (New Formula)
Deepal,Deepal L07,2023,48360.89958796273,26854.0,Good,Phnom Penh,White,31.6,200 PHEV,160,7.3,Dealer,GB-T/CCS2,26-08-2025,Synthetic (New Formula)
MG,MG ZS EV,2025,27675.792451400426,17034.0,Excellent,Preah Vihear,Silver,50.3/72.6,320-440,115,8.6,Authorized Dealer,GB-T/CCS2,16-09-2025,Synthetic (New Formula)
BYD,BYD Atto 3,2021,35346.58632471986,47025.0,Excellent,Kampong Cham,Silver,50/60.5,340-420,150,7.3,Dealer,GB-T/CCS2,13-10-2023,Synthetic (New Formula)
BYD,BYD Dolphin,2022,26548.033353245148,8992.0,Excellent,Phnom Penh,Silver,44.9/60.5,310-420,70,7.5,Dealer,GB-T/CCS2,3/5/2025,Synthetic (New Formula)
Hyundai,Hyundai Ioniq 6,2023,57500.92786317898,17136.0,New,Phnom Penh,Silver,53/77.4,429-614,151,8.1,Authorized Dealer,GB-T/CCS2,21-01-2025,Synthetic (New Formula)
VinFast,VinFast VF 8,2022,48756.78210841065,39039.0,New,Kratie,White,82/87.5,420-500,150,5.5,Private,GB-T/CCS2,12/5/2023,Synthetic (New Formula)
Zeekr,Zeekr 007,2025,69532.37763608668,56784.0,Like New,Phnom Penh,Silver,75/100,530-688,310,3.5,Dealer,GB-T/CCS2,12/8/2025,Synthetic (New Formula)
MG,MG ZS EV,2023,29539.539501154173,5035.0,Like New,Siem Reap,White,50.3/72.6,320-440,115,8.6,Authorized Dealer,GB-T/CCS2,14-09-2023,Synthetic (New Formula)
Mercedes,Mercedes EQB,2023,68264.76661630465,23722.0,Excellent,Phnom Penh,Blue,66.5,419,168,8.0,Dealer,GB-T/CCS2,14-05-2025,Synthetic (New Formula)
BYD,BYD Han,2022,65888.38603089192,33087.0,New,Phnom Penh,Silver,76.9/85.4,500-610,180,3.9,Authorized Dealer,GB-T/CCS2,7/6/2021,Synthetic (New Formula)
Kia,Kia EV5,2022,41017.16179586476,29280.0,Good,Kampot,White,64.2/88,400-600,160,7.5,Private,GB-T/CCS2,25-01-2025,Synthetic (New Formula)
MG,MG 4 EV,2025,25619.741236682534,20102.0,New,Siem Reap,Silver,51/64/77,350-520,125,7.7,Authorized Dealer,GB-T/CCS2,3/5/2022,Synthetic (New Formula)
MG,MG 5,2025,22178.32316799757,28560.0,New,Phnom Penh,Black,61.1,403,130,7.7,Dealer,GB-T/CCS2,1/5/2023,Synthetic (New Formula)
Tesla,Tesla Model Y,2022,63727.69428600751,37296.0,New,Sihanoukville,White,60/75/82,430-600,220,6.9,Dealer,GB-T/CCS2,28-12-2021,Synthetic (New Formula)
BYD,BYD Seal,2025,37199.230320970426,18496.0,New,Phnom Penh,Green,61.4/82.5,400-550,150,3.8,Dealer,GB-T/CCS2,19-01-2024,Synthetic (New Formula)
Kia,Kia EV6,2024,49958.243128285714,1183.0,New,Phnom Penh,Silver,77.4,484,168,7.1,Authorized Dealer,GB-T/CCS2,19-08-2025,Synthetic (New Formula)
Mercedes,Mercedes EQB,2025,70282.78686490848,57869.0,New,Siem Reap,Black,66.5,419,168,8.0,Authorized Dealer,GB-T/CCS2,18-04-2023,Synthetic (New Formula)
BYD,BYD Tang,2025,70906.30015501795,45520.0,Like New,Preah Vihear,Black,86.4/108.8,400-530,180,4.6,Private,GB-T/CCS2,21-05-2023,Synthetic (New Formula)
MG,MG 5,2022,21377.65204447926,8640.0,Good,Siem Reap,White,61.1,403,130,7.7,Authorized Dealer,GB-T/CCS2,22-12-2022,Synthetic (New Formula)
Tesla,Tesla Model Y,2025,64101.428471372805,54510.0,New,Phnom Penh,White,60/75/82,430-600,220,6.9,Dealer,GB-T/CCS2,19-01-2021,Synthetic (New Formula)
Kia,Kia EV5,2025,34237.54572484386,922.0,New,Siem Reap,Grey,64.2/88,400-600,160,7.5,Authorized Dealer,GB-T/CCS2,23-12-2023,Synthetic (New Formula)
Xiaomi,Xiaomi SU7,2025,71669.2850107905,0.0,Like New,Phnom Penh,Black,73.6/94.3,495-830,220,5.3,Private,GB-T/CCS2,3/6/2024,Synthetic (New Formula)
Tesla,Tesla Model Y,2022,64173.63031449903,868.0,Like New,Phnom Penh,Silver,60/75/82,430-600,220,6.9,Authorized Dealer,GB-T/CCS2,10/10/2023,Synthetic (New Formula)
Kia,Kia EV9,2025,79021.69685705299,27690.0,Excellent,Phnom Penh,White,99.8,541,283,5.3,Private,GB-T/CCS2,8/11/2024,Synthetic (New Formula)
Tesla,Tesla Model 3,2025,45527.06130276045,15521.0,Like New,Kep,Black,60/82,430-576,208,6.1,Authorized Dealer,GB-T/CCS2,23-07-2024,Synthetic (New Formula)
Denza,Denza D9,2020,87515.73874313361,935.0,Good,Phnom Penh,Grey,103,600,230,6.9,Private,GB-T/CCS2,28-10-2022,Synthetic (New Formula)
Hyundai,Hyundai Ioniq 5,2021,43166.74510267793,9536.0,Like New,Phnom Penh,White,58/72.6,354-488,125,7.4,Private,GB-T/CCS2,23-04-2023,Synthetic (New Formula)
AITO,AITO M5,2024,43378.08621064545,1062.0,New,Phnom Penh,Red,40,200 PHEV,200,4.8,Authorized Dealer,GB-T/CCS2,2/9/2022,Synthetic (New Formula)
Nissan,Nissan Leaf,2024,30973.13775280633,31745.0,New,Siem Reap,Black,40/62,240-385,110,7.0,Authorized Dealer,GB-T/CCS2,23-11-2022,Synthetic (New Formula)
Hyundai,Hyundai Ioniq 5,2024,42877.17277229259,17323.0,New,Kampong Cham,Grey,58/72.6,354-488,125,7.4,Dealer,GB-T/CCS2,20-06-2021,Synthetic (New Formula)
BYD,BYD Tang,2022,62397.239776719915,0.0,New,Phnom Penh,Pearl White,86.4/108.8,400-530,180,4.6,Dealer,GB-T/CCS2,23-02-2021,Synthetic (New Formula)
VinFast,VinFast VF 9,2023,72761.56926642064,22242.0,Like New,Phnom Penh,Silver,123,438,300,6.5,Authorized Dealer,GB-T/CCS2,18-05-2022,Synthetic (New Formula)
BMW,BMW iX1,2024,62293.66512058896,33024.0,New,Siem Reap,White,64.7,417,150,8.6,Authorized Dealer,GB-T/CCS2,22-08-2023,Synthetic (New Formula)
XPeng,XPeng G6,2024,49356.93713530016,36372.0,New,Phnom Penh,Blue,66/87.5,435-570,190,6.2,Dealer,GB-T/CCS2,25-09-2023,Synthetic (New Formula)
BYD,BYD Sealion 6,2022,46311.21275971815,9207.0,Excellent,Battambang,Grey,18.3,80-100 PHEV,145,8.5,Authorized Dealer,GB-T/CCS2,3/12/2023,Synthetic (New Formula)
BYD,BYD Tang,2022,65269.873187040386,11495.0,Like New,Phnom Penh,Red,86.4/108.8,400-530,180,4.6,Authorized Dealer,GB-T/CCS2,15-10-2022,Synthetic (New Formula)
Denza,Denza D9,2024,81650.67901383716,20856.0,Excellent,Battambang,Silver,103,600,230,6.9,Authorized Dealer,GB-T/CCS2,18-04-2022,Synthetic (New Formula)
Arcfox,Arcfox Koala S,2022,27451.47208838938,12480.0,Like New,Sihanoukville,Black,42.8,301,120,8.5,Private,GB-T/CCS2,3/2/2025,Synthetic (New Formula)
Hyundai,Hyundai Ioniq 5,2024,46319.18460346132,52100.0,Excellent,Phnom Penh,White,58/72.6,354-488,125,7.4,Private,GB-T/CCS2,23-04-2023,Synthetic (New Formula)
BYD,BYD Han,2025,59673.12029198191,28890.0,New,Phnom Penh,Silver,76.9/85.4,500-610,180,3.9,Dealer,GB-T/CCS2,28-08-2022,Synthetic (New Formula)
VinFast,VinFast VF 9,2025,62137.97156942471,7344.0,Good,Siem Reap,Blue,123,438,300,6.5,Private,GB-T/CCS2,24-04-2024,Synthetic (New Formula)
AION,AION Y Plus,2024,35152.08861939652,41667.0,New,Phnom Penh,Black,51.9/63.9,410-510,150,7.8,Private,GB-T/CCS2,4/4/2025,Synthetic (New Formula)
Toyota,Toyota bZ4X,2024,48905.974784989274,36618.0,Fair,Phnom Penh,Blue,71.4,500,150,7.1,Private,GB-T/CCS2,18-09-2025,Synthetic (New Formula)
BYD,BYD Seal,2024,36681.06821231525,8630.0,New,Phnom Penh,Grey,61.4/82.5,400-550,150,3.8,Authorized Dealer,GB-T/CCS2,17-02-2023,Synthetic (New Formula)
Leapmotor,Leapmotor T03,2023,15828.597116242392,55944.0,New,Preah Vihear,White,41.3,403,80,,Authorized Dealer,GB-T/CCS2,10/2/2025,Synthetic (New Formula)
Hyundai,Hyundai Ioniq 6,2023,57512.91939988092,39039.0,Good,Phnom Penh,Silver,53/77.4,429-614,151,8.1,Authorized Dealer,GB-T/CCS2,21-01-2025,Synthetic (New Formula)
Kia,Kia EV5,2025,36167.001099707086,19596.0,New,Kampot,Silver,64.2/88,400-600,160,7.5,Dealer,GB-T/CCS2,13-05-2024,Synthetic (New Formula)
BYD,BYD Han,2022,63384.534361828686,16282.0,New,Phnom Penh,White,76.9/85.4,500-610,180,3.9,Dealer,GB-T/CCS2,12/5/2024,Synthetic (New Formula)
VinFast,VinFast VF 9,2025,63054.72014878125,1062.0,Like New,Kampong Cham,Silver,123,438,300,6.5,Private,GB-T/CCS2,6/10/2024,Synthetic (New Formula)
BYD,BYD Atto 2,2024,25099.75710838852,23736.0,Excellent,Sihanoukville,Grey,45.1,312-401,130,7.9,Dealer,GB-T/CCS2,8/2/2025,Synthetic (New Formula)
Tesla,Tesla Model 3,2022,49940.88927713532,13536.0,New,Phnom Penh,White,60/82,430-576,208,6.1,Private,GB-T/CCS2,9/12/2020,Synthetic (New Formula)
BYD,BYD Seal,2024,36796.85659692503,11412.0,Like New,Siem Reap,Grey,61.4/82.5,400-550,150,3.8,Authorized Dealer,GB-T/CCS2,17-05-2025,Synthetic (New Formula)
Arcfox,Arcfox Koala S,2023,28505.590312052387,28650.0,Like New,Siem Reap,White,42.8,301,120,8.5,Dealer,GB-T/CCS2,22-10-2024,Synthetic (New Formula)
BYD,BYD Han,2023,62954.42088815487,29750.0,New,Phnom Penh,White,76.9/85.4,500-610,180,3.9,Dealer,GB-T/CCS2,11/8/2025,Synthetic (New Formula)
BYD,BYD Seagull,2025,18792.70326211973,18202.0,Excellent,Battambang,Black,30/38.88,190-305,55,,Authorized Dealer,GB-T/CCS2,14-01-2025,Synthetic (New Formula)
Deepal,Deepal S07,2025,51420.99905763154,23517.0,Fair,Phnom Penh,Silver,31.6/80,200 PHEV,190,6.7,Private,GB-T/CCS2,20-06-2024,Synthetic (New Formula)
BYD,BYD Han,2025,55952.98008079388,4132.0,Good,Kampong Cham,White,76.9/85.4,500-610,180,3.9,Authorized Dealer,GB-T/CCS2,19-05-2022,Synthetic (New Formula)
Zeekr,Zeekr 001,2025,73883.21191522041,37296.0,Good,Kampot,White,86/100,560-620,200,3.3,Dealer,GB-T/CCS2,15-02-2025,Synthetic (New Formula)
BYD,BYD Atto 3,2023,30885.6341420431,14476.0,New,Siem Reap,White,50/60.5,340-420,150,7.3,Dealer,GB-T/CCS2,24-01-2025,Synthetic (New Formula)
BYD,BYD Seagull,2024,21538.188135871584,31590.0,Like New,Phnom Penh,White,30/38.88,190-305,55,,Dealer,GB-T/CCS2,11/5/2024,Synthetic (New Formula)
BYD,BYD Sealion 6,2025,43784.69947633942,18530.0,Excellent,Phnom Penh,Black,18.3,80-100 PHEV,145,8.5,Authorized Dealer,GB-T/CCS2,27-08-2024,Synthetic (New Formula)
BYD,BYD Seal,2023,38428.28506621518,25048.0,Like New,Phnom Penh,Cosmos Black,61.4/82.5,400-550,150,3.8,Private,GB-T/CCS2,8/8/2023,Synthetic (New Formula)
Mercedes,Mercedes EQB,2025,63437.92588082876,31958.0,Like New,Sihanoukville,Red,66.5,419,168,8.0,Dealer,GB-T/CCS2,26-07-2024,Synthetic (New Formula)
Tesla,Tesla Model Y,2024,61104.48054608651,29880.0,Excellent,Phnom Penh,Silver,60/75/82,430-600,220,6.9,Authorized Dealer,GB-T/CCS2,10/10/2023,Synthetic (New Formula)
VinFast,VinFast VF 8,2024,40883.153507075884,0.0,New,Phnom Penh,White,82/87.5,420-500,150,5.5,Authorized Dealer,GB-T/CCS2,15-12-2022,Synthetic (New Formula)
MG,MG 4 EV,2025,24812.33955605432,0.0,Excellent,Phnom Penh,White,51/64/77,350-520,125,7.7,Private,GB-T/CCS2,7/2/2025,Synthetic (New Formula)
AITO,AITO M5,2024,46051.22127605967,20856.0,Like New,Kampot,White,40,200 PHEV,200,4.8,Authorized Dealer,GB-T/CCS2,17-05-2023,Synthetic (New Formula)
Denza,Denza D9,2024,87894.69581731444,26676.0,Like New,Phnom Penh,Blue,103,600,230,6.9,Private,GB-T/CCS2,1/5/2025,Synthetic (New Formula)
Toyota,Toyota bZ4X,2022,50799.58541689982,41750.0,Good,Sihanoukville,Black,71.4,500,150,7.1,Authorized Dealer,GB-T/CCS2,11/3/2022,Synthetic (New Formula)
BYD,BYD Seagull,2025,18757.500358345264,928.0,Like New,Preah Vihear,White,30/38.88,190-305,55,,Private,GB-T/CCS2,17-03-2023,Synthetic (New Formula)
Denza,Denza D9,2025,76698.7242507317,8630.0,New,Siem Reap,White,103,600,230,6.9,Authorized Dealer,GB-T/CCS2,14-02-2025,Synthetic (New Formula)
BYD,BYD Atto 3,2025,32795.75739815683,54510.0,Like New,Kampot,Black,50/60.5,340-420,150,7.3,Private,GB-T/CCS2,15-08-2024,Synthetic (New Formula)
Nissan,Nissan Leaf,2025,28763.674395143487,7511.0,Fair,Kep,Silver,40/62,240-385,110,7.0,Private,GB-T/CCS2,27-01-2021,Synthetic (New Formula)
BYD,BYD Sealion 6,2020,49358.72856591072,9016.0,New,Phnom Penh,White,18.3,80-100 PHEV,145,8.5,Dealer,GB-T/CCS2,10/6/2023,Synthetic (New Formula)
Tesla,Tesla Model 3,2022,53828.23538467254,26499.0,New,Phnom Penh,Silver,60/82,430-576,208,6.1,Private,GB-T/CCS2,22-06-2020,Synthetic (New Formula)
Avatr,Avatr 11,2024,71565.52036008026,17616.0,New,Phnom Penh,White,90/116,555-700,230,3.9,Authorized Dealer,GB-T/CCS2,27-08-2025,Synthetic (New Formula)
Tesla,Tesla Model 3,2023,46850.59561751308,10320.0,Excellent,Phnom Penh,White,60/82,430-576,208,6.1,Private,GB-T/CCS2,9/12/2020,Synthetic (New Formula)
Toyota,Toyota bZ5,2024,37538.72902999204,0.0,New,Phnom Penh,Black,71.2,630,180,6.8,Private,GB-T/CCS2,25-01-2025,Synthetic (New Formula)
Kia,Kia EV9,2022,79335.33784637382,1158.0,Excellent,Phnom Penh,Black,99.8,541,283,5.3,Dealer,GB-T/CCS2,20-05-2025,Synthetic (New Formula)
Zeekr,Zeekr X,2020,60760.62064983792,31528.0,Good,Kampot,White,66,440,200,5.6,Private,GB-T/CCS2,25-09-2023,Synthetic (New Formula)
BYD,BYD M9,2022,66567.05872457115,7525.0,Like New,Phnom Penh,Silver,52,180 PHEV,180,,Private,GB-T/CCS2,16-01-2025,Synthetic (New Formula)
Kia,Kia EV5,2022,38405.51026182631,16338.0,New,Phnom Penh,Black,64.2/88,400-600,160,7.5,Private,GB-T/CCS2,11/11/2024,Synthetic (New Formula)
VinFast,VinFast VF 9,2023,66192.90888249692,0.0,Excellent,Phnom Penh,Orange,123,438,300,6.5,Authorized Dealer,GB-T/CCS2,24-08-2023,Synthetic (New Formula)
BYD,BYD Atto 2,2022,24911.810191074743,0.0,New,Phnom Penh,Grey,45.1,312-401,130,7.9,Private,GB-T/CCS2,24-08-2025,Synthetic (New Formula)
Avatr,Avatr 11,2025,74244.4456980422,38484.0,New,Phnom Penh,Black,90/116,555-700,230,3.9,Authorized Dealer,GB-T/CCS2,18-11-2023,Synthetic (New Formula)
VinFast,VinFast VF 8,2025,42927.95275361447,14127.0,Fair,Preah Vihear,Green,82/87.5,420-500,150,5.5,Authorized Dealer,GB-T/CCS2,27-01-2024,Synthetic (New Formula)
MG,MG ZS EV,2021,30384.16257000215,12195.0,Like New,Phnom Penh,White,50.3/72.6,320-440,115,8.6,Authorized Dealer,GB-T/CCS2,23-02-2024,Synthetic (New Formula)
BYD,BYD Tang,2022,77274.96444799955,56524.0,Like New,Sihanoukville,Silver,86.4/108.8,400-530,180,4.6,Authorized Dealer,GB-T/CCS2,5/5/2021,Synthetic (New Formula)
Kia,Kia EV6,2023,57871.87468861395,55944.0,New,Phnom Penh,Blue,77.4,484,168,7.1,Dealer,GB-T/CCS2,14-05-2023,Synthetic (New Formula)
BMW,BMW iX1,2025,56074.95867321166,18432.0,New,Phnom Penh,Black,64.7,417,150,8.6,Authorized Dealer,GB-T/CCS2,23-08-2022,Synthetic (New Formula)
Zeekr,Zeekr 007,2024,67992.0835517491,42372.0,Excellent,Phnom Penh,Silver,75/100,530-688,310,3.5,Dealer,GB-T/CCS2,12/8/2025,Synthetic (New Formula)
BYD,BYD Atto 2,2023,26217.62173943602,39100.0,Good,Phnom Penh,Black,45.1,312-401,130,7.9,Authorized Dealer,GB-T/CCS2,15-03-2024,Synthetic (New Formula)
MG,MG 5,2024,24216.270149503187,47025.0,New,Phnom Penh,Black,61.1,403,130,7.7,Dealer,GB-T/CCS2,1/5/2023,Synthetic (New Formula)
MG,MG 5,2020,22369.33220736323,4060.0,Good,Siem Reap,White,61.1,403,130,7.7,Dealer,GB-T/CCS2,19-06-2024,Synthetic (New Formula)
Tesla,Tesla Model Y,2023,56717.54749997299,5035.0,New,Phnom Penh,White,60/75/82,430-600,220,6.9,Authorized Dealer,GB-T/CCS2,14-08-2024,Synthetic (New Formula)
BYD,BYD Seal,2023,39217.82395027528,40330.0,New,Phnom Penh,White,61.4/82.5,400-550,150,3.8,Private,GB-T/CCS2,21-04-2024,Synthetic (New Formula)
XPeng,XPeng G6,2022,45326.787460338084,0.0,Excellent,Kep,White,66/87.5,435-570,190,6.2,Dealer,GB-T/CCS2,15-04-2025,Synthetic (New Formula)
Denza,Denza D9,2024,81558.13326868095,16928.0,Excellent,Preah Vihear,Red,103,600,230,6.9,Dealer,GB-T/CCS2,10/1/2024,Synthetic (New Formula)
AITO,AITO M7,2023,59674.55497476916,8020.0,Good,Sihanoukville,Silver,40,200 PHEV,330,4.8,Authorized Dealer,GB-T/CCS2,17-07-2023,Synthetic (New Formula)
BYD,BYD Atto 2,2023,23921.334806882638,6228.0,Like New,Phnom Penh,Black,45.1,312-401,130,7.9,Authorized Dealer,GB-T/CCS2,15-03-2024,Synthetic (New Formula)
Hyundai,Hyundai Ioniq 5,2021,45524.78909908636,8630.0,Like New,Siem Reap,Black,58/72.6,354-488,125,7.4,Private,GB-T/CCS2,5/2/2022,Synthetic (New Formula)
Mercedes,Mercedes EQB,2023,61860.204348486164,1616.0,New,Phnom Penh,Black,66.5,419,168,8.0,Private,GB-T/CCS2,5/6/2021,Synthetic (New Formula)
XPeng,XPeng G6,2024,46300.94982655342,22097.0,New,Kampot,Red,66/87.5,435-570,190,6.2,Private,GB-T/CCS2,3/1/2024,Synthetic (New Formula)
BYD,BYD Seagull,2021,21592.31321864315,12342.0,Like New,Kep,Blue,30/38.88,190-305,55,,Dealer,GB-T/CCS2,23-06-2023,Synthetic (New Formula)
AITO,AITO M7,2025,58231.66118034111,12480.0,New,Phnom Penh,White,40,200 PHEV,330,4.8,Authorized Dealer,GB-T/CCS2,5/2/2022,Synthetic (New Formula)
BYD,BYD Seagull,2023,20024.483099377067,22242.0,Good,Battambang,Orange,30/38.88,190-305,55,,Dealer,GB-T/CCS2,4/4/2025,Synthetic (New Formula)
Tesla,Tesla Model Y,2021,62145.70633117293,5535.0,Like New,Phnom Penh,Blue,60/75/82,430-600,220,6.9,Private,GB-T/CCS2,17-08-2022,Synthetic (New Formula)
BYD,BYD Seal,2022,40531.59976156055,15418.0,Like New,Siem Reap,Black,61.4/82.5,400-550,150,3.8,Dealer,GB-T/CCS2,18-09-2022,Synthetic (New Formula)
Tesla,Tesla Model 3,2024,45163.10463099791,0.0,New,Phnom Penh,White,60/82,430-576,208,6.1,Private,GB-T/CCS2,1/2/2023,Synthetic (New Formula)
Avatr,Avatr 11,2025,68778.14747961983,37350.0,Like New,Battambang,White,90/116,555-700,230,3.9,Authorized Dealer,GB-T/CCS2,28-01-2024,Synthetic (New Formula)
Zeekr,Zeekr X,2022,60587.10343462381,43650.0,Good,Siem Reap,Blue,66,440,200,5.6,Authorized Dealer,GB-T/CCS2,13-08-2024,Synthetic (New Formula)
BYD,BYD Seagull,2021,20457.530556982638,0.0,Good,Phnom Penh,Silver,30/38.88,190-305,55,,Dealer,GB-T/CCS2,14-11-2024,Synthetic (New Formula)
Tesla,Tesla Model 3,2024,45136.56807388777,4390.0,Like New,Battambang,Grey,60/82,430-576,208,6.1,Dealer,GB-T/CCS2,20-08-2025,Synthetic (New Formula)
Avatr,Avatr 11,2025,74297.65490597973,64206.0,Good,Phnom Penh,Cosmos Black,90/116,555-700,230,3.9,Private,GB-T/CCS2,15-05-2023,Synthetic (New Formula)
VinFast,VinFast VF 6,2022,26040.20215311105,20608.0,Good,Sihanoukville,White,59.6,399,110,,Private,GB-T/CCS2,11/12/2023,Synthetic (New Formula)
Tesla,Tesla Model Y,2025,59122.46870237856,33136.0,New,Phnom Penh,White,60/75/82,430-600,220,6.9,Dealer,GB-T/CCS2,16-11-2024,Synthetic (New Formula)
BYD,BYD Han,2024,67361.78681898018,61672.0,New,Phnom Penh,Black,76.9/85.4,500-610,180,3.9,Private,GB-T/CCS2,2/2/2022,Synthetic (New Formula)
BYD,BYD Dolphin,2025,24751.53493318738,11956.0,Excellent,Phnom Penh,Blue,44.9/60.5,310-420,70,7.5,Authorized Dealer,GB-T/CCS2,18-08-2022,Synthetic (New Formula)
Zeekr,Zeekr 007,2023,70212.17680314243,52100.0,New,Phnom Penh,Silver,75/100,530-688,310,3.5,Dealer,GB-T/CCS2,12/8/2025,Synthetic (New Formula)
MG,MG 5,2024,22730.189299750014,29896.0,Excellent,Siem Reap,Black,61.1,403,130,7.7,Authorized Dealer,GB-T/CCS2,9/5/2025,Synthetic (New Formula)
VinFast,VinFast VF 8,2022,44527.423248872146,7504.0,New,Phnom Penh,White,82/87.5,420-500,150,5.5,Private,GB-T/CCS2,13-07-2024,Synthetic (New Formula)
Tesla,Tesla Model Y,2025,61927.98611195285,26505.0,New,Phnom Penh,Grey,60/75/82,430-600,220,6.9,Private,GB-T/CCS2,28-02-2024,Synthetic (New Formula)
Toyota,Toyota bZ5,2024,40999.184757462164,28890.0,Excellent,Kep,White,71.2,630,180,6.8,Private,GB-T/CCS2,27-07-2025,Synthetic (New Formula)
Tesla,Tesla Model Y,2020,63498.889907282835,4670.0,Excellent,Siem Reap,Silver,60/75/82,430-600,220,6.9,Private,GB-T/CCS2,11/5/2025,Synthetic (New Formula)
AITO,AITO M5,2025,48553.85565225571,48256.0,New,Battambang,Grey,40,200 PHEV,200,4.8,Private,GB-T/CCS2,2/1/2025,Synthetic (New Formula)
MG,MG 5,2022,22568.15776069913,0.0,New,Phnom Penh,Black,61.1,403,130,7.7,Dealer,GB-T/CCS2,16-09-2025,Synthetic (New Formula)
Hyundai,Hyundai Ioniq 5,2022,45218.407204258685,7956.0,Like New,Phnom Penh,Grey,58/72.6,354-488,125,7.4,Authorized Dealer,GB-T/CCS2,3/12/2021,Synthetic (New Formula)
Nissan,Nissan Leaf,2023,29519.68496291022,0.0,New,Phnom Penh,Green,40/62,240-385,110,7.0,Private,GB-T/CCS2,12/2/2023,Synthetic (New Formula)
MG,MG ZS EV,2024,29449.463504430627,15521.0,Like New,Phnom Penh,Silver,50.3/72.6,320-440,115,8.6,Private,GB-T/CCS2,24-08-2020,Synthetic (New Formula)
AION,AION ES,2025,31479.17958443795,26992.0,New,Phnom Penh,White,55.6,410,150,7.5,Authorized Dealer,GB-T/CCS2,2/5/2025,Synthetic (New Formula)
BYD,BYD Tang,2020,69784.35248155675,14729.0,Like New,Phnom Penh,Grey,86.4/108.8,400-530,180,4.6,Authorized Dealer,GB-T/CCS2,13-02-2023,Synthetic (New Formula)
MG,MG 5,2021,23617.26961656705,14756.0,Excellent,Siem Reap,Black,61.1,403,130,7.7,Authorized Dealer,GB-T/CCS2,9/5/2025,Synthetic (New Formula)
Toyota,Toyota bZ5,2025,41780.77306660781,34680.0,New,Phnom Penh,Black,71.2,630,180,6.8,Private,GB-T/CCS2,25-01-2025,Synthetic (New Formula)
Tesla,Tesla Model 3,2024,44155.37274433999,2202.0,Fair,Sihanoukville,Green,60/82,430-576,208,6.1,Dealer,GB-T/CCS2,25-09-2020,Synthetic (New Formula)
Zeekr,Zeekr 001,2025,77249.93717250918,47670.0,New,Phnom Penh,Black,86/100,560-620,200,3.3,Authorized Dealer,GB-T/CCS2,3/10/2025,Synthetic (New Formula)
BYD,BYD Sealion 7,2025,39798.09708278134,0.0,Fair,Siem Reap,Green,71.8/91.3,460-567,230,4.5,Authorized Dealer,GB-T/CCS2,25-09-2024,Synthetic (New Formula)
Tesla,Tesla Model Y,2023,64109.39071305799,36372.0,New,Phnom Penh,Cosmos Black,60/75/82,430-600,220,6.9,Authorized Dealer,GB-T/CCS2,2/1/2023,Synthetic (New Formula)
BYD,BYD Han,2024,59592.1350199533,17493.0,New,Kep,White,76.9/85.4,500-610,180,3.9,Authorized Dealer,GB-T/CCS2,23-05-2023,Synthetic (New Formula)
Avatr,Avatr 11,2022,68691.33287739735,7455.0,Excellent,Phnom Penh,Red,90/116,555-700,230,3.9,Dealer,GB-T/CCS2,1/1/2025,Synthetic (New Formula)
Zeekr,Zeekr 001,2023,79194.31054036142,36642.0,Fair,Phnom Penh,White,86/100,560-620,200,3.3,Dealer,GB-T/CCS2,15-02-2023,Synthetic (New Formula)
Kia,Kia EV5,2024,32691.798685643273,1033.0,Fair,Phnom Penh,Silver,64.2/88,400-600,160,7.5,Authorized Dealer,GB-T/CCS2,13-08-2024,Synthetic (New Formula)
AITO,AITO M7,2023,57690.42525388103,3376.0,New,Phnom Penh,Orange,40,200 PHEV,330,4.8,Private,GB-T/CCS2,13-04-2025,Synthetic (New Formula)
Zeekr,Zeekr 001,2022,82385.63407725985,43746.0,Good,Phnom Penh,Black,86/100,560-620,200,3.3,Authorized Dealer,GB-T/CCS2,3/10/2025,Synthetic (New Formula)
Kia,Kia EV6,2024,55806.643117942054,63056.0,New,Phnom Penh,Blue,77.4,484,168,7.1,Dealer,GB-T/CCS2,14-05-2023,Synthetic (New Formula)
BYD,BYD Tang,2023,71028.55854753387,29636.0,Like New,Phnom Penh,Grey,86.4/108.8,400-530,180,4.6,Authorized Dealer,GB-T/CCS2,13-02-2023,Synthetic (New Formula)
MG,MG 5,2024,22114.767331809064,31528.0,Excellent,Siem Reap,Silver,61.1,403,130,7.7,Dealer,GB-T/CCS2,22-10-2024,Synthetic (New Formula)
BYD,BYD Atto 3,2023,30892.477685346796,26975.0,Good,Phnom Penh,White,50/60.5,340-420,150,7.3,Authorized Dealer,GB-T/CCS2,25-04-2023,Synthetic (New Formula)
Tesla,Tesla Model 3,2022,43844.25802897777,0.0,New,Kampot,Grey,60/82,430-576,208,6.1,Authorized Dealer,GB-T/CCS2,27-04-2024,Synthetic (New Formula)
Deepal,Deepal S07,2023,56081.70207945983,35178.0,Like New,Phnom Penh,White,31.6/80,200 PHEV,190,6.7,Private,GB-T/CCS2,18-05-2025,Synthetic (New Formula)
AITO,AITO M5,2024,46652.29641452639,22480.0,New,Phnom Penh,Grey,40,200 PHEV,200,4.8,Dealer,GB-T/CCS2,6/4/2024,Synthetic (New Formula)
BYD,BYD Tang,2025,59216.68333644562,0.0,New,Siem Reap,Silver,86.4/108.8,400-530,180,4.6,Private,GB-T/CCS2,13-05-2024,Synthetic (New Formula)
MG,MG 5,2024,23473.144814944404,23355.0,New,Phnom Penh,Grey,61.1,403,130,7.7,Dealer,GB-T/CCS2,21-05-2022,Synthetic (New Formula)
VinFast,VinFast VF 8,2025,42865.68012584732,10538.0,Good,Phnom Penh,Silver,82/87.5,420-500,150,5.5,Private,GB-T/CCS2,12/8/2025,Synthetic (New Formula)
Kia,Kia EV6,2024,49080.54326377518,7504.0,Good,Kampong Cham,Grey,77.4,484,168,7.1,Private,GB-T/CCS2,6/5/2025,Synthetic (New Formula)
Nissan,Nissan Leaf,2022,29365.338417936262,7525.0,Good,Phnom Penh,White,40/62,240-385,110,7.0,Authorized Dealer,GB-T/CCS2,22-08-2022,Synthetic (New Formula)
VinFast,VinFast VF 8,2024,43464.41051392073,4836.0,Excellent,Phnom Penh,White,82/87.5,420-500,150,5.5,Private,GB-T/CCS2,13-07-2024,Synthetic (New Formula)
BYD,BYD Sealion 5,2023,27233.00896500276,871.0,New,Phnom Penh,White,60/72.8,410-520,150,7.5,Dealer,GB-T/CCS2,10/7/2025,Synthetic (New Formula)
Hyundai,Hyundai Ioniq 6,2023,59974.26111098013,56880.0,New,Sihanoukville,Grey,53/77.4,429-614,151,8.1,Dealer,GB-T/CCS2,26-11-2022,Synthetic (New Formula)
Toyota,Toyota bZ5,2022,40481.885333886545,29568.0,Good,Phnom Penh,White,71.2,630,180,6.8,Authorized Dealer,GB-T/CCS2,4/4/2025,Synthetic (New Formula)
AITO,AITO M5,2023,47856.63683035496,24800.0,Like New,Kampot,White,40,200 PHEV,200,4.8,Authorized Dealer,GB-T/CCS2,17-05-2023,Synthetic (New Formula)
AITO,AITO M7,2025,64696.31032812492,55676.0,Good,Phnom Penh,Orange,40,200 PHEV,330,4.8,Private,GB-T/CCS2,13-04-2025,Synthetic (New Formula)
AITO,AITO M5,2022,53182.34541419367,26499.0,Good,Kep,White,40,200 PHEV,200,4.8,Dealer,GB-T/CCS2,13-07-2024,Synthetic (New Formula)
XPeng,XPeng G6,2022,51608.99144196843,42372.0,Like New,Kampot,Red,66/87.5,435-570,190,6.2,Private,GB-T/CCS2,3/1/2024,Synthetic (New Formula)
AION,AION V,2024,41105.57472092136,33694.0,Like New,Phnom Penh,Black,68.8/80,480-610,165,7.1,Private,GB-T/CCS2,15-02-2025,Synthetic (New Formula)
Hyundai,Hyundai Ioniq 5,2024,44616.50260073973,38480.0,Like New,Phnom Penh,White,58/72.6,354-488,125,7.4,Private,GB-T/CCS2,23-04-2023,Synthetic (New Formula)
BMW,BMW iX1,2025,56944.87788392754,13024.0,Like New,Sihanoukville,Grey,64.7,417,150,8.6,Private,GB-T/CCS2,27-02-2025,Synthetic (New Formula)
VinFast,VinFast VF 8,2022,45434.9818181321,39970.0,New,Phnom Penh,Red,82/87.5,420-500,150,5.5,Authorized Dealer,GB-T/CCS2,22-10-2022,Synthetic (New Formula)
Toyota,Toyota bZ4X,2025,45562.613373520246,14127.0,Excellent,Sihanoukville,Black,71.4,500,150,7.1,Private,GB-T/CCS2,26-07-2024,Synthetic (New Formula)
Hyundai,Hyundai Ioniq 5,2025,42949.73709965554,8998.0,New,Phnom Penh,White,58/72.6,354-488,125,7.4,Authorized Dealer,GB-T/CCS2,25-08-2022,Synthetic (New Formula)
BYD,BYD Han,2022,66370.7239818825,35280.0,New,Battambang,Silver,76.9/85.4,500-610,180,3.9,Dealer,GB-T/CCS2,22-01-2025,Synthetic (New Formula)
VinFast,VinFast VF 6,2021,30534.032345290256,58023.0,New,Phnom Penh,Silver,59.6,399,110,,Private,GB-T/CCS2,5/2/2024,Synthetic (New Formula)
BYD,BYD Atto 2,2022,25124.73257823196,8272.0,New,Sihanoukville,Grey,45.1,312-401,130,7.9,Dealer,GB-T/CCS2,25-12-2024,Synthetic (New Formula)
Hyundai,Hyundai Ioniq 5,2022,50642.101549703715,56601.0,Fair,Preah Vihear,Blue,58/72.6,354-488,125,7.4,Dealer,GB-T/CCS2,27-01-2024,Synthetic (New Formula)
VinFast,VinFast VF 6,2025,24110.24033778666,6888.0,Good,Phnom Penh,Silver,59.6,399,110,,Private,GB-T/CCS2,5/2/2024,Synthetic (New Formula)
Nissan,Nissan Leaf,2023,34724.77923100395,55440.0,New,Siem Reap,Grey,40/62,240-385,110,7.0,Authorized Dealer,GB-T/CCS2,12/5/2024,Synthetic (New Formula)
Toyota,Toyota bZ4X,2024,49552.976152383926,43475.0,Like New,Preah Vihear,Blue,71.4,500,150,7.1,Authorized Dealer,GB-T/CCS2,11/12/2022,Synthetic (New Formula)
BYD,BYD Atto 2,2024,25778.892510428304,33490.0,New,Siem Reap,White,45.1,312-401,130,7.9,Authorized Dealer,GB-T/CCS2,23-05-2025,Synthetic (New Formula)
Tesla,Tesla Model Y,2025,56452.01944008839,33528.0,Good,Siem Reap,Silver,60/75/82,430-600,220,6.9,Private,GB-T/CCS2,11/5/2025,Synthetic (New Formula)
BMW,BMW iX1,2023,60817.10847422269,15521.0,New,Sihanoukville,Silver,64.7,417,150,8.6,Authorized Dealer,GB-T/CCS2,12/4/2024,Synthetic (New Formula)
MG,MG 4 EV,2023,26754.451648942002,2320.0,New,Phnom Penh,Grey,51/64/77,350-520,125,7.7,Dealer,GB-T/CCS2,28-08-2022,Synthetic (New Formula)
Toyota,Toyota bZ4X,2024,46375.090013646935,17190.0,Like New,Phnom Penh,Black,71.4,500,150,7.1,Authorized Dealer,GB-T/CCS2,11/9/2022,Synthetic (New Formula)
Hyundai,Hyundai Ioniq 5,2025,42582.95255303853,14076.0,Like New,Siem Reap,Black,58/72.6,354-488,125,7.4,Dealer,GB-T/CCS2,12/5/2022,Synthetic (New Formula)
BYD,BYD Atto 3,2025,31601.481244078637,37128.0,Fair,Battambang,Green,50/60.5,340-420,150,7.3,Private,GB-T/CCS2,3/6/2022,Synthetic (New Formula)
Mercedes,Mercedes EQB,2025,64333.889674730664,29896.0,New,Siem Reap,Black,66.5,419,168,8.0,Authorized Dealer,GB-T/CCS2,18-04-2023,Synthetic (New Formula)
Hyundai,Hyundai Ioniq 6,2023,54915.615396014895,6624.0,New,Phnom Penh,White,53/77.4,429-614,151,8.1,Dealer,GB-T/CCS2,8/8/2022,Synthetic (New Formula)
BYD,BYD Atto 3,2024,29595.24273337524,20482.0,New,Siem Reap,White,50/60.5,340-420,150,7.3,Dealer,GB-T/CCS2,24-01-2025,Synthetic (New Formula)
BMW,BMW iX1,2022,57626.03658708044,4740.0,Excellent,Phnom Penh,Grey,64.7,417,150,8.6,Private,GB-T/CCS2,16-07-2024,Synthetic (New Formula)
Kia,Kia EV5,2024,36043.51328707903,0.0,Like New,Phnom Penh,Black,64.2/88,400-600,160,7.5,Private,GB-T/CCS2,11/11/2024,Synthetic (New Formula)
BYD,BYD Seal,2025,36192.442604004915,6228.0,Like New,Koh Kong,Blue,61.4/82.5,400-550,150,3.8,Authorized Dealer,GB-T/CCS2,16-09-2025,Synthetic (New Formula)
VinFast,VinFast VF 8,2024,41545.133527923615,7008.0,Like New,Phnom Penh,White,82/87.5,420-500,150,5.5,Authorized Dealer,GB-T/CCS2,15-12-2022,Synthetic (New Formula)
MG,MG 5,2023,23212.467679558395,33252.0,New,Kep,Red,61.1,403,130,7.7,Dealer,GB-T/CCS2,23-09-2020,Synthetic (New Formula)
Arcfox,Arcfox Koala S,2024,28448.182832355644,36642.0,New,Phnom Penh,White,42.8,301,120,8.5,Authorized Dealer,GB-T/CCS2,24-07-2024,Synthetic (New Formula)
Xiaomi,Xiaomi SU7,2022,80420.83835892304,4230.0,Like New,Phnom Penh,Silver,73.6/94.3,495-830,220,5.3,Dealer,GB-T/CCS2,3/12/2024,Synthetic (New Formula)
MG,MG ZS EV,2023,27350.90102618166,3912.0,Good,Siem Reap,Black,50.3/72.6,320-440,115,8.6,Dealer,GB-T/CCS2,3/5/2023,Synthetic (New Formula)
Tesla,Tesla Model 3,2025,48367.49052746269,33136.0,Fair,Phnom Penh,White,60/82,430-576,208,6.1,Private,GB-T/CCS2,1/2/2023,Synthetic (New Formula)
MG,MG 5,2020,24192.861973480078,5525.0,Like New,Phnom Penh,White,61.1,403,130,7.7,Private,GB-T/CCS2,21-01-2023,Synthetic (New Formula)
Denza,Denza D9,2025,78270.44000209038,3444.0,New,Battambang,Silver,103,600,230,6.9,Authorized Dealer,GB-T/CCS2,18-04-2022,Synthetic (New Formula)
Toyota,Toyota bZ4X,2023,47803.20690746594,9016.0,New,Sihanoukville,White,71.4,500,150,7.1,Authorized Dealer,GB-T/CCS2,20-01-2024,Synthetic (New Formula)
AION,AION Y Plus,2025,34506.00537719326,29400.0,New,Phnom Penh,Silver,51.9/63.9,410-510,150,7.8,Dealer,GB-T/CCS2,2/7/2025,Synthetic (New Formula)
Toyota,Toyota bZ4X,2025,45787.06367681537,24360.0,New,Sihanoukville,Black,71.4,500,150,7.1,Authorized Dealer,GB-T/CCS2,11/3/2022,Synthetic (New Formula)
AITO,AITO M5,2023,44359.337354672985,3660.0,New,Sihanoukville,Black,40,200 PHEV,200,4.8,Authorized Dealer,GB-T/CCS2,24-08-2023,Synthetic (New Formula)
Zeekr,Zeekr 001,2024,73316.42513646463,0.0,New,Siem Reap,White,86/100,560-620,200,3.3,Private,GB-T/CCS2,12/4/2024,Synthetic (New Formula)
Nissan,Nissan Leaf,2024,29666.055721807108,31958.0,Like New,Phnom Penh,White,40/62,240-385,110,7.0,Authorized Dealer,GB-T/CCS2,22-08-2022,Synthetic (New Formula)
Denza,Denza D9,2025,80374.89324837131,8630.0,New,Siem Reap,White,103,600,230,6.9,Authorized Dealer,GB-T/CCS2,8/1/2023,Synthetic (New Formula)
BYD,BYD Atto 3,2022,31015.377522686344,12780.0,New,Phnom Penh,Black,50/60.5,340-420,150,7.3,Dealer,GB-T/CCS2,8/3/2022,Synthetic (New Formula)
BYD,BYD Han,2023,58350.657833508405,10700.0,Like New,Battambang,Silver,76.9/85.4,500-610,180,3.9,Dealer,GB-T/CCS2,1/3/2021,Synthetic (New Formula)
BYD,BYD Sealion 6,2023,45019.84885433514,7288.0,New,Battambang,Grey,18.3,80-100 PHEV,145,8.5,Authorized Dealer,GB-T/CCS2,3/12/2023,Synthetic (New Formula)
Kia,Kia EV9,2024,78695.15953141109,0.0,Excellent,Phnom Penh,Grey,99.8,541,283,5.3,Authorized Dealer,GB-T/CCS2,12/1/2025,Synthetic (New Formula)
MG,MG ZS EV,2022,29740.095584539933,13024.0,Fair,Siem Reap,Black,50.3/72.6,320-440,115,8.6,Private,GB-T/CCS2,20-07-2022,Synthetic (New Formula)
Toyota,Toyota bZ4X,2025,42578.76453077634,4895.0,Like New,Sihanoukville,Black,71.4,500,150,7.1,Private,GB-T/CCS2,26-07-2024,Synthetic (New Formula)
Kia,Kia EV5,2022,38310.42157782329,17040.0,Good,Phnom Penh,Silver,64.2/88,400-600,160,7.5,Authorized Dealer,GB-T/CCS2,13-08-2024,Synthetic (New Formula)
BYD,BYD Tang,2022,66088.2665746759,10270.0,New,Phnom Penh,Grey,86.4/108.8,400-530,180,4.6,Authorized Dealer,GB-T/CCS2,13-02-2023,Synthetic (New Formula)
Tesla,Tesla Model 3,2022,51935.95960004984,0.0,Good,Phnom Penh,Silver,60/82,430-576,208,6.1,Private,GB-T/CCS2,22-06-2020,Synthetic (New Formula)
Hyundai,Hyundai Ioniq 5,2025,46508.43801216051,48256.0,Excellent,Kampong Cham,Grey,58/72.6,354-488,125,7.4,Dealer,GB-T/CCS2,20-06-2021,Synthetic (New Formula)
VinFast,VinFast VF 6,2022,26202.526150468537,11154.0,New,Kratie,Red,59.6,399,110,,Authorized Dealer,GB-T/CCS2,28-06-2022,Synthetic (New Formula)
BYD,BYD Atto 2,2025,24071.871588266673,11154.0,New,Phnom Penh,Cosmos Black,45.1,312-401,130,7.9,Authorized Dealer,GB-T/CCS2,14-06-2024,Synthetic (New Formula)
Kia,Kia EV5,2023,36033.8257987886,26564.0,Like New,Phnom Penh,Silver,64.2/88,400-600,160,7.5,Dealer,GB-T/CCS2,28-06-2023,Synthetic (New Formula)
BYD,BYD Han,2025,63173.4992685838,41292.0,New,Phnom Penh,White,76.9/85.4,500-610,180,3.9,Authorized Dealer,GB-T/CCS2,6/7/2020,Synthetic (New Formula)
MG,MG ZS EV,2020,32658.79018148051,10270.0,Excellent,Phnom Penh,Silver,50.3/72.6,320-440,115,8.6,Dealer,GB-T/CCS2,10/4/2022,Synthetic (New Formula)
Hyundai,Hyundai Ioniq 5,2022,46413.35538919559,25885.0,Excellent,Phnom Penh,White,58/72.6,354-488,125,7.4,Authorized Dealer,GB-T/CCS2,25-08-2022,Synthetic (New Formula)
Toyota,Toyota bZ4X,2021,47309.392871678596,20328.0,New,Sihanoukville,Black,71.4,500,150,7.1,Private,GB-T/CCS2,26-07-2024,Synthetic (New Formula)
Zeekr,Zeekr 001,2020,76779.20893741505,0.0,Good,Phnom Penh,White,86/100,560-620,200,3.3,Private,GB-T/CCS2,19-01-2024,Synthetic (New Formula)
Mercedes,Mercedes EQB,2023,72427.58876509297,38988.0,New,Kampot,Cosmos Black,66.5,419,168,8.0,Dealer,GB-T/CCS2,16-02-2022,Synthetic (New Formula)
Zeekr,Zeekr X,2024,56544.02409908133,22088.0,Like New,Kampot,White,66,440,200,5.6,Private,GB-T/CCS2,25-09-2023,Synthetic (New Formula)
AITO,AITO M7,2025,53641.43892553746,1039.0,Fair,Kampong Cham,White,40,200 PHEV,330,4.8,Dealer,GB-T/CCS2,1/7/2025,Synthetic (New Formula)
Arcfox,Arcfox Koala S,2024,26341.314869657668,11495.0,Excellent,Siem Reap,White,42.8,301,120,8.5,Dealer,GB-T/CCS2,22-10-2024,Synthetic (New Formula)
AITO,AITO M5,2024,46063.28138097748,20328.0,Excellent,Battambang,Grey,40,200 PHEV,200,4.8,Private,GB-T/CCS2,2/1/2025,Synthetic (New Formula)
VinFast,VinFast VF 8,2025,41125.61645877563,0.0,Like New,Phnom Penh,Black,82/87.5,420-500,150,5.5,Private,GB-T/CCS2,13-11-2023,Synthetic (New Formula)
BMW,BMW iX1,2025,58128.151066551996,16128.0,Like New,Siem Reap,Black,64.7,417,150,8.6,Authorized Dealer,GB-T/CCS2,14-05-2023,Synthetic (New Formula)
Tesla,Tesla Model 3,2023,48956.59794952012,11484.0,Like New,Phnom Penh,White,60/82,430-576,208,6.1,Private,GB-T/CCS2,9/12/2020,Synthetic (New Formula)
BMW,BMW iX1,2025,58419.92126671797,26400.0,New,Siem Reap,Grey,64.7,417,150,8.6,Dealer,GB-T/CCS2,19-10-2024,Synthetic (New Formula)
Kia,Kia EV5,2024,33863.16557243832,4240.0,Like New,Phnom Penh,Black,64.2/88,400-600,160,7.5,Authorized Dealer,GB-T/CCS2,8/9/2023,Synthetic (New Formula)
Tesla,Tesla Model Y,2023,61063.88382080533,33136.0,New,Phnom Penh,White,60/75/82,430-600,220,6.9,Dealer,GB-T/CCS2,16-11-2024,Synthetic (New Formula)
Denza,Denza D9,2023,83032.60850148703,991.0,New,Preah Vihear,Red,103,600,230,6.9,Dealer,GB-T/CCS2,10/1/2024,Synthetic (New Formula)
MG,MG ZS EV,2023,27531.818795377905,6825.0,Excellent,Phnom Penh,Silver,50.3/72.6,320-440,115,8.6,Dealer,GB-T/CCS2,10/4/2022,Synthetic (New Formula)
MG,MG ZS EV,2025,28197.45736444084,18180.0,Excellent,Phnom Penh,Silver,50.3/72.6,320-440,115,8.6,Private,GB-T/CCS2,10/5/2025,Synthetic (New Formula)
BYD,BYD Seal 5,2024,21177.132841624538,0.0,New,Phnom Penh,Blue,15.8,80 PHEV,110,7.9,Private,GB-T/CCS2,28-11-2024,Synthetic (New Formula)
Avatr,Avatr 11,2025,70200.89733746828,43475.0,Like New,Kep,Grey,90/116,555-700,230,3.9,Private,GB-T/CCS2,9/10/2024,Synthetic (New Formula)
BYD,BYD Tang,2023,68747.00474841829,47670.0,Like New,Phnom Penh,Black,86.4/108.8,400-530,180,4.6,Authorized Dealer,GB-T/CCS2,23-10-2020,Synthetic (New Formula)
BYD,BYD Sealion 6,2023,46373.42042323719,11984.0,New,Kratie,Silver,18.3,80-100 PHEV,145,8.5,Private,GB-T/CCS2,13-05-2025,Synthetic (New Formula)
Hyundai,Hyundai Ioniq 5,2021,45328.21092985319,0.0,New,Phnom Penh,White,58/72.6,354-488,125,7.4,Authorized Dealer,GB-T/CCS2,25-08-2022,Synthetic (New Formula)
BYD,BYD Atto 3,2024,31222.551116583367,16928.0,Like New,Phnom Penh,White,50/60.5,340-420,150,7.3,Authorized Dealer,GB-T/CCS2,25-04-2023,Synthetic (New Formula)
MG,MG ZS EV,2024,28538.0222660979,5950.0,New,Phnom Penh,Silver,50.3/72.6,320-440,115,8.6,Dealer,GB-T/CCS2,21-10-2024,Synthetic (New Formula)
MG,MG 5,2023,22326.20674003054,10700.0,New,Siem Reap,White,61.1,403,130,7.7,Dealer,GB-T/CCS2,19-06-2024,Synthetic (New Formula)
BYD,BYD Dolphin,2024,24447.280283229276,4250.0,Excellent,Phnom Penh,White,44.9/60.5,310-420,70,7.5,Authorized Dealer,GB-T/CCS2,12/2/2025,Synthetic (New Formula)
AION,AION ES,2025,27851.9965590305,975.0,Good,Phnom Penh,White,55.6,410,150,7.5,Dealer,GB-T/CCS2,16-02-2025,Synthetic (New Formula)
BYD,BYD Sealion 7,2022,46196.62190020461,41667.0,New,Battambang,Black,71.8/91.3,460-567,230,4.5,Private,GB-T/CCS2,24-06-2024,Synthetic (New Formula)
Hyundai,Hyundai Ioniq 6,2025,55750.62446211251,31563.0,Like New,Siem Reap,White,53/77.4,429-614,151,8.1,Private,GB-T/CCS2,17-04-2024,Synthetic (New Formula)
Denza,Denza D9,2024,92803.60740441697,55440.0,New,Preah Vihear,Red,103,600,230,6.9,Dealer,GB-T/CCS2,10/1/2024,Synthetic (New Formula)
Kia,Kia EV6,2025,48163.02136069691,33263.0,New,Phnom Penh,White,77.4,484,168,7.1,Authorized Dealer,GB-T/CCS2,5/9/2022,Synthetic (New Formula)
Leapmotor,Leapmotor T03,2024,12652.310210716772,10790.0,New,Battambang,White,41.3,403,80,,Authorized Dealer,GB-T/CCS2,10/1/2024,Synthetic (New Formula)
Tesla,Tesla Model Y,2023,64299.07483134509,24360.0,Excellent,Phnom Penh,Blue,60/75/82,430-600,220,6.9,Private,GB-T/CCS2,17-08-2022,Synthetic (New Formula)
MG,MG 5,2024,23170.645302328372,31590.0,Good,Phnom Penh,Grey,61.1,403,130,7.7,Dealer,GB-T/CCS2,21-05-2022,Synthetic (New Formula)
Nissan,Nissan Leaf,2024,26880.562505199763,944.0,New,Phnom Penh,Black,40/62,240-385,110,7.0,Private,GB-T/CCS2,11/2/2020,Synthetic (New Formula)
BYD,BYD Han,2025,60336.89431883159,1111.0,New,Battambang,Silver,76.9/85.4,500-610,180,3.9,Dealer,GB-T/CCS2,22-01-2025,Synthetic (New Formula)
Hyundai,Hyundai Ioniq 5,2025,46902.52472734335,55944.0,Like New,Siem Reap,White,58/72.6,354-488,125,7.4,Authorized Dealer,GB-T/CCS2,12/9/2021,Synthetic (New Formula)
Nissan,Nissan Leaf,2023,29561.678035097862,8400.0,New,Phnom Penh,White,40/62,240-385,110,7.0,Authorized Dealer,GB-T/CCS2,22-08-2022,Synthetic (New Formula)
Arcfox,Arcfox Koala S,2022,27627.509306187574,0.0,Good,Sihanoukville,Black,42.8,301,120,8.5,Private,GB-T/CCS2,3/2/2025,Synthetic (New Formula)
Hyundai,Hyundai Ioniq 6,2025,52462.896297848434,19596.0,Like New,Phnom Penh,Red,53/77.4,429-614,151,8.1,Dealer,GB-T/CCS2,23-02-2023,Synthetic (New Formula)
BYD,BYD Sealion 6,2024,42957.396213243985,0.0,Like New,Phnom Penh,Black,18.3,80-100 PHEV,145,8.5,Authorized Dealer,GB-T/CCS2,28-09-2025,Synthetic (New Formula)
Tesla,Tesla Model Y,2023,62477.29287042536,2006.0,Excellent,Phnom Penh,White,60/75/82,430-600,220,6.9,Authorized Dealer,GB-T/CCS2,24-01-2025,Synthetic (New Formula)
Kia,Kia EV6,2025,48810.2904669208,7512.0,Fair,Phnom Penh,Blue,77.4,484,168,7.1,Dealer,GB-T/CCS2,14-05-2023,Synthetic (New Formula)
BMW,BMW iX1,2022,63594.346669024824,30711.0,Like New,Siem Reap,White,64.7,417,150,8.6,Authorized Dealer,GB-T/CCS2,22-08-2023,Synthetic (New Formula)
BYD,BYD Seal,2023,36940.03351805281,1062.0,New,Phnom Penh,Blue,61.4/82.5,400-550,150,3.8,Private,GB-T/CCS2,20-12-2022,Synthetic (New Formula)
MG,MG 5,2025,22234.183769881744,38760.0,Fair,Battambang,White,61.1,403,130,7.7,Authorized Dealer,GB-T/CCS2,15-01-2025,Synthetic (New Formula)
Kia,Kia EV6,2024,49645.60424773132,0.0,Good,Phnom Penh,Blue,77.4,484,168,7.1,Private,GB-T/CCS2,3/7/2024,Synthetic (New Formula)
VinFast,VinFast VF 9,2024,63465.831617642325,4025.0,Like New,Phnom Penh,Orange,123,438,300,6.5,Authorized Dealer,GB-T/CCS2,24-08-2023,Synthetic (New Formula)
Tesla,Tesla Model 3,2022,49882.692871962594,20286.0,Excellent,Phnom Penh,White,60/82,430-576,208,6.1,Authorized Dealer,GB-T/CCS2,28-04-2025,Synthetic (New Formula)
Avatr,Avatr 11,2025,63269.38281714733,14882.0,New,Battambang,White,90/116,555-700,230,3.9,Authorized Dealer,GB-T/CCS2,28-01-2024,Synthetic (New Formula)
Avatr,Avatr 07,2025,42148.58558714853,866.0,New,Phnom Penh,White,62.2/100.5,420-621,190,4.9,Private,GB-T/CCS2,23-08-2025,Synthetic (New Formula)
Toyota,Toyota bZ4X,2024,52059.77324770288,58023.0,Like New,Phnom Penh,Grey,71.4,500,150,7.1,Dealer,GB-T/CCS2,23-06-2022,Synthetic (New Formula)
Denza,Denza D9,2023,85776.77578024863,30336.0,Good,Phnom Penh,Silver,103,600,230,6.9,Authorized Dealer,GB-T/CCS2,18-10-2023,Synthetic (New Formula)
BMW,BMW iX1,2025,53290.144746984624,20286.0,Like New,Battambang,White,64.7,417,150,8.6,Dealer,GB-T/CCS2,24-02-2023,Synthetic (New Formula)
MG,MG ZS EV,2025,28232.97369950629,14756.0,New,Phnom Penh,Cosmos Black,50.3/72.6,320-440,115,8.6,Authorized Dealer,GB-T/CCS2,9/11/2021,Synthetic (New Formula)
Denza,Denza D9,2025,87568.05538466926,22512.0,Like New,Siem Reap,White,103,600,230,6.9,Authorized Dealer,GB-T/CCS2,8/1/2023,Synthetic (New Formula)
MG,MG 5,2024,23210.73557324925,20332.0,Excellent,Siem Reap,White,61.1,403,130,7.7,Dealer,GB-T/CCS2,19-06-2024,Synthetic (New Formula)
Hyundai,Hyundai Ioniq 6,2023,58260.33237415883,39039.0,New,Sihanoukville,Grey,53/77.4,429-614,151,8.1,Dealer,GB-T/CCS2,26-11-2022,Synthetic (New Formula)
Toyota,Toyota bZ4X,2025,46337.63359644389,23736.0,New,Phnom Penh,Grey,71.4,500,150,7.1,Dealer,GB-T/CCS2,23-06-2022,Synthetic (New Formula)
Denza,Denza D9,2024,82944.94479551603,6888.0,Like New,Siem Reap,White,103,600,230,6.9,Authorized Dealer,GB-T/CCS2,14-02-2025,Synthetic (New Formula)
Deepal,Deepal L07,2023,53022.436671929,39970.0,Like New,Kratie,Black,31.6,200 PHEV,160,7.3,Authorized Dealer,GB-T/CCS2,5/5/2025,Synthetic (New Formula)
Mercedes,Mercedes EQB,2025,64258.12512240174,26505.0,Like New,Siem Reap,Black,66.5,419,168,8.0,Authorized Dealer,GB-T/CCS2,18-04-2023,Synthetic (New Formula)
Leapmotor,Leapmotor T03,2022,13605.527595548827,13908.0,New,Siem Reap,Black,41.3,403,80,,Private,GB-T/CCS2,19-11-2023,Synthetic (New Formula)
Kia,Kia EV6,2022,56592.524382825526,43953.0,Like New,Sihanoukville,Green,77.4,484,168,7.1,Authorized Dealer,GB-T/CCS2,3/1/2024,Synthetic (New Formula)
Mercedes,Mercedes EQB,2022,68246.04641200705,10881.0,New,Phnom Penh,Silver,66.5,419,168,8.0,Authorized Dealer,GB-T/CCS2,24-01-2023,Synthetic (New Formula)
BYD,BYD Tang,2025,65868.10422973128,33087.0,Like New,Preah Vihear,Black,86.4/108.8,400-530,180,4.6,Private,GB-T/CCS2,21-05-2023,Synthetic (New Formula)
Hyundai,Hyundai Ioniq 5,2022,49142.83841228824,48660.0,Good,Phnom Penh,Silver,58/72.6,354-488,125,7.4,Private,GB-T/CCS2,12/11/2024,Synthetic (New Formula)
VinFast,VinFast VF 9,2021,79606.49586233623,40663.0,Excellent,Kampong Cham,Silver,123,438,300,6.5,Private,GB-T/CCS2,6/10/2024,Synthetic (New Formula)
BYD,BYD Atto 3,2025,32748.807042579232,43953.0,New,Battambang,White,50/60.5,340-420,150,7.3,Authorized Dealer,GB-T/CCS2,8/5/2024,Synthetic (New Formula)
Tesla,Tesla Model 3,2024,45836.57213264614,4240.0,Good,Battambang,Grey,60/82,430-576,208,6.1,Dealer,GB-T/CCS2,20-08-2025,Synthetic (New Formula)
MG,MG 4 EV,2024,29834.51111846221,48660.0,New,Phnom Penh,Grey,51/64/77,350-520,125,7.7,Private,GB-T/CCS2,28-08-2021,Synthetic (New Formula)
BYD,BYD Atto 3,2022,31188.431303986137,18700.0,New,Sihanoukville,White,50/60.5,340-420,150,7.3,Dealer,GB-T/CCS2,26-01-2023,Synthetic (New Formula)
Tesla,Tesla Model 3,2022,49496.727246952556,1100.0,New,Kampong Cham,White,60/82,430-576,208,6.1,Private,GB-T/CCS2,5/8/2021,Synthetic (New Formula)
Hyundai,Hyundai Ioniq 5,2020,47390.91080926855,9666.0,New,Phnom Penh,Blue,58/72.6,354-488,125,7.4,Authorized Dealer,GB-T/CCS2,9/2/2025,Synthetic (New Formula)
Xiaomi,Xiaomi SU7,2022,86581.59436410991,1766.0,New,Phnom Penh,White,73.6/94.3,495-830,220,5.3,Authorized Dealer,GB-T/CCS2,20-03-2024,Synthetic (New Formula)
BYD,BYD Seal 5,2024,20499.935048787065,0.0,New,Preah Vihear,White,15.8,80 PHEV,110,7.9,Authorized Dealer,GB-T/CCS2,1/5/2024,Synthetic (New Formula)
Hyundai,Hyundai Ioniq 5,2023,41627.239393394724,0.0,New,Siem Reap,Black,58/72.6,354-488,125,7.4,Private,GB-T/CCS2,5/2/2022,Synthetic (New Formula)
MG,MG 4 EV,2022,27817.947150532164,22770.0,New,Phnom Penh,White,51/64/77,350-520,125,7.7,Dealer,GB-T/CCS2,14-04-2024,Synthetic (New Formula)
Avatr,Avatr 07,2025,49464.502378658704,35800.0,New,Phnom Penh,White,62.2/100.5,420-621,190,4.9,Private,GB-T/CCS2,23-08-2025,Synthetic (New Formula)
BYD,BYD Sealion 6,2025,46510.61704938012,8440.0,New,Phnom Penh,Black,18.3,80-100 PHEV,145,8.5,Authorized Dealer,GB-T/CCS2,28-09-2025,Synthetic (New Formula)
AION,AION V,2022,44915.380630925676,52100.0,New,Phnom Penh,Black,68.8/80,480-610,165,7.1,Dealer,GB-T/CCS2,28-12-2024,Synthetic (New Formula)
Hyundai,Hyundai Ioniq 5,2022,49699.03846816555,39790.0,New,Phnom Penh,Silver,58/72.6,354-488,125,7.4,Private,GB-T/CCS2,12/11/2024,Synthetic (New Formula)
MG,MG 4 EV,2024,27679.232120392684,29172.0,Good,Phnom Penh,Grey,51/64/77,350-520,125,7.7,Dealer,GB-T/CCS2,26-01-2024,Synthetic (New Formula)
VinFast,VinFast VF 9,2021,72332.31100235324,9666.0,Like New,Phnom Penh,White,123,438,300,6.5,Authorized Dealer,GB-T/CCS2,12/8/2022,Synthetic (New Formula)
Zeekr,Zeekr 007,2025,61040.164772670396,20196.0,New,Siem Reap,Pearl White,75/100,530-688,310,3.5,Authorized Dealer,GB-T/CCS2,11/6/2024,Synthetic (New Formula)
MG,MG ZS EV,2022,31573.222317646585,20658.0,New,Siem Reap,Black,50.3/72.6,320-440,115,8.6,Private,GB-T/CCS2,20-07-2022,Synthetic (New Formula)
Toyota,Toyota bZ4X,2024,47201.7865935856,11304.0,New,Sihanoukville,Black,71.4,500,150,7.1,Authorized Dealer,GB-T/CCS2,11/3/2022,Synthetic (New Formula)
MG,MG ZS EV,2022,29454.665582447393,0.0,Like New,Phnom Penh,Silver,50.3/72.6,320-440,115,8.6,Private,GB-T/CCS2,24-08-2020,Synthetic (New Formula)
BYD,BYD Seal,2023,38381.78039556257,23355.0,Like New,Sihanoukville,White,61.4/82.5,400-550,150,3.8,Dealer,GB-T/CCS2,2/11/2023,Synthetic (New Formula)
MG,MG 5,2024,21499.21764289208,4640.0,Excellent,Siem Reap,Blue,61.1,403,130,7.7,Dealer,GB-T/CCS2,6/2/2024,Synthetic (New Formula)
Denza,Denza D9,2024,81502.12059553777,14127.0,New,Phnom Penh,Cosmos Black,103,600,230,6.9,Authorized Dealer,GB-T/CCS2,10/4/2023,Synthetic (New Formula)
BYD,BYD M9,2025,60172.629157165546,0.0,New,Phnom Penh,Blue,52,180 PHEV,180,,Authorized Dealer,GB-T/CCS2,11/4/2025,Synthetic (New Formula)
Kia,Kia EV6,2023,49895.44236617237,5755.0,Like New,Phnom Penh,White,77.4,484,168,7.1,Private,GB-T/CCS2,18-02-2023,Synthetic (New Formula)
Leapmotor,Leapmotor T03,2022,13891.810112877349,32445.0,Like New,Phnom Penh,Blue,41.3,403,80,,Dealer,GB-T/CCS2,19-08-2023,Synthetic (New Formula)
AITO,AITO M5,2024,45720.013034487405,25152.0,Good,Kampong Cham,Black,40,200 PHEV,200,4.8,Private,GB-T/CCS2,10/3/2022,Synthetic (New Formula)
MG,MG ZS EV,2023,30678.107520731526,39970.0,Like New,Phnom Penh,Silver,50.3/72.6,320-440,115,8.6,Private,GB-T/CCS2,10/5/2025,Synthetic (New Formula)
Zeekr,Zeekr 007,2022,65181.26245173264,4836.0,Like New,Phnom Penh,Black,75/100,530-688,310,3.5,Private,GB-T/CCS2,13-03-2024,Synthetic (New Formula)
Xiaomi,Xiaomi SU7,2025,75269.38856942816,12573.0,New,Kampong Cham,Silver,73.6/94.3,495-830,220,5.3,Dealer,GB-T/CCS2,20-05-2025,Synthetic (New Formula)
Avatr,Avatr 11,2025,65348.019863943286,5610.0,New,Phnom Penh,Black,90/116,555-700,230,3.9,Authorized Dealer,GB-T/CCS2,18-11-2023,Synthetic (New Formula)
Toyota,Toyota bZ4X,2022,47741.52084713601,8224.0,Good,Sihanoukville,Black,71.4,500,150,7.1,Private,GB-T/CCS2,26-07-2024,Synthetic (New Formula)
Hyundai,Hyundai Ioniq 6,2024,53039.87555441733,16928.0,Fair,Phnom Penh,White,53/77.4,429-614,151,8.1,Dealer,GB-T/CCS2,12/7/2024,Synthetic (New Formula)
MG,MG ZS EV,2022,31394.625821637,20856.0,Excellent,Siem Reap,Black,50.3/72.6,320-440,115,8.6,Dealer,GB-T/CCS2,3/5/2023,Synthetic (New Formula)
Kia,Kia EV6,2024,51624.102844565736,30740.0,New,Sihanoukville,Green,77.4,484,168,7.1,Authorized Dealer,GB-T/CCS2,3/1/2024,Synthetic (New Formula)
Nissan,Nissan Leaf,2025,29152.304630169547,27027.0,Excellent,Kep,Silver,40/62,240-385,110,7.0,Private,GB-T/CCS2,27-01-2021,Synthetic (New Formula)
BYD,BYD Dolphin,2024,27606.933090060116,39732.0,Like New,Kratie,Blue,44.9/60.5,310-420,70,7.5,Dealer,GB-T/CCS2,17-04-2024,Synthetic (New Formula)
BYD,BYD Tang,2025,65087.58817017013,52118.0,Like New,Phnom Penh,Blue,86.4/108.8,400-530,180,4.6,Authorized Dealer,GB-T/CCS2,4/7/2022,Synthetic (New Formula)
BYD,BYD Atto 2,2023,23360.186057456813,1147.0,Excellent,Phnom Penh,Grey,45.1,312-401,130,7.9,Private,GB-T/CCS2,24-08-2025,Synthetic (New Formula)
Denza,Denza D9,2020,95349.54499433836,28560.0,Fair,Battambang,Silver,103,600,230,6.9,Authorized Dealer,GB-T/CCS2,18-04-2022,Synthetic (New Formula)
Nissan,Nissan Leaf,2025,26019.709341184665,0.0,Fair,Phnom Penh,Grey,40/62,240-385,110,7.0,Authorized Dealer,GB-T/CCS2,10/4/2021,Synthetic (New Formula)
Toyota,Toyota bZ4X,2022,48300.96425653408,4740.0,New,Sihanoukville,Black,71.4,500,150,7.1,Authorized Dealer,GB-T/CCS2,11/3/2022,Synthetic (New Formula)
BYD,BYD Seal,2023,38222.54933683633,6792.0,Fair,Phnom Penh,White,61.4/82.5,400-550,150,3.8,Dealer,GB-T/CCS2,28-11-2024,Synthetic (New Formula)
XPeng,XPeng G6,2023,48232.77622185567,25029.0,New,Kep,White,66/87.5,435-570,190,6.2,Dealer,GB-T/CCS2,15-04-2025,Synthetic (New Formula)
Tesla,Tesla Model 3,2024,45798.78955339652,3468.0,Good,Phnom Penh,White,60/82,430-576,208,6.1,Private,GB-T/CCS2,9/12/2020,Synthetic (New Formula)
AION,AION ES,2021,35701.52812961943,38991.0,New,Siem Reap,Silver,55.6,410,150,7.5,Authorized Dealer,GB-T/CCS2,14-08-2025,Synthetic (New Formula)
Kia,Kia EV6,2021,50892.05787592033,868.0,New,Phnom Penh,Grey,77.4,484,168,7.1,Authorized Dealer,GB-T/CCS2,19-03-2022,Synthetic (New Formula)
MG,MG ZS EV,2022,29670.32003706665,0.0,Excellent,Phnom Penh,White,50.3/72.6,320-440,115,8.6,Private,GB-T/CCS2,21-01-2022,Synthetic (New Formula)
VinFast,VinFast VF 8,2023,44926.72327427181,29904.0,Fair,Phnom Penh,White,82/87.5,420-500,150,5.5,Private,GB-T/CCS2,13-07-2024,Synthetic (New Formula)
MG,MG 5,2021,22895.971345922077,6880.0,Excellent,Phnom Penh,White,61.1,403,130,7.7,Private,GB-T/CCS2,21-01-2023,Synthetic (New Formula)
Mercedes,Mercedes EQB,2024,63174.92245398187,13454.0,New,Phnom Penh,Black,66.5,419,168,8.0,Private,GB-T/CCS2,5/6/2021,Synthetic (New Formula)
Tesla,Tesla Model 3,2025,44198.45391496687,0.0,New,Siem Reap,White,60/82,430-576,208,6.1,Dealer,GB-T/CCS2,2/8/2023,Synthetic (New Formula)
Leapmotor,Leapmotor T03,2025,13062.406731811694,12446.0,Fair,Phnom Penh,Pearl White,41.3,403,80,,Dealer,GB-T/CCS2,1/5/2022,Synthetic (New Formula)
Tesla,Tesla Model 3,2022,47269.34322692601,3444.0,Like New,Phnom Penh,White,60/82,430-576,208,6.1,Private,GB-T/CCS2,9/12/2020,Synthetic (New Formula)
BYD,BYD Atto 3,2023,28597.8524325326,4740.0,Good,Sihanoukville,White,50/60.5,340-420,150,7.3,Dealer,GB-T/CCS2,26-01-2023,Synthetic (New Formula)
Kia,Kia EV5,2024,35516.166365052675,20608.0,Fair,Phnom Penh,Silver,64.2/88,400-600,160,7.5,Authorized Dealer,GB-T/CCS2,13-08-2024,Synthetic (New Formula)
Nissan,Nissan Leaf,2025,27813.284172179443,7434.0,Good,Siem Reap,Blue,40/62,240-385,110,7.0,Dealer,GB-T/CCS2,2/5/2023,Synthetic (New Formula)
AION,AION ES,2025,30833.388344744024,935.0,New,Kep,White,55.6,410,150,7.5,Private,GB-T/CCS2,28-12-2024,Synthetic (New Formula)
BYD,BYD Han,2023,63744.36921403138,26535.0,Like New,Phnom Penh,White,76.9/85.4,500-610,180,3.9,Dealer,GB-T/CCS2,12/5/2024,Synthetic (New Formula)
Avatr,Avatr 11,2023,69034.83142402543,15372.0,Excellent,Phnom Penh,Grey,90/116,555-700,230,3.9,Authorized Dealer,GB-T/CCS2,9/2/2023,Synthetic (New Formula)
Kia,Kia EV5,2022,40434.12938347873,31944.0,Like New,Phnom Penh,Silver,64.2/88,400-600,160,7.5,Authorized Dealer,GB-T/CCS2,13-08-2024,Synthetic (New Formula)
Tesla,Tesla Model 3,2024,44437.30900648042,0.0,New,Sihanoukville,Silver,60/82,430-576,208,6.1,Dealer,GB-T/CCS2,3/1/2022,Synthetic (New Formula)
Leapmotor,Leapmotor T03,2022,13154.231324575896,7008.0,Fair,Phnom Penh,Red,41.3,403,80,,Private,GB-T/CCS2,10/5/2025,Synthetic (New Formula)
Arcfox,Arcfox Koala S,2023,28778.060453082362,37653.0,New,Phnom Penh,Black,42.8,301,120,8.5,Authorized Dealer,GB-T/CCS2,26-05-2025,Synthetic (New Formula)
Mercedes,Mercedes EQB,2022,67303.43369633879,0.0,Like New,Phnom Penh,Orange,66.5,419,168,8.0,Dealer,GB-T/CCS2,25-01-2024,Synthetic (New Formula)
Avatr,Avatr 11,2022,63473.599524097845,2142.0,New,Phnom Penh,Red,90/116,555-700,230,3.9,Authorized Dealer,GB-T/CCS2,19-07-2024,Synthetic (New Formula)
VinFast,VinFast VF 9,2023,69561.2743419409,10700.0,Like New,Kampong Cham,Silver,123,438,300,6.5,Private,GB-T/CCS2,6/10/2024,Synthetic (New Formula)
BYD,BYD Dolphin,2023,26527.156489874797,33292.0,Excellent,Sihanoukville,Cosmos Black,44.9/60.5,310-420,70,7.5,Dealer,GB-T/CCS2,18-08-2025,Synthetic (New Formula)
BYD,BYD Atto 2,2022,23888.59548887183,0.0,New,Phnom Penh,Silver,45.1,312-401,130,7.9,Dealer,GB-T/CCS2,12/9/2024,Synthetic (New Formula)
Avatr,Avatr 11,2024,76198.61918196651,41750.0,New,Phnom Penh,Red,90/116,555-700,230,3.9,Private,GB-T/CCS2,3/8/2023,Synthetic (New Formula)
Zeekr,Zeekr 007,2024,60802.85427974746,10439.0,Fair,Phnom Penh,Red,75/100,530-688,310,3.5,Dealer,GB-T/CCS2,8/5/2025,Synthetic (New Formula)
Avatr,Avatr 07,2022,46905.211465218104,944.0,Excellent,Preah Vihear,Black,62.2/100.5,420-621,190,4.9,Authorized Dealer,GB-T/CCS2,21-12-2024,Synthetic (New Formula)
BMW,BMW iX1,2021,61404.84887820541,15820.0,Like New,Kampong Cham,Green,64.7,417,150,8.6,Private,GB-T/CCS2,15-11-2023,Synthetic (New Formula)
Kia,Kia EV6,2024,51624.620470335634,26854.0,Excellent,Phnom Penh,Blue,77.4,484,168,7.1,Dealer,GB-T/CCS2,14-05-2023,Synthetic (New Formula)
Deepal,Deepal S07,2025,51123.23112964873,18700.0,New,Siem Reap,Black,31.6/80,200 PHEV,190,6.7,Authorized Dealer,GB-T/CCS2,14-02-2025,Synthetic (New Formula)
AION,AION Y Plus,2025,31651.716850715944,8992.0,New,Phnom Penh,Black,51.9/63.9,410-510,150,7.8,Private,GB-T/CCS2,4/4/2025,Synthetic (New Formula)
Zeekr,Zeekr 007,2024,62449.76718788997,18432.0,Like New,Phnom Penh,Silver,75/100,530-688,310,3.5,Dealer,GB-T/CCS2,12/8/2025,Synthetic (New Formula)
Hyundai,Hyundai Ioniq 5,2023,48597.18094270662,36680.0,New,Kampong Cham,Blue,58/72.6,354-488,125,7.4,Private,GB-T/CCS2,8/10/2023,Synthetic (New Formula)
AION,AION ES,2025,33204.95715049126,56784.0,Like New,Siem Reap,Silver,55.6,410,150,7.5,Authorized Dealer,GB-T/CCS2,14-08-2025,Synthetic (New Formula)
BYD,BYD Atto 2,2023,26128.99517705138,35598.0,Good,Siem Reap,White,45.1,312-401,130,7.9,Authorized Dealer,GB-T/CCS2,23-05-2025,Synthetic (New Formula)
AITO,AITO M5,2020,49778.99059437532,14651.0,New,Battambang,White,40,200 PHEV,200,4.8,Authorized Dealer,GB-T/CCS2,11/11/2023,Synthetic (New Formula)
Tesla,Tesla Model 3,2023,46778.01462007963,16524.0,Fair,Sihanoukville,Green,60/82,430-576,208,6.1,Dealer,GB-T/CCS2,25-09-2020,Synthetic (New Formula)
BMW,BMW iX1,2023,71613.63243787576,75264.0,Like New,Phnom Penh,Black,64.7,417,150,8.6,Authorized Dealer,GB-T/CCS2,23-08-2022,Synthetic (New Formula)
Zeekr,Zeekr X,2025,52498.26276628522,11304.0,Excellent,Kep,Cosmos Black,66,440,200,5.6,Private,GB-T/CCS2,4/2/2024,Synthetic (New Formula)
AITO,AITO M7,2024,56814.043585215484,8808.0,Like New,Battambang,Grey,40,200 PHEV,330,4.8,Dealer,GB-T/CCS2,18-01-2025,Synthetic (New Formula)
VinFast,VinFast VF 8,2025,46575.43103928068,37350.0,Good,Preah Vihear,Blue,82/87.5,420-500,150,5.5,Private,GB-T/CCS2,9/4/2022,Synthetic (New Formula)
Tesla,Tesla Model 3,2022,46903.453492947134,13787.0,New,Phnom Penh,Cosmos Black,60/82,430-576,208,6.1,Dealer,GB-T/CCS2,12/1/2025,Synthetic (New Formula)
BYD,BYD Dolphin,2024,27534.650984304237,55944.0,Like New,Phnom Penh,Cosmos Black,44.9/60.5,310-420,70,7.5,Dealer,GB-T/CCS2,28-07-2023,Synthetic (New Formula)
Tesla,Tesla Model 3,2025,47421.116712853734,29896.0,Like New,Phnom Penh,White,60/82,430-576,208,6.1,Dealer,GB-T/CCS2,12/10/2024,Synthetic (New Formula)
BYD,BYD Atto 3,2024,28900.815706558864,866.0,New,Kampong Cham,Silver,50/60.5,340-420,150,7.3,Dealer,GB-T/CCS2,13-10-2023,Synthetic (New Formula)
XPeng,XPeng G6,2023,53869.83166704303,61672.0,Like New,Phnom Penh,Grey,66/87.5,435-570,190,6.2,Authorized Dealer,GB-T/CCS2,27-01-2025,Synthetic (New Formula)
MG,MG 4 EV,2022,27713.08767888801,0.0,New,Phnom Penh,White,51/64/77,350-520,125,7.7,Private,GB-T/CCS2,7/2/2025,Synthetic (New Formula)
BMW,BMW iX1,2022,59912.64696741991,10197.0,Like New,Phnom Penh,White,64.7,417,150,8.6,Private,GB-T/CCS2,9/1/2024,Synthetic (New Formula)
Zeekr,Zeekr X,2023,52976.26151450244,21275.0,New,Phnom Penh,Black,66,440,200,5.6,Authorized Dealer,GB-T/CCS2,16-11-2024,Synthetic (New Formula)
MG,MG 4 EV,2024,26050.851479333243,14926.0,New,Phnom Penh,White,51/64/77,350-520,125,7.7,Dealer,GB-T/CCS2,14-04-2024,Synthetic (New Formula)
Denza,Denza D9,2024,85992.7966880369,26675.0,Like New,Phnom Penh,Grey,103,600,230,6.9,Private,GB-T/CCS2,28-10-2022,Synthetic (New Formula)
XPeng,XPeng G6,2023,45387.78488293264,1147.0,Excellent,Kampot,Blue,66/87.5,435-570,190,6.2,Dealer,GB-T/CCS2,13-04-2024,Synthetic (New Formula)
Kia,Kia EV5,2023,40195.9910484251,43953.0,Good,Kampot,White,64.2/88,400-600,160,7.5,Private,GB-T/CCS2,25-01-2025,Synthetic (New Formula)
BYD,BYD Tang,2021,70181.31101607328,24099.0,New,Phnom Penh,Grey,86.4/108.8,400-530,180,4.6,Authorized Dealer,GB-T/CCS2,13-02-2023,Synthetic (New Formula)
Avatr,Avatr 11,2025,66989.5580276834,20608.0,Excellent,Phnom Penh,Red,90/116,555-700,230,3.9,Private,GB-T/CCS2,3/8/2023,Synthetic (New Formula)
Mercedes,Mercedes EQB,2024,63432.31370050673,0.0,Like New,Sihanoukville,White,66.5,419,168,8.0,Authorized Dealer,GB-T/CCS2,2/11/2022,Synthetic (New Formula)
Hyundai,Hyundai Ioniq 5,2022,46926.01885541136,36686.0,Like New,Siem Reap,White,58/72.6,354-488,125,7.4,Authorized Dealer,GB-T/CCS2,12/9/2021,Synthetic (New Formula)
Zeekr,Zeekr 001,2023,74095.93413899497,15418.0,Excellent,Phnom Penh,Green,86/100,560-620,200,3.3,Private,GB-T/CCS2,22-11-2023,Synthetic (New Formula)
Kia,Kia EV6,2025,51390.924531112185,1766.0,New,Phnom Penh,Silver,77.4,484,168,7.1,Dealer,GB-T/CCS2,14-12-2022,Synthetic (New Formula)
BYD,BYD Han,2025,57551.893031634776,15485.0,New,Phnom Penh,White,76.9/85.4,500-610,180,3.9,Dealer,GB-T/CCS2,11/8/2025,Synthetic (New Formula)
BYD,BYD Atto 3,2021,32410.974747652177,17816.0,Excellent,Phnom Penh,White,50/60.5,340-420,150,7.3,Authorized Dealer,GB-T/CCS2,25-04-2023,Synthetic (New Formula)
Arcfox,Arcfox Koala S,2023,26018.746144775094,6114.0,Excellent,Sihanoukville,Black,42.8,301,120,8.5,Private,GB-T/CCS2,3/2/2025,Synthetic (New Formula)
AITO,AITO M7,2024,59149.91739876293,19038.0,Excellent,Kampong Cham,White,40,200 PHEV,330,4.8,Dealer,GB-T/CCS2,1/7/2025,Synthetic (New Formula)
Tesla,Tesla Model Y,2023,57205.72179357569,866.0,New,Phnom Penh,White,60/75/82,430-600,220,6.9,Private,GB-T/CCS2,14-05-2022,Synthetic (New Formula)
BYD,BYD Dolphin,2024,25072.333816636867,14476.0,Good,Sihanoukville,Silver,44.9/60.5,310-420,70,7.5,Dealer,GB-T/CCS2,7/7/2024,Synthetic (New Formula)
BYD,BYD Atto 3,2024,32349.20241698792,33528.0,New,Sihanoukville,White,50/60.5,340-420,150,7.3,Dealer,GB-T/CCS2,26-01-2023,Synthetic (New Formula)
Deepal,Deepal L07,2023,50466.49804565916,24384.0,Like New,Kampot,Green,31.6,200 PHEV,160,7.3,Private,GB-T/CCS2,3/3/2024,Synthetic (New Formula)
AITO,AITO M5,2023,48531.60634051887,18432.0,New,Battambang,Grey,40,200 PHEV,200,4.8,Private,GB-T/CCS2,2/1/2025,Synthetic (New Formula)
Arcfox,Arcfox Koala S,2022,27945.357361176542,26992.0,New,Phnom Penh,Black,42.8,301,120,8.5,Authorized Dealer,GB-T/CCS2,26-05-2025,Synthetic (New Formula)
Avatr,Avatr 11,2025,71909.87596604916,29896.0,Fair,Siem Reap,Red,90/116,555-700,230,3.9,Private,GB-T/CCS2,4/4/2024,Synthetic (New Formula)
MG,MG ZS EV,2024,27206.033383403843,5440.0,New,Phnom Penh,White,50.3/72.6,320-440,115,8.6,Private,GB-T/CCS2,9/6/2024,Synthetic (New Formula)
AITO,AITO M5,2022,49360.40298843566,4240.0,New,Kep,White,40,200 PHEV,200,4.8,Dealer,GB-T/CCS2,13-07-2024,Synthetic (New Formula)
Kia,Kia EV6,2024,53518.096184582864,33292.0,New,Phnom Penh,Black,77.4,484,168,7.1,Dealer,GB-T/CCS2,11/11/2023,Synthetic (New Formula)
XPeng,XPeng G6,2024,50159.156412115895,41750.0,New,Kampot,Blue,66/87.5,435-570,190,6.2,Dealer,GB-T/CCS2,13-04-2024,Synthetic (New Formula)
Avatr,Avatr 12,2025,61932.22516720147,23575.0,Excellent,Kampong Cham,White,94.5,650,230,3.9,Dealer,GB-T/CCS2,3/4/2025,Synthetic (New Formula)
BYD,BYD Atto 3,2022,32888.07866659962,34545.0,Like New,Siem Reap,White,50/60.5,340-420,150,7.3,Dealer,GB-T/CCS2,24-01-2025,Synthetic (New Formula)
AITO,AITO M5,2024,44034.69867649174,4424.0,Excellent,Sihanoukville,Black,40,200 PHEV,200,4.8,Authorized Dealer,GB-T/CCS2,24-08-2023,Synthetic (New Formula)
AION,AION V,2023,43664.04016436065,41940.0,Like New,Phnom Penh,Black,68.8/80,480-610,165,7.1,Dealer,GB-T/CCS2,28-12-2024,Synthetic (New Formula)
AITO,AITO M7,2024,59624.49555044974,24771.0,New,Sihanoukville,Silver,40,200 PHEV,330,4.8,Authorized Dealer,GB-T/CCS2,17-07-2023,Synthetic (New Formula)
BYD,BYD Dolphin,2025,23656.66142057885,17312.0,Excellent,Koh Kong,Black,44.9/60.5,310-420,70,7.5,Dealer,GB-T/CCS2,8/11/2022,Synthetic (New Formula)
Leapmotor,Leapmotor T03,2023,13907.125766762061,20660.0,Excellent,Sihanoukville,Blue,41.3,403,80,,Dealer,GB-T/CCS2,4/11/2022,Synthetic (New Formula)
BMW,BMW iX1,2020,66536.82175903137,44935.0,Excellent,Phnom Penh,Red,64.7,417,150,8.6,Dealer,GB-T/CCS2,4/12/2022,Synthetic (New Formula)
Zeekr,Zeekr 001,2023,73115.63851260772,8760.0,New,Phnom Penh,Blue,86/100,560-620,200,3.3,Dealer,GB-T/CCS2,16-10-2024,Synthetic (New Formula)
VinFast,VinFast VF 8,2025,41895.009804215864,19596.0,New,Phnom Penh,Red,82/87.5,420-500,150,5.5,Authorized Dealer,GB-T/CCS2,22-10-2022,Synthetic (New Formula)
Zeekr,Zeekr 001,2025,71951.7353590255,9666.0,New,Phnom Penh,Blue,86/100,560-620,200,3.3,Dealer,GB-T/CCS2,16-10-2024,Synthetic (New Formula)
BYD,BYD Sealion 7,2025,42950.01994802426,40663.0,Good,Kampot,White,71.8/91.3,460-567,230,4.5,Private,GB-T/CCS2,15-02-2025,Synthetic (New Formula)
Zeekr,Zeekr X,2025,51377.81739640297,25800.0,Good,Phnom Penh,Pearl White,66,440,200,5.6,Private,GB-T/CCS2,19-09-2025,Synthetic (New Formula)
BYD,BYD Han,2024,61682.79817540582,23712.0,New,Battambang,Silver,76.9/85.4,500-610,180,3.9,Dealer,GB-T/CCS2,1/3/2021,Synthetic (New Formula)
Nissan,Nissan Leaf,2025,30570.688565576726,38480.0,New,Phnom Penh,White,40/62,240-385,110,7.0,Dealer,GB-T/CCS2,24-11-2024,Synthetic (New Formula)
AITO,AITO M5,2025,44897.83318254055,17824.0,New,Kep,Cosmos Black,40,200 PHEV,200,4.8,Dealer,GB-T/CCS2,10/12/2022,Synthetic (New Formula)
MG,MG ZS EV,2024,27827.29867776117,15372.0,Excellent,Phnom Penh,White,50.3/72.6,320-440,115,8.6,Authorized Dealer,GB-T/CCS2,23-02-2024,Synthetic (New Formula)
VinFast,VinFast VF 6,2025,24623.3462764157,5346.0,Like New,Sihanoukville,White,59.6,399,110,,Private,GB-T/CCS2,11/12/2023,Synthetic (New Formula)
VinFast,VinFast VF 9,2023,67693.296173734,28730.0,Excellent,Battambang,Black,123,438,300,6.5,Private,GB-T/CCS2,25-08-2025,Synthetic (New Formula)
BYD,BYD Han,2020,69546.25402451912,52560.0,Excellent,Phnom Penh,Silver,76.9/85.4,500-610,180,3.9,Dealer,GB-T/CCS2,28-08-2022,Synthetic (New Formula)
BYD,BYD Tang,2024,62323.2596505971,14310.0,New,Sihanoukville,Silver,86.4/108.8,400-530,180,4.6,Authorized Dealer,GB-T/CCS2,5/5/2021,Synthetic (New Formula)
VinFast,VinFast VF 9,2021,72328.2959891484,10700.0,Like New,Phnom Penh,Orange,123,438,300,6.5,Authorized Dealer,GB-T/CCS2,24-08-2023,Synthetic (New Formula)
MG,MG 4 EV,2024,24645.51369902392,1033.0,New,Phnom Penh,White,51/64/77,350-520,125,7.7,Dealer,GB-T/CCS2,27-07-2024,Synthetic (New Formula)
MG,MG ZS EV,2023,29973.668765480015,28890.0,Excellent,Phnom Penh,Black,50.3/72.6,320-440,115,8.6,Private,GB-T/CCS2,28-10-2022,Synthetic (New Formula)
BYD,BYD M9,2021,68189.57248541752,0.0,Excellent,Phnom Penh,Silver,52,180 PHEV,180,,Private,GB-T/CCS2,16-01-2025,Synthetic (New Formula)
AITO,AITO M7,2025,59065.6359252619,23400.0,Like New,Battambang,Grey,40,200 PHEV,330,4.8,Dealer,GB-T/CCS2,16-04-2023,Synthetic (New Formula)
Avatr,Avatr 12,2020,67562.26860706088,808.0,Like New,Phnom Penh,Silver,94.5,650,230,3.9,Dealer,GB-T/CCS2,14-07-2025,Synthetic (New Formula)
MG,MG 5,2024,21155.659911912797,3376.0,Like New,Siem Reap,Black,61.1,403,130,7.7,Authorized Dealer,GB-T/CCS2,9/5/2025,Synthetic (New Formula)
Tesla,Tesla Model 3,2023,45277.85271048662,0.0,Like New,Phnom Penh,Silver,60/82,430-576,208,6.1,Private,GB-T/CCS2,22-06-2020,Synthetic (New Formula)
AITO,AITO M5,2024,47969.849946887836,52560.0,New,Kep,White,40,200 PHEV,200,4.8,Dealer,GB-T/CCS2,13-07-2024,Synthetic (New Formula)
Zeekr,Zeekr X,2022,60059.368047407916,23736.0,New,Phnom Penh,Black,66,440,200,5.6,Authorized Dealer,GB-T/CCS2,16-11-2024,Synthetic (New Formula)
Hyundai,Hyundai Ioniq 5,2025,44065.404882607625,24771.0,New,Sihanoukville,White,58/72.6,354-488,125,7.4,Authorized Dealer,GB-T/CCS2,8/5/2025,Synthetic (New Formula)
Kia,Kia EV5,2024,38787.46614947123,43350.0,Like New,Phnom Penh,Silver,64.2/88,400-600,160,7.5,Authorized Dealer,GB-T/CCS2,13-08-2024,Synthetic (New Formula)
Tesla,Tesla Model 3,2024,51372.61518773428,55944.0,Like New,Phnom Penh,Black,60/82,430-576,208,6.1,Dealer,GB-T/CCS2,5/5/2021,Synthetic (New Formula)
Hyundai,Hyundai Ioniq 6,2025,55185.86786478511,23722.0,Like New,Sihanoukville,Grey,53/77.4,429-614,151,8.1,Dealer,GB-T/CCS2,26-11-2022,Synthetic (New Formula)
MG,MG ZS EV,2024,26512.744614146257,0.0,New,Phnom Penh,White,50.3/72.6,320-440,115,8.6,Authorized Dealer,GB-T/CCS2,10/8/2021,Synthetic (New Formula)
MG,MG 5,2024,22785.0224085355,33252.0,Like New,Kep,Red,61.1,403,130,7.7,Dealer,GB-T/CCS2,23-09-2020,Synthetic (New Formula)
MG,MG 4 EV,2025,25398.254503853546,33528.0,Excellent,Battambang,Silver,51/64/77,350-520,125,7.7,Dealer,GB-T/CCS2,14-04-2023,Synthetic (New Formula)
Tesla,Tesla Model 3,2023,49773.68143420008,9735.0,Like New,Phnom Penh,White,60/82,430-576,208,6.1,Private,GB-T/CCS2,1/2/2023,Synthetic (New Formula)
Toyota,Toyota bZ5,2023,40235.28196009194,4836.0,Like New,Phnom Penh,White,71.2,630,180,6.8,Authorized Dealer,GB-T/CCS2,4/4/2025,Synthetic (New Formula)
AION,AION V,2023,38658.36812636761,17616.0,Like New,Phnom Penh,Black,68.8/80,480-610,165,7.1,Private,GB-T/CCS2,15-02-2025,Synthetic (New Formula)
Leapmotor,Leapmotor T03,2022,13511.967148989688,27412.0,New,Phnom Penh,Black,41.3,403,80,,Authorized Dealer,GB-T/CCS2,11/10/2024,Synthetic (New Formula)
Mercedes,Mercedes EQB,2024,62857.285521382444,962.0,New,Phnom Penh,Grey,66.5,419,168,8.0,Private,GB-T/CCS2,23-09-2021,Synthetic (New Formula)
Denza,Denza D9,2025,81365.63765767189,22480.0,Excellent,Preah Vihear,Red,103,600,230,6.9,Dealer,GB-T/CCS2,10/1/2024,Synthetic (New Formula)
BYD,BYD Sealion 6,2021,49968.86009665872,43725.0,New,Battambang,Blue,18.3,80-100 PHEV,145,8.5,Dealer,GB-T/CCS2,24-01-2025,Synthetic (New Formula)
BYD,BYD Sealion 5,2023,28602.413219004677,0.0,New,Siem Reap,Silver,60/72.8,410-520,150,7.5,Dealer,GB-T/CCS2,7/1/2025,Synthetic (New Formula)
Nissan,Nissan Leaf,2025,28665.565185859115,15485.0,New,Sihanoukville,Grey,40/62,240-385,110,7.0,Dealer,GB-T/CCS2,15-11-2023,Synthetic (New Formula)
Avatr,Avatr 07,2025,47152.46143228944,16928.0,New,Phnom Penh,Silver,62.2/100.5,420-621,190,4.9,Authorized Dealer,GB-T/CCS2,13-02-2025,Synthetic (New Formula)
Tesla,Tesla Model Y,2025,63056.088830943205,52560.0,Like New,Phnom Penh,Green,60/75/82,430-600,220,6.9,Authorized Dealer,GB-T/CCS2,25-08-2025,Synthetic (New Formula)
Tesla,Tesla Model 3,2024,46302.21186835264,5120.0,New,Sihanoukville,Silver,60/82,430-576,208,6.1,Dealer,GB-T/CCS2,3/1/2022,Synthetic (New Formula)
Zeekr,Zeekr X,2025,53435.79845368421,20832.0,Like New,Phnom Penh,Red,66,440,200,5.6,Authorized Dealer,GB-T/CCS2,2/6/2023,Synthetic (New Formula)
Arcfox,Arcfox Koala S,2025,25450.515060103076,0.0,Excellent,Phnom Penh,Silver,42.8,301,120,8.5,Dealer,GB-T/CCS2,16-08-2025,Synthetic (New Formula)
MG,MG 5,2023,22623.66530669086,8728.0,Excellent,Kep,Red,61.1,403,130,7.7,Dealer,GB-T/CCS2,23-09-2020,Synthetic (New Formula)
AITO,AITO M5,2024,45003.018615415196,24574.0,New,Siem Reap,White,40,200 PHEV,200,4.8,Authorized Dealer,GB-T/CCS2,11/2/2023,Synthetic (New Formula)
MG,MG 5,2024,22154.51198396674,0.0,Like New,Battambang,Red,61.1,403,130,7.7,Private,GB-T/CCS2,13-05-2021,Synthetic (New Formula)
Avatr,Avatr 11,2024,70997.74816151214,29316.0,Like New,Phnom Penh,White,90/116,555-700,230,3.9,Authorized Dealer,GB-T/CCS2,27-08-2025,Synthetic (New Formula)
VinFast,VinFast VF 9,2024,67517.41503975008,1100.0,New,Phnom Penh,Silver,123,438,300,6.5,Authorized Dealer,GB-T/CCS2,18-05-2022,Synthetic (New Formula)
BMW,BMW iX1,2023,58413.541156885585,27027.0,New,Siem Reap,White,64.7,417,150,8.6,Authorized Dealer,GB-T/CCS2,22-08-2023,Synthetic (New Formula)
BYD,BYD Atto 3,2025,29594.41029602434,29146.0,Like New,Battambang,Grey,50/60.5,340-420,150,7.3,Dealer,GB-T/CCS2,14-12-2022,Synthetic (New Formula)
BYD,BYD Seal,2024,34422.10692665709,3300.0,Good,Siem Reap,Grey,61.4/82.5,400-550,150,3.8,Authorized Dealer,GB-T/CCS2,17-05-2025,Synthetic (New Formula)
BYD,BYD Atto 3,2023,30455.91400670049,7511.0,New,Phnom Penh,White,50/60.5,340-420,150,7.3,Authorized Dealer,GB-T/CCS2,25-04-2023,Synthetic (New Formula)
Hyundai,Hyundai Ioniq 6,2025,53370.53550200113,20853.0,New,Phnom Penh,Red,53/77.4,429-614,151,8.1,Dealer,GB-T/CCS2,23-02-2023,Synthetic (New Formula)
MG,MG ZS EV,2022,31996.22164648675,43953.0,New,Phnom Penh,White,50.3/72.6,320-440,115,8.6,Private,GB-T/CCS2,9/6/2024,Synthetic (New Formula)
Zeekr,Zeekr X,2022,53513.18312771463,0.0,Excellent,Kampot,White,66,440,200,5.6,Private,GB-T/CCS2,25-09-2023,Synthetic (New Formula)
Avatr,Avatr 07,2025,46174.66686775745,26854.0,Excellent,Preah Vihear,Black,62.2/100.5,420-621,190,4.9,Authorized Dealer,GB-T/CCS2,21-12-2024,Synthetic (New Formula)
Tesla,Tesla Model 3,2021,51078.54459683158,24248.0,Excellent,Koh Kong,White,60/82,430-576,208,6.1,Private,GB-T/CCS2,3/5/2023,Synthetic (New Formula)
Tesla,Tesla Model Y,2022,58978.81389844971,2142.0,Excellent,Phnom Penh,White,60/75/82,430-600,220,6.9,Dealer,GB-T/CCS2,19-01-2021,Synthetic (New Formula)
BYD,BYD Atto 3,2022,30652.79242247849,12342.0,New,Phnom Penh,White,50/60.5,340-420,150,7.3,Authorized Dealer,GB-T/CCS2,25-04-2023,Synthetic (New Formula)
Denza,Denza D9,2025,88558.81279608405,32445.0,Excellent,Phnom Penh,Blue,103,600,230,6.9,Private,GB-T/CCS2,1/5/2025,Synthetic (New Formula)
Avatr,Avatr 11,2024,67612.4171894606,15674.0,Excellent,Battambang,White,90/116,555-700,230,3.9,Authorized Dealer,GB-T/CCS2,28-01-2024,Synthetic (New Formula)
BYD,BYD Atto 2,2023,25331.603072333986,11718.0,New,Phnom Penh,Black,45.1,312-401,130,7.9,Authorized Dealer,GB-T/CCS2,15-03-2024,Synthetic (New Formula)
AITO,AITO M7,2024,56237.601625881834,3760.0,Excellent,Phnom Penh,White,40,200 PHEV,330,4.8,Private,GB-T/CCS2,7/1/2024,Synthetic (New Formula)
BYD,BYD Sealion 6,2024,47195.37171616189,26535.0,Excellent,Phnom Penh,White,18.3,80-100 PHEV,145,8.5,Dealer,GB-T/CCS2,10/6/2023,Synthetic (New Formula)
AITO,AITO M5,2025,44048.30844376492,4025.0,Excellent,Kep,White,40,200 PHEV,200,4.8,Dealer,GB-T/CCS2,13-07-2024,Synthetic (New Formula)
Avatr,Avatr 11,2024,62674.611479991465,4230.0,Fair,Kampong Cham,Grey,90/116,555-700,230,3.9,Dealer,GB-T/CCS2,13-05-2025,Synthetic (New Formula)
Zeekr,Zeekr 001,2022,86815.6820352841,43746.0,Excellent,Phnom Penh,White,86/100,560-620,200,3.3,Private,GB-T/CCS2,19-01-2024,Synthetic (New Formula)
Mercedes,Mercedes EQB,2022,70622.7692732114,29896.0,New,Phnom Penh,Grey,66.5,419,168,8.0,Private,GB-T/CCS2,23-09-2021,Synthetic (New Formula)
Avatr,Avatr 07,2025,45381.56314751973,0.0,Excellent,Phnom Penh,Blue,62.2/100.5,420-621,190,4.9,Private,GB-T/CCS2,26-03-2024,Synthetic (New Formula)
Hyundai,Hyundai Ioniq 6,2021,56263.866478863536,17040.0,Good,Phnom Penh,Black,53/77.4,429-614,151,8.1,Dealer,GB-T/CCS2,10/11/2023,Synthetic (New Formula)
Deepal,Deepal L07,2024,48650.05160324084,33012.0,Like New,Siem Reap,Blue,31.6,200 PHEV,160,7.3,Dealer,GB-T/CCS2,25-09-2024,Synthetic (New Formula)
Tesla,Tesla Model 3,2023,47252.2748921812,21489.0,New,Siem Reap,Green,60/82,430-576,208,6.1,Dealer,GB-T/CCS2,21-02-2021,Synthetic (New Formula)
MG,MG ZS EV,2022,33486.508795486654,39790.0,Like New,Preah Vihear,Silver,50.3/72.6,320-440,115,8.6,Authorized Dealer,GB-T/CCS2,16-09-2025,Synthetic (New Formula)
Mercedes,Mercedes EQB,2023,69707.41036916515,29896.0,New,Kampot,Grey,66.5,419,168,8.0,Dealer,GB-T/CCS2,14-04-2024,Synthetic (New Formula)
AITO,AITO M7,2024,66892.23605542228,61672.0,Like New,Phnom Penh,White,40,200 PHEV,330,4.8,Authorized Dealer,GB-T/CCS2,5/2/2022,Synthetic (New Formula)
Nissan,Nissan Leaf,2022,30233.409169383893,0.0,New,Siem Reap,Silver,40/62,240-385,110,7.0,Authorized Dealer,GB-T/CCS2,13-08-2024,Synthetic (New Formula)
BYD,BYD Tang,2025,65533.23166479033,22242.0,Good,Siem Reap,Silver,86.4/108.8,400-530,180,4.6,Private,GB-T/CCS2,13-05-2024,Synthetic (New Formula)
Hyundai,Hyundai Ioniq 5,2022,44819.688786816914,0.0,Like New,Phnom Penh,Grey,58/72.6,354-488,125,7.4,Authorized Dealer,GB-T/CCS2,3/12/2021,Synthetic (New Formula)
Tesla,Tesla Model Y,2024,58440.970526567435,22097.0,New,Phnom Penh,Green,60/75/82,430-600,220,6.9,Authorized Dealer,GB-T/CCS2,14-05-2024,Synthetic (New Formula)
XPeng,XPeng G6,2025,43972.27158280366,10329.0,Excellent,Kep,White,66/87.5,435-570,190,6.2,Dealer,GB-T/CCS2,15-04-2025,Synthetic (New Formula)
BYD,BYD Seal 5,2024,20613.159228332042,0.0,New,Preah Vihear,White,15.8,80 PHEV,110,7.9,Authorized Dealer,GB-T/CCS2,1/5/2024,Synthetic (New Formula)
Kia,Kia EV6,2025,47953.04162338535,922.0,Like New,Phnom Penh,Black,77.4,484,168,7.1,Authorized Dealer,GB-T/CCS2,3/4/2024,Synthetic (New Formula)
Kia,Kia EV5,2023,36838.10896963961,11648.0,Like New,Phnom Penh,Black,64.2/88,400-600,160,7.5,Authorized Dealer,GB-T/CCS2,8/9/2023,Synthetic (New Formula)
BYD,BYD Seal,2023,40247.40664355349,57869.0,Like New,Phnom Penh,Blue,61.4/82.5,400-550,150,3.8,Private,GB-T/CCS2,20-12-2022,Synthetic (New Formula)
BYD,BYD Sealion 5,2025,26094.484722811572,5316.0,New,Siem Reap,Silver,60/72.8,410-520,150,7.5,Dealer,GB-T/CCS2,7/1/2025,Synthetic (New Formula)
MG,MG 5,2022,22056.764916329943,12912.0,New,Kampot,Black,61.1,403,130,7.7,Authorized Dealer,GB-T/CCS2,17-11-2021,Synthetic (New Formula)
BYD,BYD Tang,2022,64372.28450359545,2320.0,Like New,Phnom Penh,Pearl White,86.4/108.8,400-530,180,4.6,Authorized Dealer,GB-T/CCS2,26-04-2022,Synthetic (New Formula)
BYD,BYD Han,2023,62025.99577894065,40327.0,Like New,Battambang,Blue,76.9/85.4,500-610,180,3.9,Private,GB-T/CCS2,26-12-2021,Synthetic (New Formula)
Kia,Kia EV6,2024,49990.8253364456,10080.0,Like New,Phnom Penh,Silver,77.4,484,168,7.1,Authorized Dealer,GB-T/CCS2,19-08-2025,Synthetic (New Formula)
BYD,BYD Dolphin,2022,25670.68425773464,1766.0,Like New,Sihanoukville,Cosmos Black,44.9/60.5,310-420,70,7.5,Dealer,GB-T/CCS2,18-08-2025,Synthetic (New Formula)
Hyundai,Hyundai Ioniq 5,2025,47838.5423911402,38480.0,Excellent,Preah Vihear,Red,58/72.6,354-488,125,7.4,Private,GB-T/CCS2,26-08-2024,Synthetic (New Formula)
Kia,Kia EV5,2024,35795.966775253044,0.0,Like New,Phnom Penh,Silver,64.2/88,400-600,160,7.5,Authorized Dealer,GB-T/CCS2,13-08-2024,Synthetic (New Formula)
Kia,Kia EV6,2024,49585.890928893736,17034.0,New,Kampot,Silver,77.4,484,168,7.1,Authorized Dealer,GB-T/CCS2,19-08-2023,Synthetic (New Formula)
Denza,Denza D9,2020,87821.87969568669,922.0,Good,Phnom Penh,Cosmos Black,103,600,230,6.9,Authorized Dealer,GB-T/CCS2,10/4/2023,Synthetic (New Formula)
BMW,BMW iX1,2025,52299.54392237217,1062.0,Like New,Kampong Cham,Green,64.7,417,150,8.6,Private,GB-T/CCS2,15-11-2023,Synthetic (New Formula)
BYD,BYD Dolphin,2024,24438.97091563561,8400.0,Like New,Kratie,Blue,44.9/60.5,310-420,70,7.5,Dealer,GB-T/CCS2,17-04-2024,Synthetic (New Formula)
Leapmotor,Leapmotor T03,2022,14056.84329326265,26499.0,Good,Phnom Penh,Red,41.3,403,80,,Dealer,GB-T/CCS2,5/8/2025,Synthetic (New Formula)
BMW,BMW iX1,2025,56594.50505947304,44680.0,Good,Phnom Penh,Black,64.7,417,150,8.6,Authorized Dealer,GB-T/CCS2,23-08-2022,Synthetic (New Formula)
BMW,BMW iX1,2023,59531.37372627468,23575.0,Excellent,Siem Reap,White,64.7,417,150,8.6,Authorized Dealer,GB-T/CCS2,22-08-2023,Synthetic (New Formula)
Nissan,Nissan Leaf,2021,30404.246980069904,18180.0,Excellent,Phnom Penh,Grey,40/62,240-385,110,7.0,Authorized Dealer,GB-T/CCS2,12/2/2024,Synthetic (New Formula)
Denza,Denza D9,2025,81576.08376776555,17824.0,Like New,Siem Reap,White,103,600,230,6.9,Authorized Dealer,GB-T/CCS2,14-02-2025,Synthetic (New Formula)
BYD,BYD Dolphin,2023,25064.957754607047,10710.0,New,Kratie,Blue,44.9/60.5,310-420,70,7.5,Dealer,GB-T/CCS2,17-04-2024,Synthetic (New Formula)
VinFast,VinFast VF 6,2025,24350.709261856427,0.0,Excellent,Sihanoukville,Silver,59.6,399,110,,Dealer,GB-T/CCS2,27-08-2025,Synthetic (New Formula)
VinFast,VinFast VF 9,2022,70682.1954944266,19566.0,Like New,Phnom Penh,Orange,123,438,300,6.5,Authorized Dealer,GB-T/CCS2,24-08-2023,Synthetic (New Formula)
BYD,BYD Seal 5,2022,23091.256175371833,5760.0,New,Sihanoukville,Silver,15.8,80 PHEV,110,7.9,Authorized Dealer,GB-T/CCS2,2/1/2025,Synthetic (New Formula)
BYD,BYD Han,2025,57839.368361717,10439.0,Fair,Phnom Penh,Black,76.9/85.4,500-610,180,3.9,Private,GB-T/CCS2,2/2/2022,Synthetic (New Formula)
BYD,BYD Sealion 6,2025,43380.417554325264,12265.0,New,Phnom Penh,Black,18.3,80-100 PHEV,145,8.5,Authorized Dealer,GB-T/CCS2,7/2/2024,Synthetic (New Formula)
Avatr,Avatr 07,2023,47888.54145452227,14127.0,New,Phnom Penh,Grey,62.2/100.5,420-621,190,4.9,Dealer,GB-T/CCS2,26-05-2025,Synthetic (New Formula)
XPeng,XPeng G6,2024,43839.9787338499,11648.0,Like New,Phnom Penh,Blue,66/87.5,435-570,190,6.2,Dealer,GB-T/CCS2,25-09-2023,Synthetic (New Formula)
AITO,AITO M7,2021,61548.693185656855,4670.0,New,Battambang,Grey,40,200 PHEV,330,4.8,Dealer,GB-T/CCS2,18-01-2025,Synthetic (New Formula)
Tesla,Tesla Model Y,2020,65454.32306804809,16338.0,Good,Sihanoukville,Silver,60/75/82,430-600,220,6.9,Dealer,GB-T/CCS2,9/8/2021,Synthetic (New Formula)
Mercedes,Mercedes EQB,2023,68775.57640336399,871.0,New,Phnom Penh,Black,66.5,419,168,8.0,Private,GB-T/CCS2,5/6/2021,Synthetic (New Formula)
Avatr,Avatr 11,2024,69242.41592007969,33292.0,Like New,Siem Reap,Red,90/116,555-700,230,3.9,Private,GB-T/CCS2,4/4/2024,Synthetic (New Formula)
Leapmotor,Leapmotor T03,2022,13087.51201296971,5346.0,Excellent,Phnom Penh,Cosmos Black,41.3,403,80,,Private,GB-T/CCS2,5/2/2023,Synthetic (New Formula)
Kia,Kia EV9,2023,76522.99957525727,4836.0,Like New,Phnom Penh,Black,99.8,541,283,5.3,Private,GB-T/CCS2,9/6/2023,Synthetic (New Formula)
BYD,BYD Sealion 7,2022,43282.18674934179,8720.0,Like New,Sihanoukville,Silver,71.8/91.3,460-567,230,4.5,Dealer,GB-T/CCS2,11/12/2024,Synthetic (New Formula)
BYD,BYD Han,2021,63645.39814678182,6114.0,Like New,Phnom Penh,Grey,76.9/85.4,500-610,180,3.9,Authorized Dealer,GB-T/CCS2,10/9/2023,Synthetic (New Formula)
VinFast,VinFast VF 6,2022,26525.66012170341,11718.0,New,Sihanoukville,Black,59.6,399,110,,Private,GB-T/CCS2,21-11-2024,Synthetic (New Formula)
Kia,Kia EV5,2024,38387.025367527865,26992.0,Good,Phnom Penh,White,64.2/88,400-600,160,7.5,Dealer,GB-T/CCS2,17-07-2025,Synthetic (New Formula)
XPeng,XPeng G6,2023,45344.74114299477,5120.0,Good,Kep,White,66/87.5,435-570,190,6.2,Dealer,GB-T/CCS2,15-04-2025,Synthetic (New Formula)
Toyota,Toyota bZ4X,2023,48365.61509226016,13024.0,New,Siem Reap,Grey,71.4,500,150,7.1,Authorized Dealer,GB-T/CCS2,21-01-2025,Synthetic (New Formula)
MG,MG 5,2024,22426.33804696778,15372.0,New,Siem Reap,Black,61.1,403,130,7.7,Authorized Dealer,GB-T/CCS2,9/5/2025,Synthetic (New Formula)
Kia,Kia EV9,2024,78829.04502661982,17312.0,New,Koh Kong,Silver,99.8,541,283,5.3,Authorized Dealer,GB-T/CCS2,7/5/2024,Synthetic (New Formula)
Denza,Denza D9,2024,82725.16071165401,19362.0,New,Battambang,Silver,103,600,230,6.9,Authorized Dealer,GB-T/CCS2,18-04-2022,Synthetic (New Formula)
BMW,BMW iX1,2024,60181.98517376003,11484.0,Fair,Phnom Penh,Red,64.7,417,150,8.6,Dealer,GB-T/CCS2,4/12/2022,Synthetic (New Formula)
Zeekr,Zeekr X,2022,53229.20898759668,0.0,New,Phnom Penh,Red,66,440,200,5.6,Dealer,GB-T/CCS2,24-05-2025,Synthetic (New Formula)
Kia,Kia EV5,2024,35327.31747780769,1042.0,Good,Kampot,White,64.2/88,400-600,160,7.5,Private,GB-T/CCS2,25-01-2025,Synthetic (New Formula)
Nissan,Nissan Leaf,2023,30124.099431351297,29904.0,New,Kampot,Black,40/62,240-385,110,7.0,Authorized Dealer,GB-T/CCS2,4/8/2021,Synthetic (New Formula)
Hyundai,Hyundai Ioniq 6,2023,57389.66197757997,7455.0,Like New,Kampong Cham,Grey,53/77.4,429-614,151,8.1,Private,GB-T/CCS2,25-08-2025,Synthetic (New Formula)
BYD,BYD Tang,2022,66534.23847076266,5950.0,Good,Siem Reap,Silver,86.4/108.8,400-530,180,4.6,Private,GB-T/CCS2,13-05-2024,Synthetic (New Formula)
VinFast,VinFast VF 6,2023,26968.57085441827,34485.0,Excellent,Siem Reap,Silver,59.6,399,110,,Private,GB-T/CCS2,6/5/2025,Synthetic (New Formula)
Toyota,Toyota bZ4X,2021,48753.85326120387,2320.0,Excellent,Preah Vihear,Blue,71.4,500,150,7.1,Authorized Dealer,GB-T/CCS2,11/12/2022,Synthetic (New Formula)
Hyundai,Hyundai Ioniq 5,2022,43814.44156196118,0.0,Excellent,Phnom Penh,Blue,58/72.6,354-488,125,7.4,Authorized Dealer,GB-T/CCS2,9/2/2025,Synthetic (New Formula)
BYD,BYD Tang,2024,60697.326901780216,0.0,Fair,Phnom Penh,Grey,86.4/108.8,400-530,180,4.6,Authorized Dealer,GB-T/CCS2,13-02-2023,Synthetic (New Formula)
Kia,Kia EV9,2023,77223.11024652784,0.0,Excellent,Phnom Penh,Cosmos Black,99.8,541,283,5.3,Dealer,GB-T/CCS2,15-08-2024,Synthetic (New Formula)
Leapmotor,Leapmotor T03,2025,13729.786453210481,41940.0,Fair,Sihanoukville,Blue,41.3,403,80,,Dealer,GB-T/CCS2,4/11/2022,Synthetic (New Formula)
BYD,BYD Atto 3,2024,29819.452009630473,7511.0,New,Phnom Penh,White,50/60.5,340-420,150,7.3,Private,GB-T/CCS2,9/11/2024,Synthetic (New Formula)
MG,MG ZS EV,2024,27618.87368497652,0.0,Like New,Phnom Penh,Black,50.3/72.6,320-440,115,8.6,Private,GB-T/CCS2,28-10-2022,Synthetic (New Formula)
AION,AION V,2025,43173.44248506416,45360.0,Excellent,Phnom Penh,Grey,68.8/80,480-610,165,7.1,Private,GB-T/CCS2,27-09-2024,Synthetic (New Formula)
BYD,BYD Dolphin,2025,25946.278182953913,26208.0,Fair,Phnom Penh,Silver,44.9/60.5,310-420,70,7.5,Authorized Dealer,GB-T/CCS2,21-05-2022,Synthetic (New Formula)
BYD,BYD Tang,2023,63697.67155181718,5745.0,Excellent,Phnom Penh,Black,86.4/108.8,400-530,180,4.6,Authorized Dealer,GB-T/CCS2,23-10-2020,Synthetic (New Formula)
Kia,Kia EV6,2025,52943.694213228024,54229.0,Like New,Phnom Penh,White,77.4,484,168,7.1,Authorized Dealer,GB-T/CCS2,25-10-2024,Synthetic (New Formula)
Xiaomi,Xiaomi SU7,2025,79977.77250382992,15330.0,Like New,Phnom Penh,Black,73.6/94.3,495-830,220,5.3,Private,GB-T/CCS2,3/6/2024,Synthetic (New Formula)
Denza,Denza D9,2025,76761.39430183618,6060.0,Excellent,Phnom Penh,Blue,103,600,230,6.9,Private,GB-T/CCS2,1/5/2025,Synthetic (New Formula)
Mercedes,Mercedes EQB,2025,66323.73018385393,27412.0,New,Kampot,White,66.5,419,168,8.0,Dealer,GB-T/CCS2,28-08-2025,Synthetic (New Formula)
BYD,BYD Seal,2025,36017.98787342616,18700.0,New,Sihanoukville,White,61.4/82.5,400-550,150,3.8,Private,GB-T/CCS2,26-08-2024,Synthetic (New Formula)
MG,MG 5,2025,21921.19466915039,0.0,Good,Kampot,Black,61.1,403,130,7.7,Authorized Dealer,GB-T/CCS2,17-11-2021,Synthetic (New Formula)
BYD,BYD Tang,2022,68696.33538326189,38064.0,Like New,Siem Reap,Silver,86.4/108.8,400-530,180,4.6,Private,GB-T/CCS2,13-05-2024,Synthetic (New Formula)
AITO,AITO M7,2025,54140.227624452236,1185.0,Fair,Siem Reap,Grey,40,200 PHEV,330,4.8,Private,GB-T/CCS2,10/10/2023,Synthetic (New Formula)
BYD,BYD Tang,2024,65638.06401688418,38991.0,Like New,Phnom Penh,Red,86.4/108.8,400-530,180,4.6,Authorized Dealer,GB-T/CCS2,15-10-2022,Synthetic (New Formula)
MG,MG 5,2024,22185.264370822348,11648.0,Fair,Phnom Penh,White,61.1,403,130,7.7,Private,GB-T/CCS2,21-01-2023,Synthetic (New Formula)
BYD,BYD Sealion 7,2024,38885.812240276275,0.0,Excellent,Phnom Penh,Blue,71.8/91.3,460-567,230,4.5,Authorized Dealer,GB-T/CCS2,11/8/2025,Synthetic (New Formula)
AITO,AITO M5,2024,43839.17345400065,3704.0,Like New,Kep,Cosmos Black,40,200 PHEV,200,4.8,Dealer,GB-T/CCS2,10/12/2022,Synthetic (New Formula)
Hyundai,Hyundai Ioniq 6,2024,53749.22693884167,37653.0,New,Siem Reap,White,53/77.4,429-614,151,8.1,Private,GB-T/CCS2,17-04-2024,Synthetic (New Formula)
Tesla,Tesla Model 3,2022,50714.94633909365,26535.0,New,Kampong Cham,White,60/82,430-576,208,6.1,Private,GB-T/CCS2,5/8/2021,Synthetic (New Formula)
Tesla,Tesla Model Y,2022,58980.42947003671,0.0,New,Phnom Penh,White,60/75/82,430-600,220,6.9,Authorized Dealer,GB-T/CCS2,24-01-2025,Synthetic (New Formula)
Zeekr,Zeekr X,2024,54975.59730053418,37296.0,New,Phnom Penh,Red,66,440,200,5.6,Dealer,GB-T/CCS2,24-05-2025,Synthetic (New Formula)
Zeekr,Zeekr 007,2022,66420.44883317729,4132.0,Like New,Phnom Penh,Blue,75/100,530-688,310,3.5,Dealer,GB-T/CCS2,16-12-2024,Synthetic (New Formula)
Avatr,Avatr 12,2024,59163.902228510364,0.0,Excellent,Phnom Penh,White,94.5,650,230,3.9,Authorized Dealer,GB-T/CCS2,1/1/2025,Synthetic (New Formula)
BYD,BYD Dolphin,2022,29203.436858777095,41292.0,New,Sihanoukville,Black,44.9/60.5,310-420,70,7.5,Authorized Dealer,GB-T/CCS2,3/4/2023,Synthetic (New Formula)
BYD,BYD Tang,2025,58813.013272905155,1128.0,Like New,Phnom Penh,Pearl White,86.4/108.8,400-530,180,4.6,Dealer,GB-T/CCS2,23-02-2021,Synthetic (New Formula)
MG,MG 4 EV,2022,28196.917271588685,14310.0,New,Phnom Penh,Black,51/64/77,350-520,125,7.7,Authorized Dealer,GB-T/CCS2,27-10-2024,Synthetic (New Formula)
BYD,BYD Dolphin,2024,25507.392523732324,5346.0,New,Phnom Penh,Blue,44.9/60.5,310-420,70,7.5,Dealer,GB-T/CCS2,17-10-2024,Synthetic (New Formula)
Nissan,Nissan Leaf,2025,27598.874594707017,18972.0,New,Siem Reap,Blue,40/62,240-385,110,7.0,Dealer,GB-T/CCS2,2/5/2023,Synthetic (New Formula)
Hyundai,Hyundai Ioniq 5,2024,43444.430729711,22814.0,New,Kep,Black,58/72.6,354-488,125,7.4,Private,GB-T/CCS2,13-09-2025,Synthetic (New Formula)
Hyundai,Hyundai Ioniq 5,2024,42700.77498491857,824.0,Good,Preah Vihear,Red,58/72.6,354-488,125,7.4,Private,GB-T/CCS2,26-08-2024,Synthetic (New Formula)
MG,MG 4 EV,2023,27651.424191602895,36680.0,New,Phnom Penh,White,51/64/77,350-520,125,7.7,Dealer,GB-T/CCS2,27-07-2024,Synthetic (New Formula)
Tesla,Tesla Model Y,2023,59377.14562021966,5226.0,New,Phnom Penh,Grey,60/75/82,430-600,220,6.9,Private,GB-T/CCS2,28-02-2024,Synthetic (New Formula)
MG,MG ZS EV,2023,30162.247532182097,10270.0,Excellent,Phnom Penh,White,50.3/72.6,320-440,115,8.6,Private,GB-T/CCS2,9/6/2024,Synthetic (New Formula)
BYD,BYD Dolphin,2024,23718.802878191833,0.0,New,Sihanoukville,Cosmos Black,44.9/60.5,310-420,70,7.5,Dealer,GB-T/CCS2,18-08-2025,Synthetic (New Formula)
BYD,BYD Han,2022,67334.20706984396,42372.0,Excellent,Phnom Penh,Silver,76.9/85.4,500-610,180,3.9,Authorized Dealer,GB-T/CCS2,7/6/2021,Synthetic (New Formula)
Toyota,Toyota bZ4X,2025,44623.34115833568,2346.0,Good,Sihanoukville,Black,71.4,500,150,7.1,Authorized Dealer,GB-T/CCS2,11/3/2022,Synthetic (New Formula)
BYD,BYD Seagull,2024,20135.60806790752,11090.0,Fair,Phnom Penh,White,30/38.88,190-305,55,,Dealer,GB-T/CCS2,11/12/2023,Synthetic (New Formula)
Zeekr,Zeekr X,2025,54959.128176703176,26676.0,Excellent,Koh Kong,Grey,66,440,200,5.6,Dealer,GB-T/CCS2,23-05-2024,Synthetic (New Formula)
Tesla,Tesla Model Y,2023,60492.221907823514,20332.0,Like New,Battambang,Silver,60/75/82,430-600,220,6.9,Dealer,GB-T/CCS2,15-04-2023,Synthetic (New Formula)
Deepal,Deepal L07,2025,42441.40434937573,5346.0,New,Siem Reap,Blue,31.6,200 PHEV,160,7.3,Dealer,GB-T/CCS2,25-09-2024,Synthetic (New Formula)
Denza,Denza D9,2023,84626.1108214944,28650.0,Like New,Siem Reap,White,103,600,230,6.9,Authorized Dealer,GB-T/CCS2,8/1/2023,Synthetic (New Formula)
AION,AION ES,2025,35173.926581859814,75264.0,New,Phnom Penh,White,55.6,410,150,7.5,Dealer,GB-T/CCS2,16-02-2025,Synthetic (New Formula)
Leapmotor,Leapmotor T03,2025,12881.812011238833,17323.0,Excellent,Phnom Penh,White,41.3,403,80,,Private,GB-T/CCS2,25-07-2024,Synthetic (New Formula)
BYD,BYD Seal 5,2024,21614.607465189412,12912.0,Excellent,Sihanoukville,Silver,15.8,80 PHEV,110,7.9,Authorized Dealer,GB-T/CCS2,2/1/2025,Synthetic (New Formula)
Kia,Kia EV5,2025,36542.4251182353,13258.0,Like New,Kampot,White,64.2/88,400-600,160,7.5,Private,GB-T/CCS2,25-01-2025,Synthetic (New Formula)
VinFast,VinFast VF 8,2025,42735.00628737849,28210.0,New,Preah Vihear,Blue,82/87.5,420-500,150,5.5,Private,GB-T/CCS2,9/4/2022,Synthetic (New Formula)
Avatr,Avatr 11,2024,67029.5031390635,12573.0,Like New,Phnom Penh,Blue,90/116,555-700,230,3.9,Authorized Dealer,GB-T/CCS2,18-08-2022,Synthetic (New Formula)
MG,MG ZS EV,2022,30100.615017924494,12950.0,Like New,Phnom Penh,White,50.3/72.6,320-440,115,8.6,Private,GB-T/CCS2,10/1/2025,Synthetic (New Formula)
BYD,BYD Atto 3,2022,29579.602022407813,0.0,Good,Sihanoukville,Grey,50/60.5,340-420,150,7.3,Authorized Dealer,GB-T/CCS2,28-02-2024,Synthetic (New Formula)
Hyundai,Hyundai Ioniq 6,2022,58389.67787771534,15674.0,Like New,Phnom Penh,Red,53/77.4,429-614,151,8.1,Dealer,GB-T/CCS2,23-02-2023,Synthetic (New Formula)
AITO,AITO M5,2022,48349.513210311496,4240.0,Excellent,Kep,White,40,200 PHEV,200,4.8,Dealer,GB-T/CCS2,13-07-2024,Synthetic (New Formula)
BYD,BYD Han,2025,64765.486069751205,51168.0,Like New,Phnom Penh,Silver,76.9/85.4,500-610,180,3.9,Dealer,GB-T/CCS2,28-08-2022,Synthetic (New Formula)
Mercedes,Mercedes EQB,2024,76835.44252265063,61672.0,Good,Phnom Penh,Silver,66.5,419,168,8.0,Authorized Dealer,GB-T/CCS2,6/10/2024,Synthetic (New Formula)
Hyundai,Hyundai Ioniq 5,2024,41818.499499490674,18496.0,Like New,Kampong Cham,Blue,58/72.6,354-488,125,7.4,Private,GB-T/CCS2,8/10/2023,Synthetic (New Formula)
Nissan,Nissan Leaf,2025,30241.09904789872,41292.0,Excellent,Kratie,Silver,40/62,240-385,110,7.0,Dealer,GB-T/CCS2,6/5/2020,Synthetic (New Formula)
MG,MG ZS EV,2024,30397.706272209663,31745.0,New,Siem Reap,Grey,50.3/72.6,320-440,115,8.6,Private,GB-T/CCS2,5/5/2021,Synthetic (New Formula)
Leapmotor,Leapmotor T03,2024,13173.535739569079,28650.0,Like New,Battambang,White,41.3,403,80,,Authorized Dealer,GB-T/CCS2,10/1/2024,Synthetic (New Formula)
MG,MG ZS EV,2020,32885.90332049862,31426.0,New,Phnom Penh,Silver,50.3/72.6,320-440,115,8.6,Dealer,GB-T/CCS2,21-10-2024,Synthetic (New Formula)
BMW,BMW iX1,2022,56376.16725665172,4212.0,New,Phnom Penh,Black,64.7,417,150,8.6,Authorized Dealer,GB-T/CCS2,23-08-2022,Synthetic (New Formula)
Toyota,Toyota bZ4X,2020,49594.758734358315,1147.0,New,Phnom Penh,Black,71.4,500,150,7.1,Private,GB-T/CCS2,9/11/2023,Synthetic (New Formula)
MG,MG 4 EV,2024,25966.607849551732,7569.0,New,Battambang,Silver,51/64/77,350-520,125,7.7,Dealer,GB-T/CCS2,14-04-2023,Synthetic (New Formula)
AITO,AITO M5,2024,51301.47540854175,55944.0,Excellent,Sihanoukville,Black,40,200 PHEV,200,4.8,Authorized Dealer,GB-T/CCS2,24-08-2023,Synthetic (New Formula)
MG,MG 4 EV,2024,26607.209984064677,48256.0,New,Phnom Penh,White,51/64/77,350-520,125,7.7,Dealer,GB-T/CCS2,14-04-2024,Synthetic (New Formula)
Avatr,Avatr 11,2025,64079.902607712815,11209.0,New,Phnom Penh,Blue,90/116,555-700,230,3.9,Authorized Dealer,GB-T/CCS2,18-08-2022,Synthetic (New Formula)
Tesla,Tesla Model 3,2024,50383.76210165056,40788.0,Good,Siem Reap,Silver,60/82,430-576,208,6.1,Authorized Dealer,GB-T/CCS2,23-03-2020,Synthetic (New Formula)
Zeekr,Zeekr 001,2023,76225.6580601491,14926.0,Like New,Phnom Penh,Green,86/100,560-620,200,3.3,Private,GB-T/CCS2,22-11-2023,Synthetic (New Formula)
VinFast,VinFast VF 8,2023,42884.88574179022,32310.0,Excellent,Phnom Penh,Grey,82/87.5,420-500,150,5.5,Private,GB-T/CCS2,11/2/2023,Synthetic (New Formula)
MG,MG 5,2023,23117.151188440934,10197.0,New,Phnom Penh,Black,61.1,403,130,7.7,Dealer,GB-T/CCS2,1/5/2023,Synthetic (New Formula)
Hyundai,Hyundai Ioniq 6,2023,56070.85410673131,24075.0,Good,Phnom Penh,Red,53/77.4,429-614,151,8.1,Dealer,GB-T/CCS2,23-02-2023,Synthetic (New Formula)
MG,MG 5,2024,21960.363766894705,23722.0,Excellent,Siem Reap,Black,61.1,403,130,7.7,Authorized Dealer,GB-T/CCS2,9/5/2025,Synthetic (New Formula)
MG,MG ZS EV,2023,33363.75958575085,52100.0,New,Phnom Penh,White,50.3/72.6,320-440,115,8.6,Private,GB-T/CCS2,21-01-2022,Synthetic (New Formula)
BYD,BYD M9,2023,61089.3723202137,3912.0,New,Phnom Penh,Black,52,180 PHEV,180,,Private,GB-T/CCS2,4/7/2025,Synthetic (New Formula)
Tesla,Tesla Model 3,2022,46689.8814951337,7288.0,New,Phnom Penh,Black,60/82,430-576,208,6.1,Dealer,GB-T/CCS2,5/5/2021,Synthetic (New Formula)
Nissan,Nissan Leaf,2024,29876.682404602434,23712.0,New,Siem Reap,Silver,40/62,240-385,110,7.0,Authorized Dealer,GB-T/CCS2,13-08-2024,Synthetic (New Formula)
MG,MG ZS EV,2023,32801.88930306562,39039.0,New,Siem Reap,White,50.3/72.6,320-440,115,8.6,Authorized Dealer,GB-T/CCS2,14-09-2023,Synthetic (New Formula)
BYD,BYD Dolphin,2024,29636.228285536123,56524.0,Like New,Sihanoukville,Black,44.9/60.5,310-420,70,7.5,Dealer,GB-T/CCS2,3/2/2022,Synthetic (New Formula)
Nissan,Nissan Leaf,2025,27927.358466157573,1042.0,Excellent,Kep,Silver,40/62,240-385,110,7.0,Private,GB-T/CCS2,27-01-2021,Synthetic (New Formula)
Zeekr,Zeekr X,2022,55917.41751946391,4164.0,Excellent,Phnom Penh,Red,66,440,200,5.6,Authorized Dealer,GB-T/CCS2,2/6/2023,Synthetic (New Formula)
Kia,Kia EV6,2024,49399.20944801547,4425.0,Excellent,Phnom Penh,Silver,77.4,484,168,7.1,Dealer,GB-T/CCS2,14-12-2022,Synthetic (New Formula)
BYD,BYD Atto 2,2024,22802.02054953708,14170.0,Fair,Phnom Penh,Cosmos Black,45.1,312-401,130,7.9,Authorized Dealer,GB-T/CCS2,14-06-2024,Synthetic (New Formula)
BYD,BYD Seal,2023,40872.906240658725,39303.0,New,Phnom Penh,Green,61.4/82.5,400-550,150,3.8,Dealer,GB-T/CCS2,19-01-2024,Synthetic (New Formula)
BYD,BYD M9,2024,60807.2840888539,12480.0,Excellent,Phnom Penh,Blue,52,180 PHEV,180,,Authorized Dealer,GB-T/CCS2,11/4/2025,Synthetic (New Formula)
VinFast,VinFast VF 8,2023,42876.64189512063,0.0,Excellent,Phnom Penh,Silver,82/87.5,420-500,150,5.5,Authorized Dealer,GB-T/CCS2,9/8/2023,Synthetic (New Formula)
BYD,BYD Atto 3,2021,30984.080129818678,4895.0,New,Battambang,Grey,50/60.5,340-420,150,7.3,Dealer,GB-T/CCS2,14-12-2022,Synthetic (New Formula)
VinFast,VinFast VF 6,2024,25851.76189688075,11304.0,Like New,Sihanoukville,White,59.6,399,110,,Private,GB-T/CCS2,11/12/2023,Synthetic (New Formula)
Zeekr,Zeekr 001,2024,74340.1269835507,14235.0,New,Phnom Penh,Grey,86/100,560-620,200,3.3,Dealer,GB-T/CCS2,20-09-2022,Synthetic (New Formula)
Nissan,Nissan Leaf,2022,26566.945629120255,975.0,Like New,Battambang,Black,40/62,240-385,110,7.0,Private,GB-T/CCS2,26-02-2022,Synthetic (New Formula)
Tesla,Tesla Model Y,2023,60707.80631698523,12265.0,Fair,Phnom Penh,Green,60/75/82,430-600,220,6.9,Authorized Dealer,GB-T/CCS2,14-05-2024,Synthetic (New Formula)
VinFast,VinFast VF 8,2024,46271.574072743184,37296.0,Like New,Kampong Cham,Blue,82/87.5,420-500,150,5.5,Dealer,GB-T/CCS2,12/5/2025,Synthetic (New Formula)
VinFast,VinFast VF 6,2024,26198.188977870333,18496.0,New,Kratie,Red,59.6,399,110,,Authorized Dealer,GB-T/CCS2,28-06-2022,Synthetic (New Formula)
AION,AION V,2024,38784.86183444726,3468.0,New,Phnom Penh,White,68.8/80,480-610,165,7.1,Dealer,GB-T/CCS2,1/8/2025,Synthetic (New Formula)
MG,MG 5,2025,26150.684743013742,72513.0,Good,Phnom Penh,Black,61.1,403,130,7.7,Dealer,GB-T/CCS2,1/5/2023,Synthetic (New Formula)
AITO,AITO M5,2024,48478.971654915214,33490.0,Excellent,Phnom Penh,Red,40,200 PHEV,200,4.8,Authorized Dealer,GB-T/CCS2,13-01-2024,Synthetic (New Formula)
BYD,BYD Atto 2,2023,25221.19293216675,22088.0,Fair,Phnom Penh,Silver,45.1,312-401,130,7.9,Dealer,GB-T/CCS2,12/9/2024,Synthetic (New Formula)
XPeng,XPeng G6,2024,49615.682512354666,28730.0,Excellent,Phnom Penh,Grey,66/87.5,435-570,190,6.2,Private,GB-T/CCS2,5/7/2025,Synthetic (New Formula)
Zeekr,Zeekr 001,2024,72993.47810797334,4240.0,New,Phnom Penh,Grey,86/100,560-620,200,3.3,Dealer,GB-T/CCS2,20-09-2022,Synthetic (New Formula)
Hyundai,Hyundai Ioniq 6,2024,56103.98890232099,39865.0,Excellent,Phnom Penh,Silver,53/77.4,429-614,151,8.1,Authorized Dealer,GB-T/CCS2,21-01-2025,Synthetic (New Formula)
MG,MG 5,2025,20331.1231578176,17616.0,New,Kep,Red,61.1,403,130,7.7,Dealer,GB-T/CCS2,23-09-2020,Synthetic (New Formula)
VinFast,VinFast VF 6,2024,25823.8794594761,24465.0,Good,Sihanoukville,Black,59.6,399,110,,Private,GB-T/CCS2,21-11-2024,Synthetic (New Formula)
BMW,BMW iX1,2024,58411.782359041266,17238.0,Good,Siem Reap,Black,64.7,417,150,8.6,Authorized Dealer,GB-T/CCS2,14-05-2023,Synthetic (New Formula)
Tesla,Tesla Model 3,2023,47992.10893382971,20102.0,New,Kampong Cham,White,60/82,430-576,208,6.1,Private,GB-T/CCS2,5/8/2021,Synthetic (New Formula)
BYD,BYD Atto 3,2025,29087.47984874767,991.0,Good,Phnom Penh,White,50/60.5,340-420,150,7.3,Private,GB-T/CCS2,9/11/2024,Synthetic (New Formula)
Tesla,Tesla Model 3,2024,50372.83969920605,43350.0,Good,Kampong Cham,White,60/82,430-576,208,6.1,Private,GB-T/CCS2,5/8/2021,Synthetic (New Formula)
BMW,BMW iX1,2025,56835.313854532236,5760.0,Like New,Phnom Penh,Black,64.7,417,150,8.6,Authorized Dealer,GB-T/CCS2,23-08-2022,Synthetic (New Formula)
MG,MG 5,2025,20768.17452094865,4152.0,Good,Phnom Penh,Black,61.1,403,130,7.7,Dealer,GB-T/CCS2,5/9/2023,Synthetic (New Formula)
Nissan,Nissan Leaf,2024,29676.572104158517,20832.0,Excellent,Siem Reap,Silver,40/62,240-385,110,7.0,Authorized Dealer,GB-T/CCS2,13-08-2024,Synthetic (New Formula)
BYD,BYD Dolphin,2025,25231.12101104109,19362.0,Excellent,Sihanoukville,Cosmos Black,44.9/60.5,310-420,70,7.5,Dealer,GB-T/CCS2,18-08-2025,Synthetic (New Formula)
BYD,BYD Sealion 6,2022,48351.506964280736,3704.0,New,Phnom Penh,White,18.3,80-100 PHEV,145,8.5,Dealer,GB-T/CCS2,10/6/2023,Synthetic (New Formula)
AITO,AITO M5,2021,46395.67736516263,14235.0,New,Kep,Cosmos Black,40,200 PHEV,200,4.8,Dealer,GB-T/CCS2,10/12/2022,Synthetic (New Formula)
Avatr,Avatr 11,2022,68454.09169246527,10538.0,Like New,Phnom Penh,Cosmos Black,90/116,555-700,230,3.9,Private,GB-T/CCS2,15-05-2023,Synthetic (New Formula)
Hyundai,Hyundai Ioniq 6,2025,54621.22220602687,15674.0,Like New,Kampong Cham,Grey,53/77.4,429-614,151,8.1,Private,GB-T/CCS2,25-08-2025,Synthetic (New Formula)
VinFast,VinFast VF 9,2022,76492.49643472894,29400.0,Good,Phnom Penh,Grey,123,438,300,6.5,Private,GB-T/CCS2,2/1/2025,Synthetic (New Formula)
Denza,Denza D9,2024,81053.9778287631,5755.0,Like New,Phnom Penh,Blue,103,600,230,6.9,Dealer,GB-T/CCS2,8/10/2024,Synthetic (New Formula)
AION,AION V,2020,43299.01862452737,16966.0,Good,Phnom Penh,Silver,68.8/80,480-610,165,7.1,Dealer,GB-T/CCS2,7/6/2024,Synthetic (New Formula)
Nissan,Nissan Leaf,2024,28742.290285283492,0.0,New,Phnom Penh,Grey,40/62,240-385,110,7.0,Authorized Dealer,GB-T/CCS2,10/4/2021,Synthetic (New Formula)
Zeekr,Zeekr 001,2022,78738.89248721668,8224.0,Like New,Preah Vihear,Silver,86/100,560-620,200,3.3,Authorized Dealer,GB-T/CCS2,5/6/2025,Synthetic (New Formula)
Kia,Kia EV6,2024,48434.59871874944,7008.0,Like New,Phnom Penh,White,77.4,484,168,7.1,Private,GB-T/CCS2,18-02-2023,Synthetic (New Formula)
Kia,Kia EV5,2022,41886.08450553197,50820.0,Like New,Phnom Penh,Silver,64.2/88,400-600,160,7.5,Authorized Dealer,GB-T/CCS2,13-08-2024,Synthetic (New Formula)
Deepal,Deepal L07,2025,51751.53625511544,50820.0,Excellent,Siem Reap,Blue,31.6,200 PHEV,160,7.3,Dealer,GB-T/CCS2,25-09-2024,Synthetic (New Formula)
MG,MG 5,2023,23619.26923604627,12780.0,Like New,Siem Reap,Silver,61.1,403,130,7.7,Dealer,GB-T/CCS2,22-10-2024,Synthetic (New Formula)
Xiaomi,Xiaomi SU7,2021,81735.48598565623,0.0,New,Phnom Penh,Silver,73.6/94.3,495-830,220,5.3,Authorized Dealer,GB-T/CCS2,3/1/2025,Synthetic (New Formula)
VinFast,VinFast VF 9,2023,72706.99405082878,38991.0,Like New,Battambang,Black,123,438,300,6.5,Private,GB-T/CCS2,25-08-2025,Synthetic (New Formula)
Hyundai,Hyundai Ioniq 5,2025,42622.20621806691,18080.0,Excellent,Phnom Penh,Blue,58/72.6,354-488,125,7.4,Authorized Dealer,GB-T/CCS2,9/2/2025,Synthetic (New Formula)
AION,AION V,2024,40289.9281295945,11664.0,Like New,Phnom Penh,Silver,68.8/80,480-610,165,7.1,Dealer,GB-T/CCS2,20-03-2024,Synthetic (New Formula)
VinFast,VinFast VF 8,2023,43091.5852197639,8720.0,Good,Siem Reap,White,82/87.5,420-500,150,5.5,Private,GB-T/CCS2,21-07-2022,Synthetic (New Formula)
MG,MG 4 EV,2022,27435.955883835522,20482.0,Fair,Phnom Penh,Grey,51/64/77,350-520,125,7.7,Dealer,GB-T/CCS2,26-01-2024,Synthetic (New Formula)
MG,MG 4 EV,2024,26778.676910363964,45068.0,Excellent,Siem Reap,Silver,51/64/77,350-520,125,7.7,Dealer,GB-T/CCS2,15-07-2023,Synthetic (New Formula)
Toyota,Toyota bZ4X,2025,46429.834960245316,6888.0,New,Preah Vihear,Blue,71.4,500,150,7.1,Authorized Dealer,GB-T/CCS2,11/12/2022,Synthetic (New Formula)
VinFast,VinFast VF 6,2024,26508.412691811325,42441.0,Good,Battambang,Silver,59.6,399,110,,Authorized Dealer,GB-T/CCS2,10/9/2022,Synthetic (New Formula)
BYD,BYD Atto 3,2025,28531.360893425506,8071.0,Fair,Phnom Penh,White,50/60.5,340-420,150,7.3,Private,GB-T/CCS2,9/11/2024,Synthetic (New Formula)
Zeekr,Zeekr X,2024,53022.091823407296,0.0,Like New,Kampot,White,66,440,200,5.6,Private,GB-T/CCS2,25-09-2023,Synthetic (New Formula)
BYD,BYD Tang,2022,72456.33831698893,20832.0,Like New,Preah Vihear,Black,86.4/108.8,400-530,180,4.6,Private,GB-T/CCS2,21-05-2023,Synthetic (New Formula)
Tesla,Tesla Model 3,2024,44631.957445893306,0.0,New,Phnom Penh,White,60/82,430-576,208,6.1,Private,GB-T/CCS2,1/2/2023,Synthetic (New Formula)
XPeng,XPeng G6,2025,44396.375541347996,14170.0,Good,Phnom Penh,Grey,66/87.5,435-570,190,6.2,Authorized Dealer,GB-T/CCS2,21-06-2023,Synthetic (New Formula)
Mercedes,Mercedes EQB,2024,61941.15980680071,2054.0,New,Phnom Penh,White,66.5,419,168,8.0,Authorized Dealer,GB-T/CCS2,11/12/2021,Synthetic (New Formula)
BYD,BYD Seagull,2024,22171.49671172182,38988.0,New,Battambang,Black,30/38.88,190-305,55,,Authorized Dealer,GB-T/CCS2,14-01-2025,Synthetic (New Formula)
BYD,BYD Han,2024,58787.57773451837,39970.0,Like New,Phnom Penh,White,76.9/85.4,500-610,180,3.9,Dealer,GB-T/CCS2,11/8/2025,Synthetic (New Formula)
Leapmotor,Leapmotor T03,2025,12973.582312236838,33694.0,Good,Phnom Penh,Blue,41.3,403,80,,Dealer,GB-T/CCS2,19-08-2023,Synthetic (New Formula)
VinFast,VinFast VF 6,2022,29076.328491547705,16338.0,New,Kratie,Red,59.6,399,110,,Authorized Dealer,GB-T/CCS2,28-06-2022,Synthetic (New Formula)
Zeekr,Zeekr 007,2024,68134.7961081233,28730.0,Like New,Preah Vihear,Grey,75/100,530-688,310,3.5,Authorized Dealer,GB-T/CCS2,16-09-2024,Synthetic (New Formula)
Zeekr,Zeekr 001,2025,72007.59187852767,26505.0,New,Battambang,Silver,86/100,560-620,200,3.3,Authorized Dealer,GB-T/CCS2,18-03-2022,Synthetic (New Formula)
AITO,AITO M5,2023,46272.01240693363,10270.0,Like New,Phnom Penh,Red,40,200 PHEV,200,4.8,Authorized Dealer,GB-T/CCS2,13-01-2024,Synthetic (New Formula)
Arcfox,Arcfox Koala S,2025,26524.49751361456,15521.0,Like New,Sihanoukville,Orange,42.8,301,120,8.5,Dealer,GB-T/CCS2,13-12-2024,Synthetic (New Formula)
BYD,BYD Tang,2022,69636.74410328495,20957.0,New,Phnom Penh,White,86.4/108.8,400-530,180,4.6,Authorized Dealer,GB-T/CCS2,22-01-2025,Synthetic (New Formula)
Tesla,Tesla Model 3,2025,49269.854921844366,26280.0,Good,Phnom Penh,Black,60/82,430-576,208,6.1,Dealer,GB-T/CCS2,5/5/2021,Synthetic (New Formula)
Hyundai,Hyundai Ioniq 5,2022,47497.918370209474,26505.0,Like New,Kep,Black,58/72.6,354-488,125,7.4,Private,GB-T/CCS2,13-09-2025,Synthetic (New Formula)
XPeng,XPeng G6,2024,45635.329674785164,16928.0,Like New,Phnom Penh,Black,66/87.5,435-570,190,6.2,Authorized Dealer,GB-T/CCS2,10/7/2024,Synthetic (New Formula)
XPeng,XPeng G6,2025,51294.099419648155,55016.0,Like New,Battambang,Green,66/87.5,435-570,190,6.2,Authorized Dealer,GB-T/CCS2,15-12-2023,Synthetic (New Formula)
MG,MG 4 EV,2024,25675.337915552056,20482.0,Excellent,Phnom Penh,Grey,51/64/77,350-520,125,7.7,Dealer,GB-T/CCS2,28-08-2022,Synthetic (New Formula)
VinFast,VinFast VF 8,2023,43984.43892398212,23914.0,Like New,Kratie,White,82/87.5,420-500,150,5.5,Private,GB-T/CCS2,12/5/2023,Synthetic (New Formula)
BYD,BYD Sealion 5,2023,29542.864509622836,56784.0,Good,Siem Reap,Silver,60/72.8,410-520,150,7.5,Dealer,GB-T/CCS2,7/1/2025,Synthetic (New Formula)
Hyundai,Hyundai Ioniq 5,2023,44553.805002284156,35178.0,Like New,Phnom Penh,Black,58/72.6,354-488,125,7.4,Private,GB-T/CCS2,13-05-2024,Synthetic (New Formula)
BYD,BYD M9,2024,64330.22945845534,35178.0,Excellent,Phnom Penh,Silver,52,180 PHEV,180,,Private,GB-T/CCS2,16-01-2025,Synthetic (New Formula)
Nissan,Nissan Leaf,2024,27642.635272695992,6880.0,New,Phnom Penh,Grey,40/62,240-385,110,7.0,Authorized Dealer,GB-T/CCS2,12/2/2024,Synthetic (New Formula)
VinFast,VinFast VF 6,2025,26187.03916696676,27638.0,Fair,Siem Reap,Grey,59.6,399,110,,Private,GB-T/CCS2,3/2/2025,Synthetic (New Formula)
MG,MG ZS EV,2023,29973.640797676664,33139.0,Excellent,Preah Vihear,Silver,50.3/72.6,320-440,115,8.6,Authorized Dealer,GB-T/CCS2,16-09-2025,Synthetic (New Formula)
Avatr,Avatr 07,2025,41922.610624646055,12480.0,New,Phnom Penh,Blue,62.2/100.5,420-621,190,4.9,Private,GB-T/CCS2,26-03-2024,Synthetic (New Formula)
BYD,BYD Seagull,2025,19354.690513807847,24248.0,Excellent,Phnom Penh,White,30/38.88,190-305,55,,Dealer,GB-T/CCS2,11/5/2024,Synthetic (New Formula)
Zeekr,Zeekr 001,2025,71641.46049151135,18202.0,Fair,Kampot,White,86/100,560-620,200,3.3,Dealer,GB-T/CCS2,15-02-2025,Synthetic (New Formula)
BYD,BYD Dolphin,2023,25355.089059974176,15195.0,Like New,Phnom Penh,Cosmos Black,44.9/60.5,310-420,70,7.5,Dealer,GB-T/CCS2,28-07-2023,Synthetic (New Formula)
Tesla,Tesla Model 3,2025,49496.86420653763,26600.0,Excellent,Kampot,Grey,60/82,430-576,208,6.1,Authorized Dealer,GB-T/CCS2,27-04-2024,Synthetic (New Formula)
VinFast,VinFast VF 9,2024,63808.27963644097,1112.0,Excellent,Phnom Penh,Silver,123,438,300,6.5,Private,GB-T/CCS2,16-11-2023,Synthetic (New Formula)
Avatr,Avatr 11,2021,77158.89371162318,29636.0,New,Battambang,White,90/116,555-700,230,3.9,Private,GB-T/CCS2,18-05-2022,Synthetic (New Formula)
BYD,BYD Sealion 6,2023,47825.59031913923,27347.0,Fair,Phnom Penh,White,18.3,80-100 PHEV,145,8.5,Dealer,GB-T/CCS2,10/6/2023,Synthetic (New Formula)
MG,MG 4 EV,2022,27328.136030347752,22097.0,Excellent,Phnom Penh,White,51/64/77,350-520,125,7.7,Dealer,GB-T/CCS2,27-07-2024,Synthetic (New Formula)
MG,MG ZS EV,2025,26616.695660150544,1185.0,New,Phnom Penh,White,50.3/72.6,320-440,115,8.6,Private,GB-T/CCS2,10/1/2025,Synthetic (New Formula)
XPeng,XPeng G6,2023,47346.516589792576,14170.0,New,Kep,White,66/87.5,435-570,190,6.2,Dealer,GB-T/CCS2,15-04-2025,Synthetic (New Formula)
Hyundai,Hyundai Ioniq 6,2024,55114.636972143424,31563.0,New,Phnom Penh,White,53/77.4,429-614,151,8.1,Dealer,GB-T/CCS2,12/7/2024,Synthetic (New Formula)
Tesla,Tesla Model 3,2024,50212.929810823094,40330.0,New,Kampong Cham,White,60/82,430-576,208,6.1,Private,GB-T/CCS2,5/8/2021,Synthetic (New Formula)
Toyota,Toyota bZ4X,2025,43268.29506902947,2006.0,Good,Phnom Penh,Pearl White,71.4,500,150,7.1,Private,GB-T/CCS2,28-04-2024,Synthetic (New Formula)
BYD,BYD Sealion 7,2021,45682.14456590639,34340.0,Good,Phnom Penh,Silver,71.8/91.3,460-567,230,4.5,Dealer,GB-T/CCS2,11/5/2025,Synthetic (New Formula)
AITO,AITO M7,2022,61886.89521997211,7569.0,Excellent,Siem Reap,Grey,40,200 PHEV,330,4.8,Private,GB-T/CCS2,10/10/2023,Synthetic (New Formula)
Avatr,Avatr 11,2025,73151.10087967508,47025.0,New,Kampong Cham,Grey,90/116,555-700,230,3.9,Dealer,GB-T/CCS2,13-05-2025,Synthetic (New Formula)
BYD,BYD Sealion 6,2024,44950.171076087165,13258.0,Excellent,Kratie,Silver,18.3,80-100 PHEV,145,8.5,Private,GB-T/CCS2,13-05-2025,Synthetic (New Formula)
Avatr,Avatr 12,2024,62821.10151562959,8224.0,New,Kampong Cham,White,94.5,650,230,3.9,Dealer,GB-T/CCS2,3/4/2025,Synthetic (New Formula)
AITO,AITO M7,2022,60597.605939565896,13454.0,New,Phnom Penh,Black,40,200 PHEV,330,4.8,Dealer,GB-T/CCS2,19-11-2022,Synthetic (New Formula)
VinFast,VinFast VF 8,2022,44439.209327014556,20957.0,New,Phnom Penh,Red,82/87.5,420-500,150,5.5,Authorized Dealer,GB-T/CCS2,22-10-2022,Synthetic (New Formula)
MG,MG ZS EV,2025,28602.150417950736,24771.0,Good,Siem Reap,White,50.3/72.6,320-440,115,8.6,Dealer,GB-T/CCS2,24-01-2023,Synthetic (New Formula)
Nissan,Nissan Leaf,2023,28557.633182583155,8400.0,Like New,Phnom Penh,White,40/62,240-385,110,7.0,Dealer,GB-T/CCS2,24-11-2024,Synthetic (New Formula)
AION,AION V,2020,43383.62843648776,24465.0,New,Phnom Penh,Blue,68.8/80,480-610,165,7.1,Dealer,GB-T/CCS2,24-05-2025,Synthetic (New Formula)
XPeng,XPeng G6,2024,43830.694481845305,14008.0,Excellent,Phnom Penh,Black,66/87.5,435-570,190,6.2,Authorized Dealer,GB-T/CCS2,10/7/2024,Synthetic (New Formula)
AION,AION V,2023,40941.69392474958,22097.0,Good,Phnom Penh,Black,68.8/80,480-610,165,7.1,Dealer,GB-T/CCS2,28-12-2024,Synthetic (New Formula)
AITO,AITO M7,2022,60047.261433745414,0.0,Excellent,Phnom Penh,White,40,200 PHEV,330,4.8,Private,GB-T/CCS2,7/1/2024,Synthetic (New Formula)
Nissan,Nissan Leaf,2025,28951.508614694067,27175.0,New,Phnom Penh,Green,40/62,240-385,110,7.0,Private,GB-T/CCS2,12/2/2023,Synthetic (New Formula)
BMW,BMW iX1,2025,64442.88684684543,37653.0,New,Kampong Cham,Green,64.7,417,150,8.6,Private,GB-T/CCS2,15-11-2023,Synthetic (New Formula)
AION,AION V,2024,40121.814120439245,7288.0,Like New,Phnom Penh,Black,68.8/80,480-610,165,7.1,Dealer,GB-T/CCS2,28-12-2024,Synthetic (New Formula)
BYD,BYD Atto 2,2024,25271.629447480256,18972.0,New,Sihanoukville,Grey,45.1,312-401,130,7.9,Dealer,GB-T/CCS2,25-12-2024,Synthetic (New Formula)
Denza,Denza D9,2021,88994.4300173729,8973.0,Like New,Phnom Penh,Black,103,600,230,6.9,Private,GB-T/CCS2,9/4/2024,Synthetic (New Formula)
Tesla,Tesla Model 3,2024,48302.598946811326,4212.0,Like New,Kampot,Grey,60/82,430-576,208,6.1,Authorized Dealer,GB-T/CCS2,27-04-2024,Synthetic (New Formula)
BYD,BYD Han,2021,62476.32327046265,12950.0,Like New,Kampot,White,76.9/85.4,500-610,180,3.9,Private,GB-T/CCS2,26-12-2020,Synthetic (New Formula)
Kia,Kia EV6,2024,44762.18777395476,4670.0,Good,Phnom Penh,Silver,77.4,484,168,7.1,Dealer,GB-T/CCS2,14-12-2022,Synthetic (New Formula)
Hyundai,Hyundai Ioniq 6,2022,54638.33562149683,8030.0,Like New,Sihanoukville,Grey,53/77.4,429-614,151,8.1,Dealer,GB-T/CCS2,26-11-2022,Synthetic (New Formula)
VinFast,VinFast VF 9,2025,68253.8462140534,26505.0,Fair,Phnom Penh,Orange,123,438,300,6.5,Authorized Dealer,GB-T/CCS2,24-08-2023,Synthetic (New Formula)
Toyota,Toyota bZ4X,2025,47121.87253589407,30996.0,New,Battambang,Silver,71.4,500,150,7.1,Authorized Dealer,GB-T/CCS2,24-05-2023,Synthetic (New Formula)
BYD,BYD Seal,2025,38614.865513561366,39865.0,Excellent,Phnom Penh,Blue,61.4/82.5,400-550,150,3.8,Private,GB-T/CCS2,20-12-2022,Synthetic (New Formula)
BYD,BYD Atto 2,2023,26159.848185212824,23914.0,New,Sihanoukville,Grey,45.1,312-401,130,7.9,Dealer,GB-T/CCS2,8/2/2025,Synthetic (New Formula)
Tesla,Tesla Model 3,2025,44688.11453925922,0.0,New,Phnom Penh,Silver,60/82,430-576,208,6.1,Private,GB-T/CCS2,22-06-2020,Synthetic (New Formula)
Kia,Kia EV6,2024,50230.901101533935,9900.0,Like New,Phnom Penh,Black,77.4,484,168,7.1,Authorized Dealer,GB-T/CCS2,3/4/2024,Synthetic (New Formula)
Hyundai,Hyundai Ioniq 6,2023,51783.87920704489,3468.0,Good,Phnom Penh,Black,53/77.4,429-614,151,8.1,Dealer,GB-T/CCS2,10/11/2023,Synthetic (New Formula)
Tesla,Tesla Model 3,2023,48186.00082871477,29400.0,New,Phnom Penh,White,60/82,430-576,208,6.1,Private,GB-T/CCS2,1/2/2023,Synthetic (New Formula)
VinFast,VinFast VF 6,2022,27644.044705391934,5525.0,Excellent,Phnom Penh,Grey,59.6,399,110,,Private,GB-T/CCS2,16-09-2023,Synthetic (New Formula)
Mercedes,Mercedes EQB,2024,62960.74175199927,5950.0,Good,Siem Reap,Black,66.5,419,168,8.0,Authorized Dealer,GB-T/CCS2,18-04-2023,Synthetic (New Formula)
Zeekr,Zeekr 001,2024,70651.80660498611,2180.0,New,Phnom Penh,White,86/100,560-620,200,3.3,Private,GB-T/CCS2,7/6/2022,Synthetic (New Formula)
Mercedes,Mercedes EQB,2025,66353.87244784668,43440.0,Like New,Phnom Penh,Red,66.5,419,168,8.0,Dealer,GB-T/CCS2,16-08-2022,Synthetic (New Formula)
BYD,BYD Tang,2023,64165.0976883036,13392.0,Like New,Phnom Penh,Grey,86.4/108.8,400-530,180,4.6,Authorized Dealer,GB-T/CCS2,13-02-2023,Synthetic (New Formula)
Kia,Kia EV6,2023,51016.46864283188,26130.0,Like New,Phnom Penh,Blue,77.4,484,168,7.1,Dealer,GB-T/CCS2,14-05-2023,Synthetic (New Formula)
Arcfox,Arcfox Koala S,2023,26468.97937618839,10030.0,New,Phnom Penh,Black,42.8,301,120,8.5,Dealer,GB-T/CCS2,5/4/2024,Synthetic (New Formula)
VinFast,VinFast VF 8,2025,43365.057779586234,41940.0,Excellent,Phnom Penh,White,82/87.5,420-500,150,5.5,Authorized Dealer,GB-T/CCS2,17-04-2024,Synthetic (New Formula)
BYD,BYD Han,2022,63318.04232622737,18649.0,New,Phnom Penh,Grey,76.9/85.4,500-610,180,3.9,Authorized Dealer,GB-T/CCS2,10/9/2023,Synthetic (New Formula)
XPeng,XPeng G6,2023,48449.4323221496,33136.0,Like New,Siem Reap,Silver,66/87.5,435-570,190,6.2,Private,GB-T/CCS2,11/10/2024,Synthetic (New Formula)
Deepal,Deepal L07,2025,51503.569672921985,43512.0,Fair,Kampot,Green,31.6,200 PHEV,160,7.3,Private,GB-T/CCS2,3/3/2024,Synthetic (New Formula)
AION,AION V,2024,41885.83953867699,30740.0,Like New,Phnom Penh,Blue,68.8/80,480-610,165,7.1,Dealer,GB-T/CCS2,24-05-2025,Synthetic (New Formula)
Tesla,Tesla Model 3,2024,48251.31937954111,25164.0,New,Siem Reap,Green,60/82,430-576,208,6.1,Dealer,GB-T/CCS2,21-02-2021,Synthetic (New Formula)
BYD,BYD Han,2024,56154.35255160872,0.0,New,Battambang,Silver,76.9/85.4,500-610,180,3.9,Dealer,GB-T/CCS2,22-01-2025,Synthetic (New Formula)
Zeekr,Zeekr 007,2023,61878.79088453732,0.0,Fair,Phnom Penh,Red,75/100,530-688,310,3.5,Private,GB-T/CCS2,3/2/2025,Synthetic (New Formula)
BYD,BYD Atto 2,2024,23865.11489406609,7924.0,New,Siem Reap,White,45.1,312-401,130,7.9,Authorized Dealer,GB-T/CCS2,23-05-2025,Synthetic (New Formula)
BYD,BYD M9,2024,70636.01265534144,54229.0,Like New,Phnom Penh,Blue,52,180 PHEV,180,,Authorized Dealer,GB-T/CCS2,11/4/2025,Synthetic (New Formula)
VinFast,VinFast VF 6,2025,24381.016204644995,1100.0,Excellent,Phnom Penh,Grey,59.6,399,110,,Private,GB-T/CCS2,16-09-2023,Synthetic (New Formula)
BYD,BYD Atto 3,2024,29844.507472441084,1111.0,New,Kampong Cham,Silver,50/60.5,340-420,150,7.3,Dealer,GB-T/CCS2,13-10-2023,Synthetic (New Formula)
BYD,BYD Dolphin,2020,26962.36167401949,1108.0,New,Phnom Penh,Silver,44.9/60.5,310-420,70,7.5,Dealer,GB-T/CCS2,3/5/2025,Synthetic (New Formula)
BYD,BYD Atto 2,2023,26284.898960382106,29853.0,Good,Phnom Penh,Grey,45.1,312-401,130,7.9,Private,GB-T/CCS2,24-08-2025,Synthetic (New Formula)
MG,MG ZS EV,2023,28041.927180585295,2142.0,Excellent,Phnom Penh,Silver,50.3/72.6,320-440,115,8.6,Private,GB-T/CCS2,25-04-2020,Synthetic (New Formula)
MG,MG 5,2022,24257.72348139787,56784.0,Excellent,Phnom Penh,Black,61.1,403,130,7.7,Dealer,GB-T/CCS2,16-09-2025,Synthetic (New Formula)
Toyota,Toyota bZ4X,2024,46604.413048228285,16966.0,Good,Phnom Penh,Pearl White,71.4,500,150,7.1,Private,GB-T/CCS2,7/1/2023,Synthetic (New Formula)
Denza,Denza D9,2024,81074.31211986176,0.0,Like New,Battambang,Silver,103,600,230,6.9,Authorized Dealer,GB-T/CCS2,18-04-2022,Synthetic (New Formula)
Tesla,Tesla Model 3,2022,54774.215168266936,54229.0,New,Phnom Penh,White,60/82,430-576,208,6.1,Dealer,GB-T/CCS2,18-11-2023,Synthetic (New Formula)
Tesla,Tesla Model Y,2022,61874.15428226363,9774.0,New,Phnom Penh,White,60/75/82,430-600,220,6.9,Dealer,GB-T/CCS2,19-01-2021,Synthetic (New Formula)
Hyundai,Hyundai Ioniq 5,2024,42041.51971013142,4995.0,New,Phnom Penh,White,58/72.6,354-488,125,7.4,Private,GB-T/CCS2,23-04-2023,Synthetic (New Formula)
BYD,BYD Tang,2025,59295.56438206245,0.0,Excellent,Preah Vihear,Black,86.4/108.8,400-530,180,4.6,Private,GB-T/CCS2,21-05-2023,Synthetic (New Formula)
Kia,Kia EV6,2024,52349.0141362515,31528.0,Good,Phnom Penh,Black,77.4,484,168,7.1,Dealer,GB-T/CCS2,20-06-2022,Synthetic (New Formula)
BYD,BYD Sealion 6,2021,47715.79977912494,4240.0,Like New,Phnom Penh,Black,18.3,80-100 PHEV,145,8.5,Dealer,GB-T/CCS2,16-11-2024,Synthetic (New Formula)
MG,MG 5,2021,22824.429119806984,8760.0,Excellent,Kep,Red,61.1,403,130,7.7,Dealer,GB-T/CCS2,23-09-2020,Synthetic (New Formula)
MG,MG 5,2025,24089.137804275288,44820.0,New,Phnom Penh,Black,61.1,403,130,7.7,Dealer,GB-T/CCS2,16-09-2025,Synthetic (New Formula)
Avatr,Avatr 11,2022,74135.3343374887,43734.0,Good,Phnom Penh,Blue,90/116,555-700,230,3.9,Authorized Dealer,GB-T/CCS2,18-08-2022,Synthetic (New Formula)
BYD,BYD Seal,2024,34545.14916738774,1060.0,New,Phnom Penh,Cosmos Black,61.4/82.5,400-550,150,3.8,Private,GB-T/CCS2,8/8/2023,Synthetic (New Formula)
Toyota,Toyota bZ4X,2023,49222.59175348415,14196.0,New,Battambang,Silver,71.4,500,150,7.1,Authorized Dealer,GB-T/CCS2,24-05-2023,Synthetic (New Formula)
BYD,BYD Han,2025,61407.71077309213,25164.0,Excellent,Siem Reap,Black,76.9/85.4,500-610,180,3.9,Private,GB-T/CCS2,19-01-2023,Synthetic (New Formula)
BYD,BYD Atto 2,2024,23545.621524338116,10881.0,New,Siem Reap,White,45.1,312-401,130,7.9,Authorized Dealer,GB-T/CCS2,23-05-2025,Synthetic (New Formula)
BYD,BYD Han,2024,63600.62778259631,32973.0,Like New,Kampot,White,76.9/85.4,500-610,180,3.9,Private,GB-T/CCS2,26-12-2020,Synthetic (New Formula)
Tesla,Tesla Model 3,2023,46962.57078061003,7512.0,New,Battambang,Grey,60/82,430-576,208,6.1,Dealer,GB-T/CCS2,20-08-2025,Synthetic (New Formula)
Tesla,Tesla Model 3,2022,46662.78384315645,29841.0,Good,Battambang,Grey,60/82,430-576,208,6.1,Authorized Dealer,GB-T/CCS2,19-10-2022,Synthetic (New Formula)
BYD,BYD Dolphin,2022,26243.5396415079,20856.0,Good,Sihanoukville,Silver,44.9/60.5,310-420,70,7.5,Dealer,GB-T/CCS2,7/7/2024,Synthetic (New Formula)
Nissan,Nissan Leaf,2024,28517.906830929,10030.0,Good,Phnom Penh,Black,40/62,240-385,110,7.0,Private,GB-T/CCS2,11/2/2020,Synthetic (New Formula)
BYD,BYD Tang,2025,61680.42616185964,14729.0,Good,Phnom Penh,Black,86.4/108.8,400-530,180,4.6,Private,GB-T/CCS2,17-09-2024,Synthetic (New Formula)
MG,MG ZS EV,2025,28236.83642386374,18180.0,New,Phnom Penh,Cosmos Black,50.3/72.6,320-440,115,8.6,Authorized Dealer,GB-T/CCS2,9/11/2021,Synthetic (New Formula)
BYD,BYD Dolphin,2025,27383.99156523147,37296.0,Excellent,Phnom Penh,White,44.9/60.5,310-420,70,7.5,Dealer,GB-T/CCS2,4/1/2023,Synthetic (New Formula)
Avatr,Avatr 11,2024,67295.28785122675,15521.0,Like New,Battambang,White,90/116,555-700,230,3.9,Private,GB-T/CCS2,18-05-2022,Synthetic (New Formula)
Tesla,Tesla Model 3,2022,46565.26761848853,10153.0,Like New,Battambang,Grey,60/82,430-576,208,6.1,Dealer,GB-T/CCS2,20-08-2025,Synthetic (New Formula)
AION,AION ES,2025,30811.145076635006,22097.0,Like New,Phnom Penh,White,55.6,410,150,7.5,Authorized Dealer,GB-T/CCS2,2/5/2025,Synthetic (New Formula)
Zeekr,Zeekr 007,2021,67034.39547586956,7008.0,New,Preah Vihear,Grey,75/100,530-688,310,3.5,Authorized Dealer,GB-T/CCS2,16-09-2024,Synthetic (New Formula)
Tesla,Tesla Model 3,2024,44929.00696141346,0.0,Good,Kep,Black,60/82,430-576,208,6.1,Authorized Dealer,GB-T/CCS2,23-07-2024,Synthetic (New Formula)
Zeekr,Zeekr 007,2021,65399.42906388552,4132.0,New,Phnom Penh,Silver,75/100,530-688,310,3.5,Dealer,GB-T/CCS2,12/8/2025,Synthetic (New Formula)
BYD,BYD Han,2021,70214.47011745264,24384.0,New,Phnom Penh,White,76.9/85.4,500-610,180,3.9,Authorized Dealer,GB-T/CCS2,6/7/2020,Synthetic (New Formula)
Zeekr,Zeekr 001,2023,69249.34359025685,5226.0,Like New,Phnom Penh,Silver,86/100,560-620,200,3.3,Private,GB-T/CCS2,15-12-2022,Synthetic (New Formula)
XPeng,XPeng G6,2022,46151.49737706285,3468.0,New,Phnom Penh,Blue,66/87.5,435-570,190,6.2,Dealer,GB-T/CCS2,25-09-2023,Synthetic (New Formula)
Zeekr,Zeekr X,2023,54463.39588759709,4425.0,Excellent,Koh Kong,Grey,66,440,200,5.6,Dealer,GB-T/CCS2,23-05-2024,Synthetic (New Formula)
Hyundai,Hyundai Ioniq 5,2023,42896.729740849885,12265.0,Like New,Battambang,Green,58/72.6,354-488,125,7.4,Dealer,GB-T/CCS2,20-01-2023,Synthetic (New Formula)
Avatr,Avatr 11,2023,69127.18689084734,7224.0,Excellent,Siem Reap,Red,90/116,555-700,230,3.9,Private,GB-T/CCS2,4/4/2024,Synthetic (New Formula)
Denza,Denza D9,2023,86725.39214008907,17034.0,Like New,Battambang,Silver,103,600,230,6.9,Authorized Dealer,GB-T/CCS2,16-07-2023,Synthetic (New Formula)
Tesla,Tesla Model Y,2020,63840.06896876002,15195.0,Like New,Phnom Penh,Cosmos Black,60/75/82,430-600,220,6.9,Authorized Dealer,GB-T/CCS2,2/1/2023,Synthetic (New Formula)
Leapmotor,Leapmotor T03,2024,12814.043264285487,8325.0,Excellent,Phnom Penh,White,41.3,403,80,,Private,GB-T/CCS2,28-05-2023,Synthetic (New Formula)
Kia,Kia EV5,2025,34719.43340858732,8998.0,Like New,Phnom Penh,Silver,64.2/88,400-600,160,7.5,Dealer,GB-T/CCS2,28-06-2023,Synthetic (New Formula)
VinFast,VinFast VF 6,2024,25433.647911922653,10700.0,Like New,Phnom Penh,Silver,59.6,399,110,,Private,GB-T/CCS2,5/2/2024,Synthetic (New Formula)
Avatr,Avatr 11,2023,69149.16604790314,12480.0,Excellent,Phnom Penh,Grey,90/116,555-700,230,3.9,Authorized Dealer,GB-T/CCS2,9/2/2023,Synthetic (New Formula)
BYD,BYD Han,2023,58378.53534792673,0.0,Like New,Siem Reap,Black,76.9/85.4,500-610,180,3.9,Private,GB-T/CCS2,19-01-2023,Synthetic (New Formula)
Denza,Denza D9,2022,86057.79884260427,10700.0,Excellent,Phnom Penh,Blue,103,600,230,6.9,Private,GB-T/CCS2,1/5/2025,Synthetic (New Formula)
Kia,Kia EV9,2024,83327.29155255941,38418.0,Excellent,Phnom Penh,Cosmos Black,99.8,541,283,5.3,Dealer,GB-T/CCS2,15-08-2024,Synthetic (New Formula)
Kia,Kia EV9,2024,74903.56743052669,11090.0,New,Phnom Penh,White,99.8,541,283,5.3,Authorized Dealer,GB-T/CCS2,22-08-2025,Synthetic (New Formula)
VinFast,VinFast VF 9,2023,64120.12333812452,1720.0,New,Siem Reap,Black,123,438,300,6.5,Private,GB-T/CCS2,21-07-2024,Synthetic (New Formula)
Nissan,Nissan Leaf,2024,27480.447909428003,14170.0,New,Phnom Penh,White,40/62,240-385,110,7.0,Dealer,GB-T/CCS2,24-11-2024,Synthetic (New Formula)
VinFast,VinFast VF 6,2024,25894.724696360096,8272.0,Excellent,Sihanoukville,White,59.6,399,110,,Private,GB-T/CCS2,18-03-2023,Synthetic (New Formula)
AION,AION Y Plus,2025,33972.54762158788,15372.0,New,Phnom Penh,Silver,51.9/63.9,410-510,150,7.8,Authorized Dealer,GB-T/CCS2,2/1/2025,Synthetic (New Formula)
Zeekr,Zeekr 001,2023,81109.92772925165,33528.0,Good,Preah Vihear,Silver,86/100,560-620,200,3.3,Authorized Dealer,GB-T/CCS2,5/6/2025,Synthetic (New Formula)
BYD,BYD Han,2024,58964.32694034103,25885.0,New,Phnom Penh,Orange,76.9/85.4,500-610,180,3.9,Authorized Dealer,GB-T/CCS2,9/9/2021,Synthetic (New Formula)
Hyundai,Hyundai Ioniq 5,2022,46419.466019827625,5190.0,New,Siem Reap,White,58/72.6,354-488,125,7.4,Authorized Dealer,GB-T/CCS2,12/9/2021,Synthetic (New Formula)
AITO,AITO M5,2022,49443.30370837475,36618.0,Good,Kep,Cosmos Black,40,200 PHEV,200,4.8,Dealer,GB-T/CCS2,10/12/2022,Synthetic (New Formula)
BYD,BYD Seal 5,2025,22830.071153182857,43513.0,New,Sihanoukville,Red,15.8,80 PHEV,110,7.9,Authorized Dealer,GB-T/CCS2,4/7/2025,Synthetic (New Formula)
Arcfox,Arcfox Koala S,2023,31731.662224879485,56784.0,New,Phnom Penh,Black,42.8,301,120,8.5,Dealer,GB-T/CCS2,5/4/2024,Synthetic (New Formula)
BYD,BYD Seal 5,2024,20571.425140998042,4640.0,New,Sihanoukville,Silver,15.8,80 PHEV,110,7.9,Authorized Dealer,GB-T/CCS2,2/1/2025,Synthetic (New Formula)
Kia,Kia EV9,2025,73493.34539966086,8720.0,Good,Sihanoukville,White,99.8,541,283,5.3,Dealer,GB-T/CCS2,28-12-2023,Synthetic (New Formula)
BYD,BYD Tang,2024,64727.79062631755,17034.0,Like New,Phnom Penh,Silver,86.4/108.8,400-530,180,4.6,Private,GB-T/CCS2,12/1/2024,Synthetic (New Formula)
Toyota,Toyota bZ4X,2025,50328.24156189207,24384.0,New,Phnom Penh,Pearl White,71.4,500,150,7.1,Private,GB-T/CCS2,28-04-2024,Synthetic (New Formula)
Nissan,Nissan Leaf,2024,28672.47085091221,5346.0,Like New,Kampong Cham,Green,40/62,240-385,110,7.0,Authorized Dealer,GB-T/CCS2,13-11-2021,Synthetic (New Formula)
BYD,BYD Atto 3,2022,33639.05319847981,24384.0,Excellent,Phnom Penh,Black,50/60.5,340-420,150,7.3,Private,GB-T/CCS2,12/7/2023,Synthetic (New Formula)
Denza,Denza D9,2024,85028.84882749153,8325.0,New,Phnom Penh,Grey,103,600,230,6.9,Private,GB-T/CCS2,28-10-2022,Synthetic (New Formula)
XPeng,XPeng G6,2023,47293.63811107015,12844.0,New,Phnom Penh,Blue,66/87.5,435-570,190,6.2,Dealer,GB-T/CCS2,25-09-2023,Synthetic (New Formula)
VinFast,VinFast VF 8,2023,41050.74443255203,0.0,New,Kampong Cham,Blue,82/87.5,420-500,150,5.5,Dealer,GB-T/CCS2,12/5/2025,Synthetic (New Formula)
Zeekr,Zeekr 007,2022,65954.50802328269,4132.0,Excellent,Phnom Penh,Red,75/100,530-688,310,3.5,Dealer,GB-T/CCS2,8/5/2025,Synthetic (New Formula)
Tesla,Tesla Model Y,2024,55022.231997130155,4025.0,New,Sihanoukville,White,60/75/82,430-600,220,6.9,Dealer,GB-T/CCS2,28-12-2021,Synthetic (New Formula)
Zeekr,Zeekr X,2025,57632.074638896636,27638.0,Fair,Phnom Penh,Black,66,440,200,5.6,Authorized Dealer,GB-T/CCS2,16-11-2024,Synthetic (New Formula)
BMW,BMW iX1,2024,57256.93046289864,8808.0,New,Phnom Penh,Grey,64.7,417,150,8.6,Private,GB-T/CCS2,16-07-2024,Synthetic (New Formula)
Deepal,Deepal S07,2022,52690.15633186669,26900.0,New,Phnom Penh,Silver,31.6/80,200 PHEV,190,6.7,Private,GB-T/CCS2,20-06-2024,Synthetic (New Formula)
Denza,Denza D9,2024,85743.15667792657,33528.0,New,Siem Reap,White,103,600,230,6.9,Authorized Dealer,GB-T/CCS2,8/1/2023,Synthetic (New Formula)
Nissan,Nissan Leaf,2024,28402.544875700838,0.0,Like New,Sihanoukville,Grey,40/62,240-385,110,7.0,Dealer,GB-T/CCS2,15-11-2023,Synthetic (New Formula)
Deepal,Deepal L07,2024,48679.94346606032,31426.0,Excellent,Phnom Penh,White,31.6,200 PHEV,160,7.3,Dealer,GB-T/CCS2,26-08-2025,Synthetic (New Formula)
BYD,BYD Han,2022,62147.95200362974,866.0,New,Phnom Penh,Grey,76.9/85.4,500-610,180,3.9,Authorized Dealer,GB-T/CCS2,10/9/2023,Synthetic (New Formula)
Deepal,Deepal S07,2025,51414.86465069209,23722.0,New,Phnom Penh,White,31.6/80,200 PHEV,190,6.7,Dealer,GB-T/CCS2,24-09-2024,Synthetic (New Formula)
Xiaomi,Xiaomi SU7,2021,85170.28541625083,41750.0,Like New,Phnom Penh,Silver,73.6/94.3,495-830,220,5.3,Dealer,GB-T/CCS2,3/12/2024,Synthetic (New Formula)
MG,MG 4 EV,2024,26823.060300502344,33012.0,Fair,Phnom Penh,White,51/64/77,350-520,125,7.7,Dealer,GB-T/CCS2,27-07-2024,Synthetic (New Formula)
VinFast,VinFast VF 6,2022,25709.339513682753,0.0,Like New,Sihanoukville,Silver,59.6,399,110,,Dealer,GB-T/CCS2,27-08-2025,Synthetic (New Formula)
AION,AION ES,2025,31210.03195189244,37398.0,Like New,Sihanoukville,Blue,55.6,410,150,7.5,Authorized Dealer,GB-T/CCS2,8/6/2024,Synthetic (New Formula)
VinFast,VinFast VF 8,2022,51919.973532465265,59472.0,Excellent,Kampong Cham,Blue,82/87.5,420-500,150,5.5,Dealer,GB-T/CCS2,12/5/2025,Synthetic (New Formula)
Hyundai,Hyundai Ioniq 5,2025,41681.802118414125,17385.0,Excellent,Phnom Penh,White,58/72.6,354-488,125,7.4,Authorized Dealer,GB-T/CCS2,25-08-2022,Synthetic (New Formula)
Zeekr,Zeekr 001,2022,77851.1354710643,15195.0,New,Sihanoukville,Blue,86/100,560-620,200,3.3,Private,GB-T/CCS2,11/8/2023,Synthetic (New Formula)
BMW,BMW iX1,2024,58490.213604860706,20660.0,Like New,Sihanoukville,Grey,64.7,417,150,8.6,Private,GB-T/CCS2,27-02-2025,Synthetic (New Formula)
BYD,BYD Seal,2025,33186.68249190209,895.0,Like New,Siem Reap,Grey,61.4/82.5,400-550,150,3.8,Authorized Dealer,GB-T/CCS2,17-05-2025,Synthetic (New Formula)
BYD,BYD Tang,2024,59783.57079201183,5226.0,Excellent,Battambang,White,86.4/108.8,400-530,180,4.6,Private,GB-T/CCS2,10/4/2025,Synthetic (New Formula)
Tesla,Tesla Model Y,2024,62478.202734629805,33635.0,Like New,Phnom Penh,White,60/75/82,430-600,220,6.9,Private,GB-T/CCS2,14-05-2022,Synthetic (New Formula)
VinFast,VinFast VF 9,2020,82238.40758147623,40663.0,Good,Siem Reap,Blue,123,438,300,6.5,Private,GB-T/CCS2,24-04-2024,Synthetic (New Formula)
Mercedes,Mercedes EQB,2022,67005.55413340563,0.0,Like New,Preah Vihear,Silver,66.5,419,168,8.0,Authorized Dealer,GB-T/CCS2,16-05-2022,Synthetic (New Formula)
AION,AION V,2022,41014.29532964471,27690.0,Like New,Phnom Penh,White,68.8/80,480-610,165,7.1,Dealer,GB-T/CCS2,1/8/2025,Synthetic (New Formula)
MG,MG 5,2024,19603.87437306946,5346.0,Good,Phnom Penh,Black,61.1,403,130,7.7,Dealer,GB-T/CCS2,1/5/2023,Synthetic (New Formula)
Leapmotor,Leapmotor T03,2021,14236.752422508001,18496.0,Excellent,Phnom Penh,Cosmos Black,41.3,403,80,,Private,GB-T/CCS2,5/2/2023,Synthetic (New Formula)
Kia,Kia EV6,2024,53260.61412053308,41328.0,Like New,Phnom Penh,White,77.4,484,168,7.1,Private,GB-T/CCS2,18-02-2023,Synthetic (New Formula)
Kia,Kia EV6,2024,50671.89359943939,8071.0,Like New,Phnom Penh,White,77.4,484,168,7.1,Authorized Dealer,GB-T/CCS2,5/9/2022,Synthetic (New Formula)
Mercedes,Mercedes EQB,2022,65646.0412589725,18700.0,New,Kampot,Cosmos Black,66.5,419,168,8.0,Dealer,GB-T/CCS2,16-02-2022,Synthetic (New Formula)
Zeekr,Zeekr 001,2024,84160.6185782136,61672.0,New,Phnom Penh,Black,86/100,560-620,200,3.3,Authorized Dealer,GB-T/CCS2,3/10/2025,Synthetic (New Formula)
Nissan,Nissan Leaf,2024,29011.48476997086,8720.0,New,Phnom Penh,Red,40/62,240-385,110,7.0,Dealer,GB-T/CCS2,15-07-2025,Synthetic (New Formula)
BYD,BYD Seal,2024,40161.49220538687,56601.0,New,Sihanoukville,White,61.4/82.5,400-550,150,3.8,Dealer,GB-T/CCS2,2/11/2023,Synthetic (New Formula)
Tesla,Tesla Model Y,2023,57931.54819969557,0.0,New,Phnom Penh,White,60/75/82,430-600,220,6.9,Private,GB-T/CCS2,14-05-2022,Synthetic (New Formula)
BMW,BMW iX1,2025,55807.012736356686,12573.0,New,Phnom Penh,Black,64.7,417,150,8.6,Authorized Dealer,GB-T/CCS2,23-08-2022,Synthetic (New Formula)
Mercedes,Mercedes EQB,2022,71004.52348642105,28890.0,New,Phnom Penh,Blue,66.5,419,168,8.0,Dealer,GB-T/CCS2,14-05-2025,Synthetic (New Formula)
Hyundai,Hyundai Ioniq 5,2024,47911.93188116969,55440.0,Excellent,Kampong Cham,Blue,58/72.6,354-488,125,7.4,Private,GB-T/CCS2,8/10/2023,Synthetic (New Formula)
MG,MG 5,2025,22727.921391864907,23400.0,Excellent,Sihanoukville,Silver,61.1,403,130,7.7,Authorized Dealer,GB-T/CCS2,22-03-2020,Synthetic (New Formula)
VinFast,VinFast VF 6,2021,26040.787429522366,0.0,New,Phnom Penh,White,59.6,399,110,,Dealer,GB-T/CCS2,23-08-2024,Synthetic (New Formula)
Avatr,Avatr 11,2023,68562.52073772755,25048.0,New,Phnom Penh,Blue,90/116,555-700,230,3.9,Authorized Dealer,GB-T/CCS2,18-08-2022,Synthetic (New Formula)
AITO,AITO M5,2024,51630.095274762,37398.0,Good,Phnom Penh,Black,40,200 PHEV,200,4.8,Private,GB-T/CCS2,17-04-2025,Synthetic (New Formula)
BMW,BMW iX1,2021,58030.219798610015,0.0,Like New,Phnom Penh,White,64.7,417,150,8.6,Private,GB-T/CCS2,9/1/2024,Synthetic (New Formula)
AITO,AITO M5,2025,47223.44361222814,43440.0,Good,Kep,Cosmos Black,40,200 PHEV,200,4.8,Dealer,GB-T/CCS2,10/12/2022,Synthetic (New Formula)
Nissan,Nissan Leaf,2024,28383.043703342755,8832.0,New,Battambang,Black,40/62,240-385,110,7.0,Private,GB-T/CCS2,26-02-2022,Synthetic (New Formula)
Mercedes,Mercedes EQB,2023,69741.6287581276,35800.0,New,Phnom Penh,Orange,66.5,419,168,8.0,Authorized Dealer,GB-T/CCS2,15-10-2023,Synthetic (New Formula)
MG,MG 5,2023,23717.4887112061,38988.0,New,Phnom Penh,Black,61.1,403,130,7.7,Dealer,GB-T/CCS2,16-09-2025,Synthetic (New Formula)
Mercedes,Mercedes EQB,2024,68658.99134944359,43440.0,Excellent,Sihanoukville,Red,66.5,419,168,8.0,Dealer,GB-T/CCS2,26-07-2024,Synthetic (New Formula)
Zeekr,Zeekr X,2022,58537.92648461499,24248.0,Like New,Koh Kong,Grey,66,440,200,5.6,Dealer,GB-T/CCS2,23-05-2024,Synthetic (New Formula)
BMW,BMW iX1,2023,57473.247999996645,5525.0,New,Phnom Penh,Black,64.7,417,150,8.6,Authorized Dealer,GB-T/CCS2,6/10/2025,Synthetic (New Formula)
Kia,Kia EV9,2025,68829.95200994541,4250.0,Fair,Sihanoukville,White,99.8,541,283,5.3,Dealer,GB-T/CCS2,28-12-2023,Synthetic (New Formula)
Mercedes,Mercedes EQB,2024,72152.93627710761,37296.0,Like New,Phnom Penh,Orange,66.5,419,168,8.0,Authorized Dealer,GB-T/CCS2,15-10-2023,Synthetic (New Formula)
BYD,BYD Tang,2023,66044.22229413067,25048.0,Fair,Phnom Penh,Red,86.4/108.8,400-530,180,4.6,Authorized Dealer,GB-T/CCS2,15-10-2022,Synthetic (New Formula)
Toyota,Toyota bZ4X,2025,51177.51302743301,58023.0,Excellent,Phnom Penh,Black,71.4,500,150,7.1,Private,GB-T/CCS2,9/11/2023,Synthetic (New Formula)
MG,MG 5,2024,21219.712515073476,8832.0,Fair,Preah Vihear,Grey,61.1,403,130,7.7,Authorized Dealer,GB-T/CCS2,25-09-2022,Synthetic (New Formula)
Avatr,Avatr 07,2024,45613.38212149546,3444.0,New,Preah Vihear,Black,62.2/100.5,420-621,190,4.9,Authorized Dealer,GB-T/CCS2,21-12-2024,Synthetic (New Formula)
Tesla,Tesla Model 3,2024,46251.594914306355,20330.0,Like New,Siem Reap,Silver,60/82,430-576,208,6.1,Authorized Dealer,GB-T/CCS2,23-03-2020,Synthetic (New Formula)
Hyundai,Hyundai Ioniq 6,2025,60978.81991650943,55440.0,New,Phnom Penh,Black,53/77.4,429-614,151,8.1,Dealer,GB-T/CCS2,10/11/2023,Synthetic (New Formula)
Mercedes,Mercedes EQB,2023,65846.748349115,20330.0,Excellent,Kampot,White,66.5,419,168,8.0,Dealer,GB-T/CCS2,28-08-2025,Synthetic (New Formula)
Hyundai,Hyundai Ioniq 6,2023,56104.51515662654,14196.0,Like New,Phnom Penh,Blue,53/77.4,429-614,151,8.1,Dealer,GB-T/CCS2,15-01-2024,Synthetic (New Formula)
Hyundai,Hyundai Ioniq 5,2023,44453.9753107198,24574.0,Excellent,Phnom Penh,Blue,58/72.6,354-488,125,7.4,Authorized Dealer,GB-T/CCS2,9/2/2025,Synthetic (New Formula)
Deepal,Deepal S07,2025,53625.60599044362,33635.0,New,Phnom Penh,White,31.6/80,200 PHEV,190,6.7,Private,GB-T/CCS2,18-05-2025,Synthetic (New Formula)
Denza,Denza D9,2025,77438.05660934976,1183.0,Excellent,Phnom Penh,Pearl White,103,600,230,6.9,Authorized Dealer,GB-T/CCS2,16-08-2025,Synthetic (New Formula)
MG,MG 4 EV,2024,27013.20983892307,18202.0,Good,Phnom Penh,Grey,51/64/77,350-520,125,7.7,Dealer,GB-T/CCS2,28-08-2022,Synthetic (New Formula)
Mercedes,Mercedes EQB,2023,61671.71474933378,12844.0,Excellent,Phnom Penh,Red,66.5,419,168,8.0,Dealer,GB-T/CCS2,16-08-2022,Synthetic (New Formula)
Zeekr,Zeekr 001,2023,76992.73206118912,37350.0,New,Kampong Cham,Blue,86/100,560-620,200,3.3,Private,GB-T/CCS2,5/5/2023,Synthetic (New Formula)
XPeng,XPeng G6,2025,45372.764986233706,39790.0,Like New,Siem Reap,Silver,66/87.5,435-570,190,6.2,Private,GB-T/CCS2,11/10/2024,Synthetic (New Formula)
VinFast,VinFast VF 9,2024,66951.9124050955,27347.0,New,Phnom Penh,Orange,123,438,300,6.5,Authorized Dealer,GB-T/CCS2,24-08-2023,Synthetic (New Formula)
AION,AION V,2024,43644.543464411014,58023.0,New,Phnom Penh,White,68.8/80,480-610,165,7.1,Dealer,GB-T/CCS2,1/8/2025,Synthetic (New Formula)
MG,MG 5,2023,21580.310553572683,17034.0,Like New,Siem Reap,Black,61.1,403,130,7.7,Authorized Dealer,GB-T/CCS2,9/5/2025,Synthetic (New Formula)
BYD,BYD Seagull,2024,19775.823535232346,14235.0,Like New,Preah Vihear,White,30/38.88,190-305,55,,Private,GB-T/CCS2,17-03-2023,Synthetic (New Formula)
Kia,Kia EV9,2024,75082.28286699463,24525.0,Like New,Sihanoukville,White,99.8,541,283,5.3,Dealer,GB-T/CCS2,28-12-2023,Synthetic (New Formula)
Zeekr,Zeekr 001,2022,73266.98868732067,1060.0,New,Preah Vihear,Silver,86/100,560-620,200,3.3,Authorized Dealer,GB-T/CCS2,5/6/2025,Synthetic (New Formula)
XPeng,XPeng G6,2025,47088.40660495208,15376.0,Excellent,Phnom Penh,Grey,66/87.5,435-570,190,6.2,Authorized Dealer,GB-T/CCS2,27-01-2025,Synthetic (New Formula)
AION,AION ES,2024,29867.074036849037,0.0,New,Phnom Penh,White,55.6,410,150,7.5,Authorized Dealer,GB-T/CCS2,2/5/2025,Synthetic (New Formula)
Nissan,Nissan Leaf,2023,29155.788473364464,8325.0,Fair,Kampot,Black,40/62,240-385,110,7.0,Authorized Dealer,GB-T/CCS2,4/8/2021,Synthetic (New Formula)
BYD,BYD Seagull,2023,18980.227410189436,0.0,New,Battambang,Black,30/38.88,190-305,55,,Authorized Dealer,GB-T/CCS2,14-01-2025,Synthetic (New Formula)
BMW,BMW iX1,2024,58568.52591971543,39970.0,Like New,Phnom Penh,Silver,64.7,417,150,8.6,Private,GB-T/CCS2,7/4/2022,Synthetic (New Formula)
Deepal,Deepal S07,2023,57282.053693808375,52871.0,Like New,Kampot,White,31.6/80,200 PHEV,190,6.7,Dealer,GB-T/CCS2,4/12/2024,Synthetic (New Formula)
Hyundai,Hyundai Ioniq 5,2023,42987.103686905284,3660.0,New,Kampong Cham,Blue,58/72.6,354-488,125,7.4,Private,GB-T/CCS2,8/10/2023,Synthetic (New Formula)
Tesla,Tesla Model 3,2024,51223.42952756623,43513.0,New,Siem Reap,White,60/82,430-576,208,6.1,Dealer,GB-T/CCS2,2/8/2023,Synthetic (New Formula)
BYD,BYD Tang,2024,68869.68195802622,33635.0,Excellent,Phnom Penh,Green,86.4/108.8,400-530,180,4.6,Dealer,GB-T/CCS2,26-08-2021,Synthetic (New Formula)
BYD,BYD Atto 2,2022,24631.195765218057,1100.0,Excellent,Phnom Penh,Silver,45.1,312-401,130,7.9,Dealer,GB-T/CCS2,12/9/2024,Synthetic (New Formula)
Hyundai,Hyundai Ioniq 5,2022,49420.65639029449,58023.0,Like New,Kampong Cham,Grey,58/72.6,354-488,125,7.4,Dealer,GB-T/CCS2,20-06-2021,Synthetic (New Formula)
Tesla,Tesla Model Y,2024,60861.090028929844,24771.0,New,Siem Reap,White,60/75/82,430-600,220,6.9,Private,GB-T/CCS2,9/7/2023,Synthetic (New Formula)
XPeng,XPeng G6,2022,48954.61521821968,22885.0,Excellent,Kep,White,66/87.5,435-570,190,6.2,Dealer,GB-T/CCS2,15-04-2025,Synthetic (New Formula)
BYD,BYD Seal,2025,37532.572354233525,34545.0,Excellent,Sihanoukville,White,61.4/82.5,400-550,150,3.8,Private,GB-T/CCS2,26-08-2024,Synthetic (New Formula)
Kia,Kia EV6,2025,50392.114498034156,3316.0,Excellent,Kampong Cham,Grey,77.4,484,168,7.1,Private,GB-T/CCS2,6/5/2025,Synthetic (New Formula)
Avatr,Avatr 07,2022,45896.388309267306,13536.0,New,Phnom Penh,Cosmos Black,62.2/100.5,420-621,190,4.9,Dealer,GB-T/CCS2,2/6/2024,Synthetic (New Formula)
Kia,Kia EV6,2022,52714.718781936535,22512.0,Like New,Phnom Penh,White,77.4,484,168,7.1,Authorized Dealer,GB-T/CCS2,25-10-2024,Synthetic (New Formula)
Kia,Kia EV9,2025,81829.7155182813,24486.0,New,Kampot,Grey,99.8,541,283,5.3,Authorized Dealer,GB-T/CCS2,5/3/2023,Synthetic (New Formula)
AITO,AITO M5,2023,44128.70939811262,4170.0,New,Kampot,White,40,200 PHEV,200,4.8,Authorized Dealer,GB-T/CCS2,17-05-2023,Synthetic (New Formula)
Avatr,Avatr 11,2023,66376.33144161839,5610.0,Excellent,Sihanoukville,Green,90/116,555-700,230,3.9,Dealer,GB-T/CCS2,4/11/2022,Synthetic (New Formula)
BYD,BYD Seal,2024,36927.31543528027,22960.0,Like New,Sihanoukville,White,61.4/82.5,400-550,150,3.8,Private,GB-T/CCS2,26-08-2024,Synthetic (New Formula)
AITO,AITO M5,2024,46957.59136064804,23517.0,Like New,Battambang,Grey,40,200 PHEV,200,4.8,Private,GB-T/CCS2,2/1/2025,Synthetic (New Formula)
Leapmotor,Leapmotor T03,2024,12422.617976133351,10329.0,New,Phnom Penh,White,41.3,403,80,,Private,GB-T/CCS2,25-07-2024,Synthetic (New Formula)
BYD,BYD Han,2021,69467.63906304096,43953.0,Excellent,Battambang,Silver,76.9/85.4,500-610,180,3.9,Dealer,GB-T/CCS2,1/3/2021,Synthetic (New Formula)
BYD,BYD Dolphin,2025,26192.13153704889,27300.0,Fair,Koh Kong,Black,44.9/60.5,310-420,70,7.5,Dealer,GB-T/CCS2,8/11/2022,Synthetic (New Formula)
BYD,BYD Sealion 6,2022,47056.998587815135,4240.0,New,Phnom Penh,Black,18.3,80-100 PHEV,145,8.5,Authorized Dealer,GB-T/CCS2,27-08-2024,Synthetic (New Formula)
VinFast,VinFast VF 9,2025,65618.74382683095,23722.0,Good,Phnom Penh,White,123,438,300,6.5,Private,GB-T/CCS2,11/1/2024,Synthetic (New Formula)
Deepal,Deepal S07,2021,56737.7122541212,18145.0,Like New,Kampot,White,31.6/80,200 PHEV,190,6.7,Dealer,GB-T/CCS2,4/12/2024,Synthetic (New Formula)
BYD,BYD Seagull,2024,19249.385368752228,7928.0,New,Phnom Penh,Grey,30/38.88,190-305,55,,Authorized Dealer,GB-T/CCS2,12/9/2023,Synthetic (New Formula)
Tesla,Tesla Model Y,2024,56509.36100165757,0.0,New,Siem Reap,Silver,60/75/82,430-600,220,6.9,Private,GB-T/CCS2,11/5/2025,Synthetic (New Formula)
XPeng,XPeng G6,2022,52621.60125116517,23517.0,New,Battambang,Green,66/87.5,435-570,190,6.2,Authorized Dealer,GB-T/CCS2,15-12-2023,Synthetic (New Formula)
MG,MG 4 EV,2024,24729.152113330034,0.0,Fair,Siem Reap,Silver,51/64/77,350-520,125,7.7,Authorized Dealer,GB-T/CCS2,3/5/2022,Synthetic (New Formula)
Zeekr,Zeekr X,2023,59529.68557056132,55154.0,New,Phnom Penh,Red,66,440,200,5.6,Authorized Dealer,GB-T/CCS2,2/6/2023,Synthetic (New Formula)
Kia,Kia EV6,2023,49321.33115119685,0.0,Excellent,Phnom Penh,White,77.4,484,168,7.1,Private,GB-T/CCS2,18-02-2023,Synthetic (New Formula)
AITO,AITO M7,2024,57470.22701421064,24771.0,Good,Battambang,Grey,40,200 PHEV,330,4.8,Dealer,GB-T/CCS2,18-01-2025,Synthetic (New Formula)
Deepal,Deepal S07,2024,50382.33987292977,11304.0,New,Phnom Penh,White,31.6/80,200 PHEV,190,6.7,Dealer,GB-T/CCS2,24-09-2024,Synthetic (New Formula)
MG,MG 4 EV,2024,24574.928866737686,8073.0,Excellent,Phnom Penh,Pearl White,51/64/77,350-520,125,7.7,Private,GB-T/CCS2,15-10-2023,Synthetic (New Formula)
BYD,BYD Seal 5,2024,21842.883482435715,22770.0,Like New,Battambang,White,15.8,80 PHEV,110,7.9,Authorized Dealer,GB-T/CCS2,21-04-2025,Synthetic (New Formula)
Hyundai,Hyundai Ioniq 5,2024,45645.97067293016,27027.0,Excellent,Siem Reap,Black,58/72.6,354-488,125,7.4,Private,GB-T/CCS2,5/2/2022,Synthetic (New Formula)
Toyota,Toyota bZ5,2024,41395.41785405226,29400.0,Fair,Phnom Penh,White,71.2,630,180,6.8,Authorized Dealer,GB-T/CCS2,4/4/2025,Synthetic (New Formula)
MG,MG 5,2023,22419.54092108891,5120.0,Like New,Phnom Penh,Blue,61.1,403,130,7.7,Authorized Dealer,GB-T/CCS2,2/2/2021,Synthetic (New Formula)
Hyundai,Hyundai Ioniq 5,2025,41187.07659556842,16282.0,Like New,Kratie,White,58/72.6,354-488,125,7.4,Dealer,GB-T/CCS2,10/11/2022,Synthetic (New Formula)
Kia,Kia EV9,2025,79530.66529610215,38064.0,New,Phnom Penh,Black,99.8,541,283,5.3,Dealer,GB-T/CCS2,15-09-2023,Synthetic (New Formula)
MG,MG ZS EV,2021,33614.02322041319,47025.0,New,Siem Reap,Grey,50.3/72.6,320-440,115,8.6,Private,GB-T/CCS2,5/5/2021,Synthetic (New Formula)
Zeekr,Zeekr 001,2023,79168.10988329773,41940.0,Good,Phnom Penh,Black,86/100,560-620,200,3.3,Authorized Dealer,GB-T/CCS2,3/10/2025,Synthetic (New Formula)
Zeekr,Zeekr 001,2025,70741.06364795001,4120.0,New,Preah Vihear,Silver,86/100,560-620,200,3.3,Authorized Dealer,GB-T/CCS2,5/6/2025,Synthetic (New Formula)
MG,MG 5,2025,21793.76544745871,12780.0,Like New,Battambang,White,61.1,403,130,7.7,Authorized Dealer,GB-T/CCS2,15-01-2025,Synthetic (New Formula)
Denza,Denza D9,2023,86059.60320737312,27347.0,Like New,Battambang,Silver,103,600,230,6.9,Authorized Dealer,GB-T/CCS2,18-04-2022,Synthetic (New Formula)
AITO,AITO M5,2020,53105.80340997503,35598.0,Good,Kampong Cham,Black,40,200 PHEV,200,4.8,Private,GB-T/CCS2,10/3/2022,Synthetic (New Formula)
XPeng,XPeng G6,2023,48605.156890523394,9536.0,New,Phnom Penh,Blue,66/87.5,435-570,190,6.2,Dealer,GB-T/CCS2,25-09-2023,Synthetic (New Formula)
Leapmotor,Leapmotor T03,2025,13513.612996071428,39100.0,Excellent,Battambang,White,41.3,403,80,,Authorized Dealer,GB-T/CCS2,10/1/2024,Synthetic (New Formula)
Tesla,Tesla Model 3,2024,47406.155033619645,8640.0,New,Sihanoukville,Black,60/82,430-576,208,6.1,Authorized Dealer,GB-T/CCS2,27-11-2021,Synthetic (New Formula)
BYD,BYD Sealion 6,2025,47179.488417251065,29700.0,Like New,Battambang,Grey,18.3,80-100 PHEV,145,8.5,Authorized Dealer,GB-T/CCS2,3/12/2023,Synthetic (New Formula)
BYD,BYD Dolphin,2022,24685.18591780917,6114.0,Like New,Phnom Penh,Cosmos Black,44.9/60.5,310-420,70,7.5,Dealer,GB-T/CCS2,28-07-2023,Synthetic (New Formula)
Avatr,Avatr 11,2024,67369.47304509357,18432.0,Like New,Kep,Grey,90/116,555-700,230,3.9,Private,GB-T/CCS2,9/10/2024,Synthetic (New Formula)
MG,MG 5,2024,20763.876960451915,0.0,Good,Phnom Penh,Blue,61.1,403,130,7.7,Authorized Dealer,GB-T/CCS2,2/2/2021,Synthetic (New Formula)
AITO,AITO M5,2024,46165.45395460383,24360.0,Excellent,Kampot,White,40,200 PHEV,200,4.8,Authorized Dealer,GB-T/CCS2,17-05-2023,Synthetic (New Formula)
MG,MG ZS EV,2024,28419.449453872407,8973.0,New,Phnom Penh,Grey,50.3/72.6,320-440,115,8.6,Authorized Dealer,GB-T/CCS2,5/2/2021,Synthetic (New Formula)
Zeekr,Zeekr X,2023,55177.58220499767,4250.0,Like New,Kep,Cosmos Black,66,440,200,5.6,Private,GB-T/CCS2,4/2/2024,Synthetic (New Formula)
BYD,BYD Dolphin,2022,27661.958635371786,14235.0,New,Kratie,Blue,44.9/60.5,310-420,70,7.5,Dealer,GB-T/CCS2,17-04-2024,Synthetic (New Formula)
Mercedes,Mercedes EQB,2025,66259.87076079965,28440.0,Like New,Phnom Penh,Black,66.5,419,168,8.0,Private,GB-T/CCS2,5/6/2021,Synthetic (New Formula)
MG,MG 5,2025,20918.44823635118,8760.0,Like New,Siem Reap,Silver,61.1,403,130,7.7,Dealer,GB-T/CCS2,22-10-2024,Synthetic (New Formula)
BYD,BYD Seal,2024,36719.231838696294,39970.0,New,Battambang,Black,61.4/82.5,400-550,150,3.8,Private,GB-T/CCS2,22-05-2023,Synthetic (New Formula)
Arcfox,Arcfox Koala S,2024,28111.65203906012,24248.0,Like New,Phnom Penh,White,42.8,301,120,8.5,Authorized Dealer,GB-T/CCS2,24-07-2024,Synthetic (New Formula)
MG,MG ZS EV,2022,29314.262557781007,8073.0,Good,Siem Reap,White,50.3/72.6,320-440,115,8.6,Authorized Dealer,GB-T/CCS2,14-09-2023,Synthetic (New Formula)
Zeekr,Zeekr 001,2023,75045.2285301852,10270.0,New,Phnom Penh,White,86/100,560-620,200,3.3,Dealer,GB-T/CCS2,15-02-2023,Synthetic (New Formula)
Tesla,Tesla Model Y,2024,62389.52329564525,8020.0,Excellent,Phnom Penh,Grey,60/75/82,430-600,220,6.9,Private,GB-T/CCS2,28-02-2024,Synthetic (New Formula)
Tesla,Tesla Model Y,2025,58662.53700972749,9900.0,Excellent,Phnom Penh,Cosmos Black,60/75/82,430-600,220,6.9,Authorized Dealer,GB-T/CCS2,2/1/2023,Synthetic (New Formula)
MG,MG 5,2023,22825.212728365565,10197.0,Like New,Siem Reap,White,61.1,403,130,7.7,Authorized Dealer,GB-T/CCS2,22-12-2022,Synthetic (New Formula)
Zeekr,Zeekr 007,2023,63747.97065541235,18649.0,Excellent,Phnom Penh,Black,75/100,530-688,310,3.5,Private,GB-T/CCS2,13-03-2024,Synthetic (New Formula)
Kia,Kia EV9,2021,79852.75924547976,1147.0,New,Phnom Penh,Grey,99.8,541,283,5.3,Authorized Dealer,GB-T/CCS2,12/1/2025,Synthetic (New Formula)
Zeekr,Zeekr X,2024,57041.78302754674,33087.0,Like New,Phnom Penh,Black,66,440,200,5.6,Authorized Dealer,GB-T/CCS2,16-11-2024,Synthetic (New Formula)
Zeekr,Zeekr 001,2025,69781.66922258628,7504.0,New,Phnom Penh,White,86/100,560-620,200,3.3,Private,GB-T/CCS2,19-01-2024,Synthetic (New Formula)
Avatr,Avatr 11,2024,69995.62077085857,19566.0,New,Phnom Penh,White,90/116,555-700,230,3.9,Authorized Dealer,GB-T/CCS2,27-08-2025,Synthetic (New Formula)
Tesla,Tesla Model 3,2024,45708.35989968442,4240.0,New,Sihanoukville,Silver,60/82,430-576,208,6.1,Dealer,GB-T/CCS2,3/1/2022,Synthetic (New Formula)
AION,AION V,2024,37848.71315176638,7511.0,Fair,Phnom Penh,Silver,68.8/80,480-610,165,7.1,Dealer,GB-T/CCS2,7/6/2024,Synthetic (New Formula)
BYD,BYD Han,2022,71188.52312038829,47300.0,New,Kep,White,76.9/85.4,500-610,180,3.9,Authorized Dealer,GB-T/CCS2,23-05-2023,Synthetic (New Formula)
Toyota,Toyota bZ4X,2025,44347.95772652949,6792.0,Like New,Phnom Penh,Pearl White,71.4,500,150,7.1,Private,GB-T/CCS2,28-04-2024,Synthetic (New Formula)
Avatr,Avatr 11,2025,61308.9276662803,0.0,New,Phnom Penh,Grey,90/116,555-700,230,3.9,Authorized Dealer,GB-T/CCS2,9/2/2023,Synthetic (New Formula)
VinFast,VinFast VF 6,2023,26837.95504579041,25564.0,Good,Phnom Penh,White,59.6,399,110,,Dealer,GB-T/CCS2,23-08-2024,Synthetic (New Formula)
Kia,Kia EV6,2025,52400.99293337871,41940.0,Good,Phnom Penh,Black,77.4,484,168,7.1,Authorized Dealer,GB-T/CCS2,3/4/2024,Synthetic (New Formula)
BYD,BYD Sealion 7,2024,47866.266635057276,55016.0,Like New,Phnom Penh,Silver,71.8/91.3,460-567,230,4.5,Dealer,GB-T/CCS2,11/5/2025,Synthetic (New Formula)
AITO,AITO M5,2024,45137.29154507724,8832.0,New,Phnom Penh,Grey,40,200 PHEV,200,4.8,Dealer,GB-T/CCS2,6/4/2024,Synthetic (New Formula)
VinFast,VinFast VF 8,2024,46543.13450419849,33012.0,Good,Phnom Penh,Grey,82/87.5,420-500,150,5.5,Private,GB-T/CCS2,11/2/2023,Synthetic (New Formula)
VinFast,VinFast VF 8,2025,41818.16481544823,10673.0,New,Kampong Cham,Blue,82/87.5,420-500,150,5.5,Dealer,GB-T/CCS2,12/5/2025,Synthetic (New Formula)
BYD,BYD Dolphin,2025,24198.12458891671,17034.0,Excellent,Phnom Penh,Silver,44.9/60.5,310-420,70,7.5,Dealer,GB-T/CCS2,3/5/2025,Synthetic (New Formula)
BYD,BYD Seagull,2024,18756.013958893986,7224.0,Like New,Siem Reap,White,30/38.88,190-305,55,,Private,GB-T/CCS2,23-02-2024,Synthetic (New Formula)
Mercedes,Mercedes EQB,2024,64637.83508989153,895.0,Like New,Phnom Penh,Black,66.5,419,168,8.0,Private,GB-T/CCS2,28-02-2025,Synthetic (New Formula)
AITO,AITO M7,2023,64793.04919676347,34545.0,Excellent,Phnom Penh,Black,40,200 PHEV,330,4.8,Dealer,GB-T/CCS2,19-11-2022,Synthetic (New Formula)
Hyundai,Hyundai Ioniq 6,2024,52819.48209292991,2346.0,New,Phnom Penh,White,53/77.4,429-614,151,8.1,Dealer,GB-T/CCS2,12/7/2024,Synthetic (New Formula)
VinFast,VinFast VF 8,2024,45166.02976904758,13824.0,New,Phnom Penh,Silver,82/87.5,420-500,150,5.5,Private,GB-T/CCS2,12/8/2025,Synthetic (New Formula)
MG,MG ZS EV,2025,27923.245882725252,1183.0,Like New,Phnom Penh,Silver,50.3/72.6,320-440,115,8.6,Dealer,GB-T/CCS2,21-10-2024,Synthetic (New Formula)
BYD,BYD Tang,2025,63867.51365213955,14127.0,New,Battambang,Grey,86.4/108.8,400-530,180,4.6,Private,GB-T/CCS2,12/11/2021,Synthetic (New Formula)
Mercedes,Mercedes EQB,2024,60777.19773897503,0.0,New,Kampot,White,66.5,419,168,8.0,Dealer,GB-T/CCS2,28-08-2025,Synthetic (New Formula)
BYD,BYD Sealion 7,2024,47170.89037371014,38418.0,Excellent,Kampot,White,71.8/91.3,460-567,230,4.5,Private,GB-T/CCS2,15-02-2025,Synthetic (New Formula)
VinFast,VinFast VF 8,2021,47786.362221079864,22097.0,Excellent,Kratie,White,82/87.5,420-500,150,5.5,Private,GB-T/CCS2,12/5/2023,Synthetic (New Formula)
MG,MG 5,2025,22302.880055198657,29896.0,New,Kampot,Black,61.1,403,130,7.7,Authorized Dealer,GB-T/CCS2,17-11-2021,Synthetic (New Formula)
Avatr,Avatr 11,2021,67681.8578885631,0.0,Excellent,Phnom Penh,Red,90/116,555-700,230,3.9,Dealer,GB-T/CCS2,1/1/2025,Synthetic (New Formula)
AION,AION V,2023,44334.23106322648,43746.0,Excellent,Phnom Penh,Black,68.8/80,480-610,165,7.1,Private,GB-T/CCS2,15-02-2025,Synthetic (New Formula)
MG,MG ZS EV,2023,26996.764173622185,0.0,New,Phnom Penh,White,50.3/72.6,320-440,115,8.6,Authorized Dealer,GB-T/CCS2,10/8/2021,Synthetic (New Formula)
BYD,BYD Dolphin,2023,27907.498993939178,34545.0,New,Sihanoukville,Black,44.9/60.5,310-420,70,7.5,Dealer,GB-T/CCS2,3/2/2022,Synthetic (New Formula)
VinFast,VinFast VF 6,2024,25357.3044814193,20856.0,New,Siem Reap,Silver,59.6,399,110,,Private,GB-T/CCS2,6/5/2025,Synthetic (New Formula)
Tesla,Tesla Model 3,2021,50120.58620747387,11956.0,New,Kampong Cham,White,60/82,430-576,208,6.1,Private,GB-T/CCS2,5/8/2021,Synthetic (New Formula)
BMW,BMW iX1,2020,64040.224419675455,29853.0,Excellent,Phnom Penh,White,64.7,417,150,8.6,Private,GB-T/CCS2,9/1/2024,Synthetic (New Formula)
BYD,BYD Atto 3,2023,29362.88408332846,0.0,Excellent,Sihanoukville,Grey,50/60.5,340-420,150,7.3,Authorized Dealer,GB-T/CCS2,28-02-2024,Synthetic (New Formula)
VinFast,VinFast VF 6,2024,25314.742802210578,19362.0,New,Sihanoukville,Silver,59.6,399,110,,Dealer,GB-T/CCS2,27-08-2025,Synthetic (New Formula)
VinFast,VinFast VF 6,2025,25741.32337930752,26625.0,Like New,Siem Reap,Silver,59.6,399,110,,Private,GB-T/CCS2,6/5/2025,Synthetic (New Formula)
VinFast,VinFast VF 6,2025,26013.369971782566,5755.0,New,Sihanoukville,White,59.6,399,110,,Private,GB-T/CCS2,11/12/2023,Synthetic (New Formula)
BYD,BYD Atto 3,2023,31548.765324375177,14922.0,New,Battambang,Red,50/60.5,340-420,150,7.3,Dealer,GB-T/CCS2,25-07-2025,Synthetic (New Formula)
Tesla,Tesla Model Y,2023,63366.6675317304,27347.0,Like New,Phnom Penh,White,60/75/82,430-600,220,6.9,Authorized Dealer,GB-T/CCS2,14-08-2024,Synthetic (New Formula)
Zeekr,Zeekr X,2023,54095.230837046314,4170.0,New,Phnom Penh,Red,66,440,200,5.6,Authorized Dealer,GB-T/CCS2,11/12/2023,Synthetic (New Formula)
Zeekr,Zeekr 001,2023,84821.85749550255,52118.0,Like New,Battambang,Silver,86/100,560-620,200,3.3,Authorized Dealer,GB-T/CCS2,18-03-2022,Synthetic (New Formula)
BYD,BYD Seal 5,2024,22207.630102779098,6825.0,Fair,Preah Vihear,White,15.8,80 PHEV,110,7.9,Authorized Dealer,GB-T/CCS2,1/5/2024,Synthetic (New Formula)
Zeekr,Zeekr X,2024,54281.07940305712,24360.0,Excellent,Siem Reap,Blue,66,440,200,5.6,Authorized Dealer,GB-T/CCS2,13-08-2024,Synthetic (New Formula)
BYD,BYD Atto 3,2025,31408.910587753406,44680.0,Good,Phnom Penh,Black,50/60.5,340-420,150,7.3,Dealer,GB-T/CCS2,8/3/2022,Synthetic (New Formula)
Kia,Kia EV9,2023,74526.67322299874,10320.0,New,Phnom Penh,Black,99.8,541,283,5.3,Dealer,GB-T/CCS2,20-05-2025,Synthetic (New Formula)
BMW,BMW iX1,2024,59930.1851290912,22770.0,New,Phnom Penh,Red,64.7,417,150,8.6,Dealer,GB-T/CCS2,4/12/2022,Synthetic (New Formula)
Tesla,Tesla Model 3,2024,48134.438869084224,4740.0,Good,Phnom Penh,White,60/82,430-576,208,6.1,Dealer,GB-T/CCS2,12/10/2024,Synthetic (New Formula)
Denza,Denza D9,2025,81408.3023407941,16966.0,New,Battambang,Silver,103,600,230,6.9,Authorized Dealer,GB-T/CCS2,16-07-2023,Synthetic (New Formula)
Nissan,Nissan Leaf,2023,27470.408126408714,12195.0,Excellent,Battambang,Black,40/62,240-385,110,7.0,Private,GB-T/CCS2,26-02-2022,Synthetic (New Formula)
BYD,BYD Atto 3,2023,30558.285849206033,4170.0,New,Phnom Penh,White,50/60.5,340-420,150,7.3,Private,GB-T/CCS2,9/11/2024,Synthetic (New Formula)
VinFast,VinFast VF 8,2024,42879.862623712535,20660.0,New,Phnom Penh,White,82/87.5,420-500,150,5.5,Private,GB-T/CCS2,13-07-2024,Synthetic (New Formula)
Xiaomi,Xiaomi SU7,2021,83995.91062565902,28890.0,Good,Phnom Penh,Black,73.6/94.3,495-830,220,5.3,Private,GB-T/CCS2,3/6/2024,Synthetic (New Formula)
BMW,BMW iX1,2023,66585.04911703788,59472.0,Like New,Siem Reap,White,64.7,417,150,8.6,Authorized Dealer,GB-T/CCS2,22-08-2023,Synthetic (New Formula)
Denza,Denza D9,2024,85513.7469051112,29700.0,Like New,Phnom Penh,Cosmos Black,103,600,230,6.9,Authorized Dealer,GB-T/CCS2,10/4/2023,Synthetic (New Formula)
Zeekr,Zeekr 001,2024,70865.42582026578,4132.0,Like New,Kampot,White,86/100,560-620,200,3.3,Dealer,GB-T/CCS2,15-02-2025,Synthetic (New Formula)
MG,MG 5,2024,23033.762259992243,39732.0,Fair,Kep,Red,61.1,403,130,7.7,Dealer,GB-T/CCS2,23-09-2020,Synthetic (New Formula)
MG,MG ZS EV,2023,29185.814978940776,10538.0,Fair,Phnom Penh,Grey,50.3/72.6,320-440,115,8.6,Authorized Dealer,GB-T/CCS2,5/2/2021,Synthetic (New Formula)
Zeekr,Zeekr X,2021,57163.92940473611,10197.0,New,Koh Kong,Grey,66,440,200,5.6,Dealer,GB-T/CCS2,23-05-2024,Synthetic (New Formula)
BYD,BYD Dolphin,2022,25954.751420445606,16338.0,New,Kratie,Blue,44.9/60.5,310-420,70,7.5,Dealer,GB-T/CCS2,17-04-2024,Synthetic (New Formula)
XPeng,XPeng G6,2025,49872.22746057689,55154.0,Like New,Kep,White,66/87.5,435-570,190,6.2,Dealer,GB-T/CCS2,15-04-2025,Synthetic (New Formula)
Tesla,Tesla Model 3,2025,47882.45074414924,28650.0,Excellent,Phnom Penh,Silver,60/82,430-576,208,6.1,Private,GB-T/CCS2,22-06-2020,Synthetic (New Formula)
MG,MG ZS EV,2023,30514.114636476825,32310.0,Like New,Phnom Penh,Black,50.3/72.6,320-440,115,8.6,Private,GB-T/CCS2,28-10-2022,Synthetic (New Formula)
AION,AION V,2025,37887.99183247823,15195.0,Excellent,Phnom Penh,Grey,68.8/80,480-610,165,7.1,Private,GB-T/CCS2,27-09-2024,Synthetic (New Formula)
Nissan,Nissan Leaf,2022,33137.359287422136,38484.0,New,Siem Reap,Grey,40/62,240-385,110,7.0,Authorized Dealer,GB-T/CCS2,12/5/2024,Synthetic (New Formula)
Avatr,Avatr 11,2025,65355.71111567734,43350.0,New,Phnom Penh,Cosmos Black,90/116,555-700,230,3.9,Private,GB-T/CCS2,15-05-2023,Synthetic (New Formula)
Nissan,Nissan Leaf,2023,28677.7756730161,4995.0,Like New,Phnom Penh,Grey,40/62,240-385,110,7.0,Authorized Dealer,GB-T/CCS2,23-04-2025,Synthetic (New Formula)
Avatr,Avatr 11,2025,66609.47665555221,22960.0,Like New,Phnom Penh,Blue,90/116,555-700,230,3.9,Authorized Dealer,GB-T/CCS2,18-08-2022,Synthetic (New Formula)
BYD,BYD Seal,2023,37187.63100036317,7980.0,Like New,Sihanoukville,Grey,61.4/82.5,400-550,150,3.8,Private,GB-T/CCS2,18-02-2025,Synthetic (New Formula)
MG,MG 5,2025,22810.020009604363,28890.0,New,Siem Reap,White,61.1,403,130,7.7,Authorized Dealer,GB-T/CCS2,22-12-2022,Synthetic (New Formula)
BYD,BYD Han,2025,61914.910659142144,24075.0,Excellent,Phnom Penh,White,76.9/85.4,500-610,180,3.9,Dealer,GB-T/CCS2,12/5/2024,Synthetic (New Formula)
MG,MG 4 EV,2024,27995.014020588,56524.0,Like New,Siem Reap,Silver,51/64/77,350-520,125,7.7,Authorized Dealer,GB-T/CCS2,3/5/2022,Synthetic (New Formula)
BYD,BYD Atto 2,2025,23499.400152526046,8728.0,Excellent,Siem Reap,White,45.1,312-401,130,7.9,Authorized Dealer,GB-T/CCS2,23-05-2025,Synthetic (New Formula)
MG,MG ZS EV,2022,30059.98188062078,18530.0,Like New,Phnom Penh,Cosmos Black,50.3/72.6,320-440,115,8.6,Authorized Dealer,GB-T/CCS2,9/11/2021,Synthetic (New Formula)
Kia,Kia EV5,2022,34868.57425370729,4212.0,Excellent,Phnom Penh,Silver,64.2/88,400-600,160,7.5,Dealer,GB-T/CCS2,28-06-2023,Synthetic (New Formula)
Xiaomi,Xiaomi SU7,2022,94414.9747332138,52871.0,Excellent,Phnom Penh,Silver,73.6/94.3,495-830,220,5.3,Authorized Dealer,GB-T/CCS2,3/1/2025,Synthetic (New Formula)
Toyota,Toyota bZ4X,2021,45954.906934094106,5525.0,New,Sihanoukville,Black,71.4,500,150,7.1,Private,GB-T/CCS2,26-07-2024,Synthetic (New Formula)
BYD,BYD Tang,2021,70027.99011404863,19719.0,Good,Kep,White,86.4/108.8,400-530,180,4.6,Dealer,GB-T/CCS2,6/1/2022,Synthetic (New Formula)
Kia,Kia EV6,2025,51342.65083146414,33694.0,Excellent,Phnom Penh,Black,77.4,484,168,7.1,Dealer,GB-T/CCS2,11/11/2023,Synthetic (New Formula)
VinFast,VinFast VF 6,2022,25999.927638396908,1108.0,New,Sihanoukville,Silver,59.6,399,110,,Dealer,GB-T/CCS2,4/12/2022,Synthetic (New Formula)
Mercedes,Mercedes EQB,2022,68238.82291377788,24390.0,Excellent,Phnom Penh,Black,66.5,419,168,8.0,Private,GB-T/CCS2,28-02-2025,Synthetic (New Formula)
Zeekr,Zeekr X,2023,55233.711628353165,944.0,Like New,Phnom Penh,Pearl White,66,440,200,5.6,Private,GB-T/CCS2,19-09-2025,Synthetic (New Formula)
Toyota,Toyota bZ5,2024,36973.10243529919,7504.0,New,Phnom Penh,White,71.2,630,180,6.8,Authorized Dealer,GB-T/CCS2,4/4/2025,Synthetic (New Formula)
Zeekr,Zeekr X,2022,60144.36681417687,36680.0,Like New,Phnom Penh,Black,66,440,200,5.6,Authorized Dealer,GB-T/CCS2,16-11-2024,Synthetic (New Formula)
Hyundai,Hyundai Ioniq 5,2022,47712.950015276394,43475.0,Like New,Siem Reap,White,58/72.6,354-488,125,7.4,Authorized Dealer,GB-T/CCS2,12/9/2021,Synthetic (New Formula)
Deepal,Deepal L07,2023,50218.29822884939,38760.0,New,Kratie,Black,31.6,200 PHEV,160,7.3,Authorized Dealer,GB-T/CCS2,5/5/2025,Synthetic (New Formula)
MG,MG ZS EV,2024,30238.597901644673,28890.0,Like New,Phnom Penh,White,50.3/72.6,320-440,115,8.6,Private,GB-T/CCS2,10/1/2025,Synthetic (New Formula)
BYD,BYD Seal 5,2025,22471.838225571057,26854.0,New,Sihanoukville,Red,15.8,80 PHEV,110,7.9,Authorized Dealer,GB-T/CCS2,4/7/2025,Synthetic (New Formula)
Denza,Denza D9,2025,80599.12621392525,18700.0,Excellent,Siem Reap,White,103,600,230,6.9,Authorized Dealer,GB-T/CCS2,8/1/2023,Synthetic (New Formula)
BYD,BYD Tang,2022,67217.32850731727,7569.0,New,Phnom Penh,Green,86.4/108.8,400-530,180,4.6,Dealer,GB-T/CCS2,26-08-2021,Synthetic (New Formula)
Denza,Denza D9,2024,86050.34779371067,28650.0,New,Phnom Penh,Silver,103,600,230,6.9,Authorized Dealer,GB-T/CCS2,18-10-2023,Synthetic (New Formula)
MG,MG 5,2025,20261.044431664686,0.0,Fair,Kampot,Black,61.1,403,130,7.7,Authorized Dealer,GB-T/CCS2,17-11-2021,Synthetic (New Formula)
